-- phpMyAdmin SQL Dump
-- version 5.2.0
-- https://www.phpmyadmin.net/
--
-- Host: 127.0.0.1
-- Generation Time: Apr 07, 2023 at 02:19 PM
-- Server version: 10.4.27-MariaDB
-- PHP Version: 8.2.0

SET SQL_MODE = "NO_AUTO_VALUE_ON_ZERO";
START TRANSACTION;
SET time_zone = "+00:00";


/*!40101 SET @OLD_CHARACTER_SET_CLIENT=@@CHARACTER_SET_CLIENT */;
/*!40101 SET @OLD_CHARACTER_SET_RESULTS=@@CHARACTER_SET_RESULTS */;
/*!40101 SET @OLD_COLLATION_CONNECTION=@@COLLATION_CONNECTION */;
/*!40101 SET NAMES utf8mb4 */;

--
-- Database: `gym`
--

-- --------------------------------------------------------

--
-- Table structure for table `days_per_weeks`
--

CREATE TABLE `days_per_weeks` (
  `id` bigint(20) UNSIGNED NOT NULL,
  `days` tinyint(4) NOT NULL,
  `idUser` bigint(20) UNSIGNED NOT NULL,
  `idReason` bigint(20) UNSIGNED DEFAULT NULL,
  `created_at` timestamp NULL DEFAULT NULL,
  `updated_at` timestamp NULL DEFAULT NULL
) ENGINE=InnoDB DEFAULT CHARSET=utf8mb4 COLLATE=utf8mb4_unicode_ci;

--
-- Dumping data for table `days_per_weeks`
--

INSERT INTO `days_per_weeks` (`id`, `days`, `idUser`, `idReason`, `created_at`, `updated_at`) VALUES
(3, 3, 2, 1, '2023-03-03 09:56:14', '2023-03-04 12:45:07'),
(8, 6, 7, 2, '2023-03-12 16:09:34', '2023-03-16 17:42:29'),
(9, 5, 8, NULL, '2023-03-17 13:54:10', '2023-03-17 13:54:10');

-- --------------------------------------------------------

--
-- Table structure for table `difficulties`
--

CREATE TABLE `difficulties` (
  `id` bigint(20) UNSIGNED NOT NULL,
  `name` varchar(50) NOT NULL
) ENGINE=InnoDB DEFAULT CHARSET=utf8mb4 COLLATE=utf8mb4_unicode_ci;

--
-- Dumping data for table `difficulties`
--

INSERT INTO `difficulties` (`id`, `name`) VALUES
(1, 'easy'),
(2, 'medium'),
(3, 'hard');

-- --------------------------------------------------------

--
-- Table structure for table `equipments`
--

CREATE TABLE `equipments` (
  `id` bigint(20) UNSIGNED NOT NULL,
  `name` varchar(255) NOT NULL
) ENGINE=InnoDB DEFAULT CHARSET=utf8mb4 COLLATE=utf8mb4_unicode_ci;

--
-- Dumping data for table `equipments`
--

INSERT INTO `equipments` (`id`, `name`) VALUES
(1, 'barbell'),
(2, 'bars'),
(3, 'bench'),
(4, 'body'),
(5, 'box'),
(6, 'cable'),
(7, 'dumbbells'),
(8, 'EZ bar'),
(9, 'hacken'),
(10, 'horizontal bar'),
(11, 'machine'),
(12, 'Smith Machine'),
(13, 'trapbar'),
(14, 'weights'),
(15, 'bench for hyperextension'),
(16, 'Scott bench'),
(17, 'Air bike'),
(18, 'Eliptical'),
(19, 'Rowing machine'),
(20, 'Skierg'),
(21, 'Spin bike'),
(22, 'Stepmill'),
(23, 'Treadmill');

-- --------------------------------------------------------

--
-- Table structure for table `exercises`
--

CREATE TABLE `exercises` (
  `id` bigint(20) UNSIGNED NOT NULL,
  `name` varchar(255) NOT NULL,
  `name_sk` varchar(255) NOT NULL,
  `path` varchar(255) DEFAULT NULL,
  `idprimary_exercised` bigint(20) UNSIGNED DEFAULT NULL,
  `idsecondary_exercised` bigint(20) UNSIGNED DEFAULT NULL,
  `idDifficulty` bigint(20) UNSIGNED NOT NULL,
  `idType` bigint(20) UNSIGNED NOT NULL,
  `idWhen_to_exercise` bigint(20) UNSIGNED NOT NULL,
  `created_at` timestamp NULL DEFAULT NULL,
  `updated_at` timestamp NULL DEFAULT NULL
) ENGINE=InnoDB DEFAULT CHARSET=utf8mb4 COLLATE=utf8mb4_unicode_ci;

--
-- Dumping data for table `exercises`
--

INSERT INTO `exercises` (`id`, `name`, `name_sk`, `path`, `idprimary_exercised`, `idsecondary_exercised`, `idDifficulty`, `idType`, `idWhen_to_exercise`, `created_at`, `updated_at`) VALUES
(1, 'Ab Crunch', 'Skracovačky', NULL, 2, NULL, 1, 1, 1, '0000-00-00 00:00:00', '0000-00-00 00:00:00'),
(2, 'Air bike', 'Vzdušný bicykel', NULL, NULL, NULL, 2, 2, 4, '0000-00-00 00:00:00', '0000-00-00 00:00:00'),
(3, 'Arnold Press', 'Tlaky jednoručiek nad hlavy s vytáčaním v spodnej fáze', NULL, 13, 15, 3, 1, 1, '0000-00-00 00:00:00', '0000-00-00 00:00:00'),
(4, 'Barbell Back Squat ', 'Drepy s veľkou činkou na chrbte', NULL, 12, 8, 3, 1, 1, '0000-00-00 00:00:00', '0000-00-00 00:00:00'),
(5, 'Barbell Front Raise', 'Zvihy veľkej činky pred telo s vyrovnanými rukami', NULL, 13, 14, 2, 1, 1, '0000-00-00 00:00:00', '0000-00-00 00:00:00'),
(6, 'Barbell Hip Trust', 'Tlaky veľkej činky s panvou', NULL, 8, 12, 3, 1, 1, '0000-00-00 00:00:00', '0000-00-00 00:00:00'),
(7, 'Barbell Shrug', 'Krčenie pliec s veľkou činkou ', NULL, 14, NULL, 1, 1, 1, '0000-00-00 00:00:00', '0000-00-00 00:00:00'),
(8, 'Bend Over Dumbbell Reverse Fly', 'Zapažovanie jednoručiek v predklone', NULL, 13, 14, 1, 1, 3, '0000-00-00 00:00:00', '0000-00-00 00:00:00'),
(9, 'Bend Over Dumbbell Row', 'Príťahy jednoručiek v predklone ', NULL, 4, 5, 2, 1, 2, '0000-00-00 00:00:00', '0000-00-00 00:00:00'),
(10, 'Bend Over Row', 'Príťahy veľkej činky v predklone   ', NULL, 4, 5, 2, 1, 1, '0000-00-00 00:00:00', '0000-00-00 00:00:00'),
(11, 'Benchpress', 'Tlaky s veľkou činkou na rovnej lavičke', NULL, 10, 15, 3, 1, 2, '0000-00-00 00:00:00', '0000-00-00 00:00:00'),
(12, 'Bodyweight Jump Squat', 'Drepy s výskokom ', NULL, 12, 6, 1, 1, 2, '0000-00-00 00:00:00', '0000-00-00 00:00:00'),
(13, 'Bodyweight Pistol Squat', 'Drepy na jednej nohe', NULL, 12, 8, 3, 1, 2, '0000-00-00 00:00:00', '0000-00-00 00:00:00'),
(14, 'Bodyweight Standing Calf Raise ', 'Výpony na lýtka v stoji s vlastnou váhou', NULL, 6, NULL, 1, 1, 1, '0000-00-00 00:00:00', '0000-00-00 00:00:00'),
(15, 'Bodyweight Step Up', 'Výstupy na lavičku s vlastnou váhou', NULL, 12, 8, 1, 1, 2, '0000-00-00 00:00:00', '0000-00-00 00:00:00'),
(16, 'Bodyweight Wall Squat', 'Drep s opretým chrbtom o stenu', NULL, 12, 8, 1, 1, 2, '0000-00-00 00:00:00', '0000-00-00 00:00:00'),
(17, 'Box Jump', 'Výskoky na bedňu', NULL, 12, 6, 2, 2, 2, '0000-00-00 00:00:00', '0000-00-00 00:00:00'),
(18, 'Bulgarian Squat', 'Bulharské drepy', NULL, 12, 8, 3, 1, 2, '0000-00-00 00:00:00', '0000-00-00 00:00:00'),
(19, 'Cable Crunch', 'Sťahovanie lana v kľači', NULL, 2, NULL, 2, 1, 1, '0000-00-00 00:00:00', '0000-00-00 00:00:00'),
(20, 'Cable Curl', 'Príťahy kladky na biceps', NULL, 5, 7, 1, 1, 1, '0000-00-00 00:00:00', '0000-00-00 00:00:00'),
(21, 'Cable Curl with Rope', 'Príťahy kladky na biceps s lanom', NULL, 5, 7, 2, 1, 2, '0000-00-00 00:00:00', '0000-00-00 00:00:00'),
(22, 'Cable Face Pull', 'Príťahy lana k tváry so zdvihnutými lakťami', NULL, 13, 14, 1, 1, 3, '0000-00-00 00:00:00', '0000-00-00 00:00:00'),
(23, 'Cable Hip Abduction', 'Bočné kopy na kladke', NULL, 1, NULL, 1, 1, 1, '0000-00-00 00:00:00', '0000-00-00 00:00:00'),
(24, 'Cable Lateral Raise ', 'Upažovanie s protichodnými kladkami v stoji ', NULL, 13, 14, 1, 1, 2, '0000-00-00 00:00:00', '0000-00-00 00:00:00'),
(25, 'Cable Upright Row', 'Príťahy kladky zo spodu k brade', NULL, 13, 14, 2, 1, 2, '0000-00-00 00:00:00', '0000-00-00 00:00:00'),
(26, 'Close Grip Bench Press', 'Tlaky veľkej činky s úzkym úchopom v leže', NULL, 15, 10, 3, 1, 2, '0000-00-00 00:00:00', '0000-00-00 00:00:00'),
(27, 'Close Grip Dumbbell Press', 'Tlaky s jednoručkami blízko pri tele', NULL, 10, 15, 2, 1, 2, '0000-00-00 00:00:00', '0000-00-00 00:00:00'),
(28, 'Close Grip Push Up', 'Kliky úzkym úchopom', NULL, 15, 10, 2, 1, 2, '0000-00-00 00:00:00', '0000-00-00 00:00:00'),
(29, 'Close Grip Standing Barbell Curl', 'Zdvihy Veľkej činky v stoji s úzkym úchopom', NULL, 7, 5, 2, 1, 1, '0000-00-00 00:00:00', '0000-00-00 00:00:00'),
(30, 'Concentration Curl', 'Zdvihy jednoručky opretej o koleno', NULL, 5, 7, 2, 1, 1, '0000-00-00 00:00:00', '0000-00-00 00:00:00'),
(31, 'Dead Bug', 'Mŕtvy chrobák', NULL, 2, NULL, 2, 1, 1, '0000-00-00 00:00:00', '0000-00-00 00:00:00'),
(32, 'Deadlift', 'Mŕtvy ťah', NULL, 9, 11, 3, 1, 2, '0000-00-00 00:00:00', '0000-00-00 00:00:00'),
(33, 'Decline Bench Cable Flys', 'Rozpažovanie na negatívne naklonenej lavičke s protismernými kladkami', NULL, 10, 13, 3, 1, 3, '0000-00-00 00:00:00', '0000-00-00 00:00:00'),
(34, 'Decline Bench Press', 'Tlaky s veľkou činkou na negatívne naklonenej lavičke', NULL, 10, 15, 3, 1, 3, '0000-00-00 00:00:00', '0000-00-00 00:00:00'),
(35, 'Decline Dumbbell Bench Press', 'Tlaky jednoručiek na negatívne naklonenej lavičke', NULL, 10, 15, 2, 1, 3, '0000-00-00 00:00:00', '0000-00-00 00:00:00'),
(36, 'Decline Dumbbell Flys', 'Rozpažovanie s jednoručkami na negatívne naklonenej lavičke', NULL, 10, 13, 2, 1, 3, '0000-00-00 00:00:00', '0000-00-00 00:00:00'),
(37, 'Decline Push Up', 'Kliky s vyvíšenými nohami', NULL, 10, 15, 1, 1, 3, '0000-00-00 00:00:00', '0000-00-00 00:00:00'),
(38, 'Decline Sit Up', 'Brušáky na neg. Naklonenej lavičke', NULL, 2, NULL, 1, 1, 1, '0000-00-00 00:00:00', '0000-00-00 00:00:00'),
(39, 'Donkey Calf Raise', 'Výpony na lýtka v predlone', NULL, 6, NULL, 1, 1, 1, '0000-00-00 00:00:00', '0000-00-00 00:00:00'),
(40, 'Dumbbel Stiff Leg Deadlift', 'Rumúnske mŕtve ťahy s jednoručkami', NULL, 9, 8, 1, 1, 2, '0000-00-00 00:00:00', '0000-00-00 00:00:00'),
(41, 'Dumbbell Bench Press', 'Tlaky jednoručiek na rovnej lavičke', NULL, 10, 15, 2, 1, 2, '0000-00-00 00:00:00', '0000-00-00 00:00:00'),
(42, 'Dumbbell Deadlift', 'Mŕtvy ťah s jednoručkami', NULL, 11, 8, 2, 1, 2, '0000-00-00 00:00:00', '0000-00-00 00:00:00'),
(43, 'Dumbbell Flys', 'Rozpažovanie s jednoručkami na rovnej lavici', NULL, 10, 13, 2, 1, 2, '0000-00-00 00:00:00', '0000-00-00 00:00:00'),
(44, 'Dumbbell Goblet Squat', 'Drepy s jednoručkou pri hrudi', NULL, 12, 8, 2, 1, 1, '0000-00-00 00:00:00', '0000-00-00 00:00:00'),
(45, 'Dumbbell Hammer Preacher Curl', 'Kladivové zdvihy na Scotovej lavičke', NULL, 5, 7, 3, 1, 1, '0000-00-00 00:00:00', '0000-00-00 00:00:00'),
(46, 'Dumbbell Hamstring Curl', 'Zakopávanie s jednoručkou ', NULL, 9, 8, 2, 1, 1, '0000-00-00 00:00:00', '0000-00-00 00:00:00'),
(47, 'Dumbbell Lateral Raise', 'Upažovanie jednoručiek v stoji', NULL, 13, 14, 2, 1, 2, '0000-00-00 00:00:00', '0000-00-00 00:00:00'),
(48, 'Dumbbell Lunge', 'Výpady s jednoručkami ', NULL, 12, 8, 1, 1, 2, '0000-00-00 00:00:00', '0000-00-00 00:00:00'),
(49, 'Dumbbell Preacher Curl', 'Scotova lavička s jednoručkami', NULL, 5, 7, 2, 1, 1, '0000-00-00 00:00:00', '0000-00-00 00:00:00'),
(50, 'Dumbbell Pullover', 'Pullover s jednoručkou v leže', NULL, 10, 16, 2, 1, 3, '0000-00-00 00:00:00', '0000-00-00 00:00:00'),
(51, 'Dumbbell Reverse Fly On Incline Bench', 'Zapažovanie jednoručiek na pozitívne naklonenej lavici ', NULL, 13, 14, 2, 1, 3, '0000-00-00 00:00:00', '0000-00-00 00:00:00'),
(52, 'Dumbbell Shrug', 'Krčenie pliec s jednoručkami ', NULL, 14, NULL, 1, 1, 1, '0000-00-00 00:00:00', '0000-00-00 00:00:00'),
(53, 'Dumbbell Squat', 'Drepy s jednoručkami pozdĺž tela', NULL, 12, 8, 1, 1, 2, '0000-00-00 00:00:00', '0000-00-00 00:00:00'),
(54, 'Dumbbell Step Up', 'Výstupy na lavičku s jednoručkami', NULL, 12, 8, 3, 1, 2, '0000-00-00 00:00:00', '0000-00-00 00:00:00'),
(55, 'Eliptical', 'Eliptikal', NULL, NULL, NULL, 1, 2, 4, '0000-00-00 00:00:00', '0000-00-00 00:00:00'),
(56, 'Ez Bar Curl', 'Zdvihy Ezety v stoji', NULL, 5, 7, 2, 1, 1, '0000-00-00 00:00:00', '0000-00-00 00:00:00'),
(57, 'EZ Bar Preacher Curl', 'Scotová lavička s ezetou', NULL, 5, 7, 2, 1, 1, '0000-00-00 00:00:00', '0000-00-00 00:00:00'),
(58, 'EZ Bar Skullcrusher', 'Francúzsky tlak s ezetou v leže', NULL, 15, 16, 2, 1, 1, '0000-00-00 00:00:00', '0000-00-00 00:00:00'),
(59, 'Flat Bench Cable Flys', 'Rozpažovanie na rovnej lavičke s protismernými kladkami', NULL, 10, 13, 2, 1, 2, '0000-00-00 00:00:00', '0000-00-00 00:00:00'),
(60, 'Floor Press', 'Tlaky s veľkou činkou na zemi', NULL, 10, 15, 3, 1, 2, '0000-00-00 00:00:00', '0000-00-00 00:00:00'),
(61, 'Frog Squat', 'Drepy na široko s jednoručkou ', NULL, 12, 8, 1, 1, 2, '0000-00-00 00:00:00', '0000-00-00 00:00:00'),
(62, 'Front Squat', 'Čelné drepy', NULL, 12, 8, 3, 1, 2, '0000-00-00 00:00:00', '0000-00-00 00:00:00'),
(63, 'Good Mornings', 'Predklony s veľkou činkou na chrbte', NULL, 8, 11, 3, 1, 2, '0000-00-00 00:00:00', '0000-00-00 00:00:00'),
(64, 'Hack Squat Calf Raise ', 'Výpona na lýtka na hacken presse', NULL, 6, NULL, 2, 1, 1, '0000-00-00 00:00:00', '0000-00-00 00:00:00'),
(65, 'Hammer Strength Bench Press', 'Tlaky na Hammer strength stroji', NULL, 10, 15, 2, 1, 2, '0000-00-00 00:00:00', '0000-00-00 00:00:00'),
(66, 'Handstand Push Up', 'Kliky v stojke', NULL, 13, 15, 3, 1, 2, '0000-00-00 00:00:00', '0000-00-00 00:00:00'),
(67, 'Hanging Leg Raise', 'Zdvihy nôh vo vyse', NULL, 2, 4, 3, 1, 1, '0000-00-00 00:00:00', '0000-00-00 00:00:00'),
(68, 'Heel Touches', 'Kmytanie s dotykom členkov', NULL, 2, NULL, 1, 1, 1, '0000-00-00 00:00:00', '0000-00-00 00:00:00'),
(69, 'High Pulley Overhead Tricep Extencion', 'Sťahovanie kladky z hora pred hlavou ', NULL, 15, NULL, 2, 1, 2, '0000-00-00 00:00:00', '0000-00-00 00:00:00'),
(70, 'Hip Abduction Machine', 'Stroj na posilňovanie odťahovačov ', NULL, 1, NULL, 1, 1, 2, '0000-00-00 00:00:00', '0000-00-00 00:00:00'),
(71, 'Hip Adduciton Machine', 'Stroj na posilňovanie priťahovačov', NULL, 3, NULL, 1, 1, 2, '0000-00-00 00:00:00', '0000-00-00 00:00:00'),
(72, 'Hyperextension', 'Hyperextenzie', NULL, 8, 11, 1, 1, 1, '0000-00-00 00:00:00', '0000-00-00 00:00:00'),
(73, 'Chair Leg Raise', 'Zdvihy nôh na bradlách', NULL, 2, NULL, 1, 1, 1, '0000-00-00 00:00:00', '0000-00-00 00:00:00'),
(74, 'Chest Dip', 'Kliky na bradlách', NULL, 10, 15, 3, 1, 1, '0000-00-00 00:00:00', '0000-00-00 00:00:00'),
(75, 'Chest Supported Dumbbell Row', 'Príťahy jednoručiek v predklone s oporov hrude', NULL, 4, 5, 2, 1, 2, '0000-00-00 00:00:00', '0000-00-00 00:00:00'),
(76, 'Chin up', 'Zhyby podhmatom', NULL, 4, 16, 2, 1, 2, '0000-00-00 00:00:00', '0000-00-00 00:00:00'),
(77, 'Incline Bench Cable Flys', 'Rozpažovanie na pozitívne naklonenej lavičke s protismernými kladkami', NULL, 10, 13, 3, 1, 1, '0000-00-00 00:00:00', '0000-00-00 00:00:00'),
(78, 'Incline Bench Press', 'Tlaky s veľkou činkou na pozitívne naklonenej lavici', NULL, 10, 15, 3, 1, 1, '0000-00-00 00:00:00', '0000-00-00 00:00:00'),
(79, 'Incline Dumbbell Bench Press', 'Tlaky jednoručiek na pozitívne naklonenej lavičke', NULL, 10, 15, 2, 1, 1, '0000-00-00 00:00:00', '0000-00-00 00:00:00'),
(80, 'Incline Dumbbell Curl', 'Striedavé zdvihy jednoručiek na pozitívne naklonenej lavičke', NULL, 5, 7, 2, 1, 2, '0000-00-00 00:00:00', '0000-00-00 00:00:00'),
(81, 'Incline Dumbbell Flys', 'Rozpažovanie s jednoručkami na pozitívne naklonenej lavičke', NULL, 10, 13, 2, 1, 1, '0000-00-00 00:00:00', '0000-00-00 00:00:00'),
(82, 'Incline Push Ups', 'Kliky s vyvíšenou hornou časťou tela', NULL, 10, 15, 1, 1, 3, '0000-00-00 00:00:00', '0000-00-00 00:00:00'),
(83, 'Landmine Rumunian Deadlift', 'Predklony s veľkou činkou medzi nohami', NULL, 9, 11, 2, 1, 2, '0000-00-00 00:00:00', '0000-00-00 00:00:00'),
(84, 'Lat Pull Down', 'Sťahovanie kladky ku hrudi', NULL, 4, 5, 1, 1, 2, '0000-00-00 00:00:00', '0000-00-00 00:00:00'),
(85, 'Laying Floor Knee Tuck', 'Príťahy nôh k hrudi', NULL, 2, NULL, 2, 1, 1, '0000-00-00 00:00:00', '0000-00-00 00:00:00'),
(86, 'Leg Curl', 'Zapokávania v leže na stroji', NULL, 9, 8, 1, 1, 1, '0000-00-00 00:00:00', '0000-00-00 00:00:00'),
(87, 'Leg Extension', 'Predkopy na stroji', NULL, 12, NULL, 1, 1, 2, '0000-00-00 00:00:00', '0000-00-00 00:00:00'),
(88, 'Leg Press  ', 'Leg Press ', NULL, 12, 8, 2, 1, 2, '0000-00-00 00:00:00', '0000-00-00 00:00:00'),
(89, 'Leg Press Calf Raise ', 'Výpony na lýtka na legpresse', NULL, 6, NULL, 2, 1, 1, '0000-00-00 00:00:00', '0000-00-00 00:00:00'),
(90, 'Low Pulley Overhead Tricep Extension', 'Tlaky kladky za hlavou na triceps', NULL, 15, NULL, 2, 1, 3, '0000-00-00 00:00:00', '0000-00-00 00:00:00'),
(91, 'Lower Ab Hip Roll', 'Vytáčanie nôh v leže', NULL, 2, NULL, 1, 1, 1, '0000-00-00 00:00:00', '0000-00-00 00:00:00'),
(92, 'Lying Cable Curl', 'Priťahy Kladky zo spodu v leže', NULL, 5, 7, 2, 1, 2, '0000-00-00 00:00:00', '0000-00-00 00:00:00'),
(93, 'Lying Dumbbell Skullcrusher', 'Francúzsky tlak s jednoručkami v leže', NULL, 15, NULL, 2, 1, 2, '0000-00-00 00:00:00', '0000-00-00 00:00:00'),
(94, 'Lying Floor Leg Raises', 'Zdvihy nôh v leže', NULL, 2, NULL, 2, 1, 1, '0000-00-00 00:00:00', '0000-00-00 00:00:00'),
(95, 'Machine Biceps Curl', 'Stroj na Scotovu lavičku', NULL, 5, 7, 1, 1, 1, '0000-00-00 00:00:00', '0000-00-00 00:00:00'),
(96, 'Machine Hack Squat', 'Hacken Press drepy', NULL, 12, 8, 2, 1, 1, '0000-00-00 00:00:00', '0000-00-00 00:00:00'),
(97, 'Machine Lateral Raise', 'Upažovanie v sede na stroji', NULL, 13, 14, 1, 1, 2, '0000-00-00 00:00:00', '0000-00-00 00:00:00'),
(98, 'Machine Reverse Fly', 'Zapažovanie na stroji(Pec Dec)', NULL, 13, 14, 1, 1, 3, '0000-00-00 00:00:00', '0000-00-00 00:00:00'),
(99, 'Machine Row', 'Príťahy na stroji', NULL, 4, 5, 1, 1, 2, '0000-00-00 00:00:00', '0000-00-00 00:00:00'),
(100, 'Machine Shoulder Press', 'Tlaky nad hlavu na stroji', NULL, 13, 15, 1, 1, 1, '0000-00-00 00:00:00', '0000-00-00 00:00:00'),
(101, 'Machine T-Bar Row', 'Príťahy T-Bar činky na stroji', NULL, 4, 5, 1, 1, 2, '0000-00-00 00:00:00', '0000-00-00 00:00:00'),
(102, 'Mountain Climber', 'Príkopy nôh k hrudi v kľuku', NULL, 2, NULL, 1, 1, 1, '0000-00-00 00:00:00', '0000-00-00 00:00:00'),
(103, 'One Arm Dumbbell Row', 'Príťahy jednoručky v predklone', NULL, 4, 5, 2, 1, 2, '0000-00-00 00:00:00', '0000-00-00 00:00:00'),
(104, 'Overhead Press', 'Tlaky veľkej činky nad hlavu', NULL, 13, 15, 2, 1, 1, '0000-00-00 00:00:00', '0000-00-00 00:00:00'),
(105, 'Pec Dec', 'Pec Dec', NULL, 10, 13, 1, 1, 2, '0000-00-00 00:00:00', '0000-00-00 00:00:00'),
(106, 'Pit Shark Belt Squat', 'Pit Shark Drepy na stroji', NULL, 12, 8, 2, 1, 2, '0000-00-00 00:00:00', '0000-00-00 00:00:00'),
(107, 'Plank', 'Plank', NULL, 2, NULL, 1, 1, 1, '0000-00-00 00:00:00', '0000-00-00 00:00:00'),
(108, 'Pull up', 'Zhyby', NULL, 4, 5, 3, 1, 2, '0000-00-00 00:00:00', '0000-00-00 00:00:00'),
(109, 'Push Up', 'Kliky  ', NULL, 10, 15, 1, 1, 2, '0000-00-00 00:00:00', '0000-00-00 00:00:00'),
(110, 'Reverse Grip Bend Over Row', 'Príťahy veľkej činky v predklone podhmatom', NULL, 4, 5, 2, 1, 2, '0000-00-00 00:00:00', '0000-00-00 00:00:00'),
(111, 'Reverse Grip Bench Press', 'Tlaky s veľkou činkou s opačným úchopom', NULL, 10, 15, 3, 1, 3, '0000-00-00 00:00:00', '0000-00-00 00:00:00'),
(112, 'Reverse Grip Dumbbell Bench Press', 'Tlaky s jednoručkami s vytočenými rukami ', NULL, 10, 13, 2, 1, 3, '0000-00-00 00:00:00', '0000-00-00 00:00:00'),
(113, 'Reverse Grip Lat Pull Down', 'Sťahovanie kladky ku hrudi podhmatom', NULL, 5, 4, 1, 1, 2, '0000-00-00 00:00:00', '0000-00-00 00:00:00'),
(114, 'Rocking Frog Stretch', 'Naťahovanie priťahovačov v opornej polohe', NULL, 3, NULL, 1, 3, 5, '0000-00-00 00:00:00', '0000-00-00 00:00:00'),
(115, 'Rope Straight Arm Pull Over', 'Sťahovanie kladky k panve s vystretými rukami s lanom', NULL, 4, 15, 1, 1, 2, '0000-00-00 00:00:00', '0000-00-00 00:00:00'),
(116, 'Rope Tricep Extension', 'Sťahovanie lana na triceps', NULL, 15, NULL, 1, 1, 1, '0000-00-00 00:00:00', '0000-00-00 00:00:00'),
(117, 'Rowing Machine', 'Veslovací Trenažér', NULL, NULL, NULL, 2, 2, 4, '0000-00-00 00:00:00', '0000-00-00 00:00:00'),
(118, 'Russian Twist', 'Vytáčanie ramien do strán', NULL, 2, NULL, 1, 1, 1, '0000-00-00 00:00:00', '0000-00-00 00:00:00'),
(119, 'Seated Barbell Curl', 'Zdvih veľkej činky v sede', NULL, 5, 7, 3, 1, 1, '0000-00-00 00:00:00', '0000-00-00 00:00:00'),
(120, 'Seated Barbell Shoulder Press', 'Tlaky veľkej činky nad hlavu v sede', NULL, 13, 15, 2, 1, 1, '0000-00-00 00:00:00', '0000-00-00 00:00:00'),
(121, 'Seated Bent Over Dumbbell Reverse Fly', 'Zapažovanie jednoručiek v sede', NULL, 13, 14, 1, 1, 3, '0000-00-00 00:00:00', '0000-00-00 00:00:00'),
(122, 'Seated Cable Row', 'Veslové príťahy na kladke v sede', NULL, 4, 5, 2, 1, 2, '0000-00-00 00:00:00', '0000-00-00 00:00:00'),
(123, 'Seated Calf Raises', 'Výpony na lýtka v sede', NULL, 6, NULL, 1, 1, 1, '0000-00-00 00:00:00', '0000-00-00 00:00:00'),
(124, 'Seated Dumbbell Calf Raise', 'Výpony na lýtka v sede s jednoručkami', NULL, 6, NULL, 1, 1, 1, '0000-00-00 00:00:00', '0000-00-00 00:00:00'),
(125, 'Seated Dumbbell Curl', 'Zdvihy jednoručiek v sede', NULL, 5, 7, 2, 1, 1, '0000-00-00 00:00:00', '0000-00-00 00:00:00'),
(126, 'Seated Dumbbell Lateral Raise', 'Upažovanie jednoručiek v sede', NULL, 13, 14, 2, 1, 2, '0000-00-00 00:00:00', '0000-00-00 00:00:00'),
(127, 'Seated Dumbbell Press', 'Tlaky jednoručiek nad hlavu v sede', NULL, 13, 15, 2, 1, 1, '0000-00-00 00:00:00', '0000-00-00 00:00:00'),
(128, 'Seated Dumbbell Tricep Extension', 'Tlaky jednoručky za hlavou', NULL, 15, NULL, 2, 1, 3, '0000-00-00 00:00:00', '0000-00-00 00:00:00'),
(129, 'Seated Hammer Curl', 'Kladivové zdvihy jednoručiek v sede', NULL, 5, 7, 2, 1, 2, '0000-00-00 00:00:00', '0000-00-00 00:00:00'),
(130, 'Seated Leg Curl', 'Zakopávanie v sede na stroji', NULL, 9, 8, 1, 1, 1, '0000-00-00 00:00:00', '0000-00-00 00:00:00'),
(131, 'Shoulder Taps', 'Plank so striedavým dotykom ramien', NULL, 2, NULL, 1, 1, 1, '0000-00-00 00:00:00', '0000-00-00 00:00:00'),
(132, 'Side Plank', 'Plank z boku', NULL, 2, NULL, 1, 1, 1, '0000-00-00 00:00:00', '0000-00-00 00:00:00'),
(133, 'Single Arm Cable Lateral Raise', 'Upažovanie s kladkou pred telom', NULL, 13, 14, 1, 1, 2, '0000-00-00 00:00:00', '0000-00-00 00:00:00'),
(134, 'Single Leg One Dumbbell Deadlift', 'Predklony s vystretou nohou s jednouručkou', NULL, 9, 8, 2, 1, 2, '0000-00-00 00:00:00', '0000-00-00 00:00:00'),
(135, 'Sissy Squat', 'Sissy drepy', NULL, 12, NULL, 3, 1, 2, '0000-00-00 00:00:00', '0000-00-00 00:00:00'),
(136, 'Sit Up', 'Brušáky ', NULL, 2, NULL, 1, 1, 1, '0000-00-00 00:00:00', '0000-00-00 00:00:00'),
(137, 'SkiErg', 'SkiErg', NULL, NULL, NULL, 2, 2, 4, '0000-00-00 00:00:00', '0000-00-00 00:00:00'),
(138, 'Smith Machine Bend-Over Row', 'Príťahy veľkej činky v predklone v multipresse', NULL, 4, 5, 2, 1, 2, '0000-00-00 00:00:00', '0000-00-00 00:00:00'),
(139, 'Smith Machine Bench Press', 'Tlaky v multipresse na rovnej lavičke', NULL, 10, 15, 3, 1, 1, '0000-00-00 00:00:00', '0000-00-00 00:00:00'),
(140, 'Smith Machine Biceps Curl', 'Bicepsové zdvihy na multipresse', NULL, 5, 7, 3, 1, 1, '0000-00-00 00:00:00', '0000-00-00 00:00:00'),
(141, 'Smith Machine Calf Raise', 'Výpony na lýtka na multipresse', NULL, 6, NULL, 2, 1, 1, '0000-00-00 00:00:00', '0000-00-00 00:00:00'),
(142, 'Smith Machine Decline Bench Press', 'Tlaky v multipresse na negatívne naklonenej lavičke', NULL, 10, 15, 3, 1, 3, '0000-00-00 00:00:00', '0000-00-00 00:00:00'),
(143, 'Smith Machine Incline Bench Press', 'Tlaky v multipresse na pozitívne naklonenej lavičke', NULL, 10, 13, 3, 1, 1, '0000-00-00 00:00:00', '0000-00-00 00:00:00'),
(144, 'Smith Machine Shoulder Press', 'Tlaky nad hlavu v multipresse', NULL, 13, 15, 1, 1, 1, '0000-00-00 00:00:00', '0000-00-00 00:00:00'),
(145, 'Smith Machine Squat', 'Drepy v multipresse', NULL, 12, 8, 2, 1, 2, '0000-00-00 00:00:00', '0000-00-00 00:00:00'),
(146, 'Smith Machine Upright Row', 'Príťahy k brade v multipresse', NULL, 13, 14, 1, 1, 2, '0000-00-00 00:00:00', '0000-00-00 00:00:00'),
(147, 'Spider Curl', 'Zdvihy jednoručiek v opore na pozitívne nakolenej lavičke', NULL, 5, 7, 2, 1, 2, '0000-00-00 00:00:00', '0000-00-00 00:00:00'),
(148, 'Spin Bike', 'Cyklotrenažér', NULL, NULL, NULL, 1, 2, 4, '0000-00-00 00:00:00', '0000-00-00 00:00:00'),
(149, 'Standing Barbell Calf Raise', 'Výpony na lýtka v stoji s veľkou činkou', NULL, 6, NULL, 2, 1, 1, '0000-00-00 00:00:00', '0000-00-00 00:00:00'),
(150, 'Standing Barbell Curl', 'Zdvihy veľkej činky v stoji', NULL, 5, 7, 2, 1, 1, '0000-00-00 00:00:00', '0000-00-00 00:00:00'),
(151, 'Standing Cable Fly', 'Sťahovanie protismerných kladiek ', NULL, 10, NULL, 1, 1, 3, '0000-00-00 00:00:00', '0000-00-00 00:00:00'),
(152, 'Standing Cable Reverse Fly', 'Príťahy protichodných kladiek v stoji od tela', NULL, 13, 14, 1, 1, 3, '0000-00-00 00:00:00', '0000-00-00 00:00:00'),
(153, 'Standing Dumbbell Curl', 'Zdvihy jednoručiek v stoji', NULL, 5, 7, 1, 1, 1, '0000-00-00 00:00:00', '0000-00-00 00:00:00'),
(154, 'Standing Dumbbell Front Raise ', 'Predpažovanie jednoručiek v stoji', NULL, 13, 14, 2, 1, 1, '0000-00-00 00:00:00', '0000-00-00 00:00:00'),
(155, 'Standing Dumbbell Press', 'Tlaky jednoručiek nad hlavu v stoji', NULL, 13, 15, 2, 1, 1, '0000-00-00 00:00:00', '0000-00-00 00:00:00'),
(156, 'Standing Dumbbell Reverse Curl', 'Zdvihy jednoručiek v stoji nadhmatom', NULL, 7, 5, 2, 1, 2, '0000-00-00 00:00:00', '0000-00-00 00:00:00'),
(157, 'Standing Glute Kickback', 'zákopy na zadok', NULL, 8, NULL, 1, 1, 1, '0000-00-00 00:00:00', '0000-00-00 00:00:00'),
(158, 'Standing Hammer Curl', 'Kladivové zdvihy jednoručiek v stoji', NULL, 5, 7, 1, 1, 2, '0000-00-00 00:00:00', '0000-00-00 00:00:00'),
(159, 'Standing High Pulley Cable Curl', 'Príťahy protichodných kladiek v stoji na biceps', NULL, 5, 7, 3, 1, 1, '0000-00-00 00:00:00', '0000-00-00 00:00:00'),
(160, 'Standing Low to High Cable Fly', 'Priťahy kladky zo spodu pred telo s vyrovnanými rukami', NULL, 10, 13, 1, 1, 2, '0000-00-00 00:00:00', '0000-00-00 00:00:00'),
(161, 'Standing Machine Calf Raise ', 'Stroj na výpony na lýtka v stoji', NULL, 6, NULL, 1, 1, 1, '0000-00-00 00:00:00', '0000-00-00 00:00:00'),
(162, 'StepMill', 'Schody', NULL, NULL, NULL, 2, 2, 4, '0000-00-00 00:00:00', '0000-00-00 00:00:00'),
(163, 'Stiff Leg Deadlift', 'Rumúnsky mŕtvy ťah s veľkou činkou', NULL, 9, 8, 2, 1, 2, '0000-00-00 00:00:00', '0000-00-00 00:00:00'),
(164, 'Straight Arm Lat Pull Over', 'Sťahovanie kladky k panve s vystretými rukami(Pullover)', NULL, 4, 15, 1, 1, 2, '0000-00-00 00:00:00', '0000-00-00 00:00:00'),
(165, 'Straight Bar Tricep Extension', 'Sťahovanie kladky z hora na triceps', NULL, 15, NULL, 1, 1, 1, '0000-00-00 00:00:00', '0000-00-00 00:00:00'),
(166, 'Sumo Deadlift', 'Sumo mŕtvy ťah', NULL, 9, 8, 3, 1, 2, '0000-00-00 00:00:00', '0000-00-00 00:00:00'),
(167, 'Sumo Squat', 'Drepy na široko s činkou na chrbte', NULL, 12, 8, 2, 1, 2, '0000-00-00 00:00:00', '0000-00-00 00:00:00'),
(168, 'Superman', 'Superman', NULL, 11, 8, 1, 1, 1, '0000-00-00 00:00:00', '0000-00-00 00:00:00'),
(169, 'T-Bar Row', 'Príťahy T-Bar činky v predklone', NULL, 4, 5, 2, 1, 2, '0000-00-00 00:00:00', '0000-00-00 00:00:00'),
(170, 'Trap Bar Deadlift', 'Trap Bar mŕtvy ťah', NULL, 8, 9, 2, 1, 2, '0000-00-00 00:00:00', '0000-00-00 00:00:00'),
(171, 'Treadmill', 'Bežiaci pás', NULL, NULL, NULL, 1, 2, 4, '0000-00-00 00:00:00', '0000-00-00 00:00:00'),
(172, 'Tricep Dips', 'Kliky na bradlách na triceps', NULL, 15, 10, 2, 1, 3, '0000-00-00 00:00:00', '0000-00-00 00:00:00'),
(173, 'Twinsting Standing Dumbbell Curl', 'Striedavé zdvihy jednoručiek v stoji s vytáčaním zápästia', NULL, 5, 7, 2, 1, 1, '0000-00-00 00:00:00', '0000-00-00 00:00:00'),
(174, 'V-Bar Pull Down', 'Sťahovanie kladky ku hrudi s V adaptérom', NULL, 4, 5, 1, 1, 2, '0000-00-00 00:00:00', '0000-00-00 00:00:00'),
(175, 'Weight Plate Front Raise ', 'Predpažovanie závažia v stoji', NULL, 13, NULL, 3, 1, 1, '0000-00-00 00:00:00', '0000-00-00 00:00:00'),
(176, 'Weighted Crunck', 'sklápačky so závažím', NULL, 2, 4, 3, 1, 1, '0000-00-00 00:00:00', '0000-00-00 00:00:00'),
(177, 'Wide Grip Lat Pull Down', 'Sťahovanie kladky ku hrudi so širokým úchopom', NULL, 4, 5, 1, 1, 2, '0000-00-00 00:00:00', '0000-00-00 00:00:00'),
(178, 'Wide Stance Squat', 'Drepy na široko s veľkou činkou na chrbte', NULL, 8, 12, 3, 1, 2, '0000-00-00 00:00:00', '0000-00-00 00:00:00'),
(179, 'Y-Man', 'Zdvihy jednoručiek na pozitívne naklonenej lavičke do tvaru Y', NULL, 14, 13, 3, 1, 3, '0000-00-00 00:00:00', '0000-00-00 00:00:00'),
(180, 'Zottman Curl', 'Zdvihy jednoručiek s lakťami za telom ', NULL, 5, 7, 2, 1, 1, '0000-00-00 00:00:00', '0000-00-00 00:00:00'),
(181, 'Z-Press', 'Tlaky veľkej činky nad hlavu v sede na zemi', NULL, 13, 15, 3, 1, 1, '0000-00-00 00:00:00', '0000-00-00 00:00:00'),
(182, 'Ab wheel', 'Kolečko na brušné svaly', NULL, 2, NULL, 2, 1, 1, '0000-00-00 00:00:00', '0000-00-00 00:00:00');

-- --------------------------------------------------------

--
-- Table structure for table `exercises_has_equipments`
--

CREATE TABLE `exercises_has_equipments` (
  `idExercise` bigint(20) UNSIGNED DEFAULT NULL,
  `idEquipment` bigint(20) UNSIGNED DEFAULT NULL,
  `created_at` timestamp NULL DEFAULT NULL,
  `updated_at` timestamp NULL DEFAULT NULL
) ENGINE=InnoDB DEFAULT CHARSET=utf8mb4 COLLATE=utf8mb4_unicode_ci;

--
-- Dumping data for table `exercises_has_equipments`
--

INSERT INTO `exercises_has_equipments` (`idExercise`, `idEquipment`, `created_at`, `updated_at`) VALUES
(1, 4, '0000-00-00 00:00:00', '0000-00-00 00:00:00'),
(2, 17, '0000-00-00 00:00:00', '0000-00-00 00:00:00'),
(3, 3, '0000-00-00 00:00:00', '0000-00-00 00:00:00'),
(3, 7, '0000-00-00 00:00:00', '0000-00-00 00:00:00'),
(4, 1, '0000-00-00 00:00:00', '0000-00-00 00:00:00'),
(5, 1, '0000-00-00 00:00:00', '0000-00-00 00:00:00'),
(6, 3, '0000-00-00 00:00:00', '0000-00-00 00:00:00'),
(6, 1, '0000-00-00 00:00:00', '0000-00-00 00:00:00'),
(7, 1, '0000-00-00 00:00:00', '0000-00-00 00:00:00'),
(8, 7, '0000-00-00 00:00:00', '0000-00-00 00:00:00'),
(9, 7, '0000-00-00 00:00:00', '0000-00-00 00:00:00'),
(10, 1, '0000-00-00 00:00:00', '0000-00-00 00:00:00'),
(11, 3, '0000-00-00 00:00:00', '0000-00-00 00:00:00'),
(11, 1, '0000-00-00 00:00:00', '0000-00-00 00:00:00'),
(12, 4, '0000-00-00 00:00:00', '0000-00-00 00:00:00'),
(13, 4, '0000-00-00 00:00:00', '0000-00-00 00:00:00'),
(14, 4, '0000-00-00 00:00:00', '0000-00-00 00:00:00'),
(15, 5, '0000-00-00 00:00:00', '0000-00-00 00:00:00'),
(16, 4, '0000-00-00 00:00:00', '0000-00-00 00:00:00'),
(17, 5, '0000-00-00 00:00:00', '0000-00-00 00:00:00'),
(18, 5, '0000-00-00 00:00:00', '0000-00-00 00:00:00'),
(18, 7, '0000-00-00 00:00:00', '0000-00-00 00:00:00'),
(19, 6, '0000-00-00 00:00:00', '0000-00-00 00:00:00'),
(20, 6, '0000-00-00 00:00:00', '0000-00-00 00:00:00'),
(21, 6, '0000-00-00 00:00:00', '0000-00-00 00:00:00'),
(22, 6, '0000-00-00 00:00:00', '0000-00-00 00:00:00'),
(23, 6, '0000-00-00 00:00:00', '0000-00-00 00:00:00'),
(24, 6, '0000-00-00 00:00:00', '0000-00-00 00:00:00'),
(25, 6, '0000-00-00 00:00:00', '0000-00-00 00:00:00'),
(26, 3, '0000-00-00 00:00:00', '0000-00-00 00:00:00'),
(26, 1, '0000-00-00 00:00:00', '0000-00-00 00:00:00'),
(27, 3, '0000-00-00 00:00:00', '0000-00-00 00:00:00'),
(27, 7, '0000-00-00 00:00:00', '0000-00-00 00:00:00'),
(28, 4, '0000-00-00 00:00:00', '0000-00-00 00:00:00'),
(29, 1, '0000-00-00 00:00:00', '0000-00-00 00:00:00'),
(30, 7, '0000-00-00 00:00:00', '0000-00-00 00:00:00'),
(31, 4, '0000-00-00 00:00:00', '0000-00-00 00:00:00'),
(32, 1, '0000-00-00 00:00:00', '0000-00-00 00:00:00'),
(33, 3, '0000-00-00 00:00:00', '0000-00-00 00:00:00'),
(33, 6, '0000-00-00 00:00:00', '0000-00-00 00:00:00'),
(34, 3, '0000-00-00 00:00:00', '0000-00-00 00:00:00'),
(34, 1, '0000-00-00 00:00:00', '0000-00-00 00:00:00'),
(35, 3, '0000-00-00 00:00:00', '0000-00-00 00:00:00'),
(35, 7, '0000-00-00 00:00:00', '0000-00-00 00:00:00'),
(36, 3, '0000-00-00 00:00:00', '0000-00-00 00:00:00'),
(36, 7, '0000-00-00 00:00:00', '0000-00-00 00:00:00'),
(37, 5, '0000-00-00 00:00:00', '0000-00-00 00:00:00'),
(38, 3, '0000-00-00 00:00:00', '0000-00-00 00:00:00'),
(39, 11, '0000-00-00 00:00:00', '0000-00-00 00:00:00'),
(40, 7, '0000-00-00 00:00:00', '0000-00-00 00:00:00'),
(41, 3, '0000-00-00 00:00:00', '0000-00-00 00:00:00'),
(41, 7, '0000-00-00 00:00:00', '0000-00-00 00:00:00'),
(42, 7, '0000-00-00 00:00:00', '0000-00-00 00:00:00'),
(43, 3, '0000-00-00 00:00:00', '0000-00-00 00:00:00'),
(43, 7, '0000-00-00 00:00:00', '0000-00-00 00:00:00'),
(44, 7, '0000-00-00 00:00:00', '0000-00-00 00:00:00'),
(45, 7, '0000-00-00 00:00:00', '0000-00-00 00:00:00'),
(45, 15, '0000-00-00 00:00:00', '0000-00-00 00:00:00'),
(46, 7, '0000-00-00 00:00:00', '0000-00-00 00:00:00'),
(46, 3, '0000-00-00 00:00:00', '0000-00-00 00:00:00'),
(47, 7, '0000-00-00 00:00:00', '0000-00-00 00:00:00'),
(48, 7, '0000-00-00 00:00:00', '0000-00-00 00:00:00'),
(49, 15, '0000-00-00 00:00:00', '0000-00-00 00:00:00'),
(49, 7, '0000-00-00 00:00:00', '0000-00-00 00:00:00'),
(50, 3, '0000-00-00 00:00:00', '0000-00-00 00:00:00'),
(50, 7, '0000-00-00 00:00:00', '0000-00-00 00:00:00'),
(51, 3, '0000-00-00 00:00:00', '0000-00-00 00:00:00'),
(51, 7, '0000-00-00 00:00:00', '0000-00-00 00:00:00'),
(52, 7, '0000-00-00 00:00:00', '0000-00-00 00:00:00'),
(53, 7, '0000-00-00 00:00:00', '0000-00-00 00:00:00'),
(54, 5, '0000-00-00 00:00:00', '0000-00-00 00:00:00'),
(54, 7, '0000-00-00 00:00:00', '0000-00-00 00:00:00'),
(55, 18, '0000-00-00 00:00:00', '0000-00-00 00:00:00'),
(56, 8, '0000-00-00 00:00:00', '0000-00-00 00:00:00'),
(57, 8, '0000-00-00 00:00:00', '0000-00-00 00:00:00'),
(57, 15, '0000-00-00 00:00:00', '0000-00-00 00:00:00'),
(58, 3, '0000-00-00 00:00:00', '0000-00-00 00:00:00'),
(58, 8, '0000-00-00 00:00:00', '0000-00-00 00:00:00'),
(59, 3, '0000-00-00 00:00:00', '0000-00-00 00:00:00'),
(59, 6, '0000-00-00 00:00:00', '0000-00-00 00:00:00'),
(60, 1, '0000-00-00 00:00:00', '0000-00-00 00:00:00'),
(61, 7, '0000-00-00 00:00:00', '0000-00-00 00:00:00'),
(62, 1, '0000-00-00 00:00:00', '0000-00-00 00:00:00'),
(63, 1, '0000-00-00 00:00:00', '0000-00-00 00:00:00'),
(64, 9, '0000-00-00 00:00:00', '0000-00-00 00:00:00'),
(65, 11, '0000-00-00 00:00:00', '0000-00-00 00:00:00'),
(66, 4, '0000-00-00 00:00:00', '0000-00-00 00:00:00'),
(67, 10, '0000-00-00 00:00:00', '0000-00-00 00:00:00'),
(68, 4, '0000-00-00 00:00:00', '0000-00-00 00:00:00'),
(69, 6, '0000-00-00 00:00:00', '0000-00-00 00:00:00'),
(70, 11, '0000-00-00 00:00:00', '0000-00-00 00:00:00'),
(71, 11, '0000-00-00 00:00:00', '0000-00-00 00:00:00'),
(72, 16, '0000-00-00 00:00:00', '0000-00-00 00:00:00'),
(73, 2, '0000-00-00 00:00:00', '0000-00-00 00:00:00'),
(74, 2, '0000-00-00 00:00:00', '0000-00-00 00:00:00'),
(75, 3, '0000-00-00 00:00:00', '0000-00-00 00:00:00'),
(75, 7, '0000-00-00 00:00:00', '0000-00-00 00:00:00'),
(76, 10, '0000-00-00 00:00:00', '0000-00-00 00:00:00'),
(77, 3, '0000-00-00 00:00:00', '0000-00-00 00:00:00'),
(77, 6, '0000-00-00 00:00:00', '0000-00-00 00:00:00'),
(78, 3, '0000-00-00 00:00:00', '0000-00-00 00:00:00'),
(78, 1, '0000-00-00 00:00:00', '0000-00-00 00:00:00'),
(79, 3, '0000-00-00 00:00:00', '0000-00-00 00:00:00'),
(79, 7, '0000-00-00 00:00:00', '0000-00-00 00:00:00'),
(80, 7, '0000-00-00 00:00:00', '0000-00-00 00:00:00'),
(80, 3, '0000-00-00 00:00:00', '0000-00-00 00:00:00'),
(81, 3, '0000-00-00 00:00:00', '0000-00-00 00:00:00'),
(81, 7, '0000-00-00 00:00:00', '0000-00-00 00:00:00'),
(82, 5, '0000-00-00 00:00:00', '0000-00-00 00:00:00'),
(83, 1, '0000-00-00 00:00:00', '0000-00-00 00:00:00'),
(84, 6, '0000-00-00 00:00:00', '0000-00-00 00:00:00'),
(85, 4, '0000-00-00 00:00:00', '0000-00-00 00:00:00'),
(86, 11, '0000-00-00 00:00:00', '0000-00-00 00:00:00'),
(87, 11, '0000-00-00 00:00:00', '0000-00-00 00:00:00'),
(88, 11, '0000-00-00 00:00:00', '0000-00-00 00:00:00'),
(89, 11, '0000-00-00 00:00:00', '0000-00-00 00:00:00'),
(90, 6, '0000-00-00 00:00:00', '0000-00-00 00:00:00'),
(91, 4, '0000-00-00 00:00:00', '0000-00-00 00:00:00'),
(92, 6, '0000-00-00 00:00:00', '0000-00-00 00:00:00'),
(93, 7, '0000-00-00 00:00:00', '0000-00-00 00:00:00'),
(94, 4, '0000-00-00 00:00:00', '0000-00-00 00:00:00'),
(95, 11, '0000-00-00 00:00:00', '0000-00-00 00:00:00'),
(96, 9, '0000-00-00 00:00:00', '0000-00-00 00:00:00'),
(97, 11, '0000-00-00 00:00:00', '0000-00-00 00:00:00'),
(98, 11, '0000-00-00 00:00:00', '0000-00-00 00:00:00'),
(99, 11, '0000-00-00 00:00:00', '0000-00-00 00:00:00'),
(100, 11, '0000-00-00 00:00:00', '0000-00-00 00:00:00'),
(101, 11, '0000-00-00 00:00:00', '0000-00-00 00:00:00'),
(102, 4, '0000-00-00 00:00:00', '0000-00-00 00:00:00'),
(103, 3, '0000-00-00 00:00:00', '0000-00-00 00:00:00'),
(103, 7, '0000-00-00 00:00:00', '0000-00-00 00:00:00'),
(104, 1, '0000-00-00 00:00:00', '0000-00-00 00:00:00'),
(105, 11, '0000-00-00 00:00:00', '0000-00-00 00:00:00'),
(106, 11, '0000-00-00 00:00:00', '0000-00-00 00:00:00'),
(107, 4, '0000-00-00 00:00:00', '0000-00-00 00:00:00'),
(108, 10, '0000-00-00 00:00:00', '0000-00-00 00:00:00'),
(109, 4, '0000-00-00 00:00:00', '0000-00-00 00:00:00'),
(110, 1, '0000-00-00 00:00:00', '0000-00-00 00:00:00'),
(111, 3, '0000-00-00 00:00:00', '0000-00-00 00:00:00'),
(111, 1, '0000-00-00 00:00:00', '0000-00-00 00:00:00'),
(112, 3, '0000-00-00 00:00:00', '0000-00-00 00:00:00'),
(112, 7, '0000-00-00 00:00:00', '0000-00-00 00:00:00'),
(113, 6, '0000-00-00 00:00:00', '0000-00-00 00:00:00'),
(113, 3, '0000-00-00 00:00:00', '0000-00-00 00:00:00'),
(114, 4, '0000-00-00 00:00:00', '0000-00-00 00:00:00'),
(115, 6, '0000-00-00 00:00:00', '0000-00-00 00:00:00'),
(116, 6, '0000-00-00 00:00:00', '0000-00-00 00:00:00'),
(117, 19, '0000-00-00 00:00:00', '0000-00-00 00:00:00'),
(118, 4, '0000-00-00 00:00:00', '0000-00-00 00:00:00'),
(119, 1, '0000-00-00 00:00:00', '0000-00-00 00:00:00'),
(119, 3, '0000-00-00 00:00:00', '0000-00-00 00:00:00'),
(120, 3, '0000-00-00 00:00:00', '0000-00-00 00:00:00'),
(120, 1, '0000-00-00 00:00:00', '0000-00-00 00:00:00'),
(121, 3, '0000-00-00 00:00:00', '0000-00-00 00:00:00'),
(121, 7, '0000-00-00 00:00:00', '0000-00-00 00:00:00'),
(122, 6, '0000-00-00 00:00:00', '0000-00-00 00:00:00'),
(123, 11, '0000-00-00 00:00:00', '0000-00-00 00:00:00'),
(124, 3, '0000-00-00 00:00:00', '0000-00-00 00:00:00'),
(124, 7, '0000-00-00 00:00:00', '0000-00-00 00:00:00'),
(125, 3, '0000-00-00 00:00:00', '0000-00-00 00:00:00'),
(125, 7, '0000-00-00 00:00:00', '0000-00-00 00:00:00'),
(126, 3, '0000-00-00 00:00:00', '0000-00-00 00:00:00'),
(126, 7, '0000-00-00 00:00:00', '0000-00-00 00:00:00'),
(127, 3, '0000-00-00 00:00:00', '0000-00-00 00:00:00'),
(127, 7, '0000-00-00 00:00:00', '0000-00-00 00:00:00'),
(128, 3, '0000-00-00 00:00:00', '0000-00-00 00:00:00'),
(128, 7, '0000-00-00 00:00:00', '0000-00-00 00:00:00'),
(129, 3, '0000-00-00 00:00:00', '0000-00-00 00:00:00'),
(129, 7, '0000-00-00 00:00:00', '0000-00-00 00:00:00'),
(130, 11, '0000-00-00 00:00:00', '0000-00-00 00:00:00'),
(131, 4, '0000-00-00 00:00:00', '0000-00-00 00:00:00'),
(132, 4, '0000-00-00 00:00:00', '0000-00-00 00:00:00'),
(133, 6, '0000-00-00 00:00:00', '0000-00-00 00:00:00'),
(134, 5, '0000-00-00 00:00:00', '0000-00-00 00:00:00'),
(134, 7, '0000-00-00 00:00:00', '0000-00-00 00:00:00'),
(135, 4, '0000-00-00 00:00:00', '0000-00-00 00:00:00'),
(136, 4, '0000-00-00 00:00:00', '0000-00-00 00:00:00'),
(137, 20, '0000-00-00 00:00:00', '0000-00-00 00:00:00'),
(138, 12, '0000-00-00 00:00:00', '0000-00-00 00:00:00'),
(139, 3, '0000-00-00 00:00:00', '0000-00-00 00:00:00'),
(139, 12, '0000-00-00 00:00:00', '0000-00-00 00:00:00'),
(140, 12, '0000-00-00 00:00:00', '0000-00-00 00:00:00'),
(141, 12, '0000-00-00 00:00:00', '0000-00-00 00:00:00'),
(142, 3, '0000-00-00 00:00:00', '0000-00-00 00:00:00'),
(142, 12, '0000-00-00 00:00:00', '0000-00-00 00:00:00'),
(143, 3, '0000-00-00 00:00:00', '0000-00-00 00:00:00'),
(143, 12, '0000-00-00 00:00:00', '0000-00-00 00:00:00'),
(144, 3, '0000-00-00 00:00:00', '0000-00-00 00:00:00'),
(144, 12, '0000-00-00 00:00:00', '0000-00-00 00:00:00'),
(145, 12, '0000-00-00 00:00:00', '0000-00-00 00:00:00'),
(146, 12, '0000-00-00 00:00:00', '0000-00-00 00:00:00'),
(147, 7, '0000-00-00 00:00:00', '0000-00-00 00:00:00'),
(147, 3, '0000-00-00 00:00:00', '0000-00-00 00:00:00'),
(148, 21, '0000-00-00 00:00:00', '0000-00-00 00:00:00'),
(149, 1, '0000-00-00 00:00:00', '0000-00-00 00:00:00'),
(150, 1, '0000-00-00 00:00:00', '0000-00-00 00:00:00'),
(151, 6, '0000-00-00 00:00:00', '0000-00-00 00:00:00'),
(152, 6, '0000-00-00 00:00:00', '0000-00-00 00:00:00'),
(153, 7, '0000-00-00 00:00:00', '0000-00-00 00:00:00'),
(154, 7, '0000-00-00 00:00:00', '0000-00-00 00:00:00'),
(155, 7, '0000-00-00 00:00:00', '0000-00-00 00:00:00'),
(156, 7, '0000-00-00 00:00:00', '0000-00-00 00:00:00'),
(157, 6, '0000-00-00 00:00:00', '0000-00-00 00:00:00'),
(158, 7, '0000-00-00 00:00:00', '0000-00-00 00:00:00'),
(159, 6, '0000-00-00 00:00:00', '0000-00-00 00:00:00'),
(160, 6, '0000-00-00 00:00:00', '0000-00-00 00:00:00'),
(161, 11, '0000-00-00 00:00:00', '0000-00-00 00:00:00'),
(162, 22, '0000-00-00 00:00:00', '0000-00-00 00:00:00'),
(163, 1, '0000-00-00 00:00:00', '0000-00-00 00:00:00'),
(164, 6, '0000-00-00 00:00:00', '0000-00-00 00:00:00'),
(165, 6, '0000-00-00 00:00:00', '0000-00-00 00:00:00'),
(166, 1, '0000-00-00 00:00:00', '0000-00-00 00:00:00'),
(167, 1, '0000-00-00 00:00:00', '0000-00-00 00:00:00'),
(168, 4, '0000-00-00 00:00:00', '0000-00-00 00:00:00'),
(169, 1, '0000-00-00 00:00:00', '0000-00-00 00:00:00'),
(170, 13, '0000-00-00 00:00:00', '0000-00-00 00:00:00'),
(171, 23, '0000-00-00 00:00:00', '0000-00-00 00:00:00'),
(172, 2, '0000-00-00 00:00:00', '0000-00-00 00:00:00'),
(173, 7, '0000-00-00 00:00:00', '0000-00-00 00:00:00'),
(174, 6, '0000-00-00 00:00:00', '0000-00-00 00:00:00'),
(174, 3, '0000-00-00 00:00:00', '0000-00-00 00:00:00'),
(175, 14, '0000-00-00 00:00:00', '0000-00-00 00:00:00'),
(176, 14, '0000-00-00 00:00:00', '0000-00-00 00:00:00'),
(177, 6, '0000-00-00 00:00:00', '0000-00-00 00:00:00'),
(177, 3, '0000-00-00 00:00:00', '0000-00-00 00:00:00'),
(178, 1, '0000-00-00 00:00:00', '0000-00-00 00:00:00'),
(179, 3, '0000-00-00 00:00:00', '0000-00-00 00:00:00'),
(179, 7, '0000-00-00 00:00:00', '0000-00-00 00:00:00'),
(180, 7, '0000-00-00 00:00:00', '0000-00-00 00:00:00'),
(181, 1, '0000-00-00 00:00:00', '0000-00-00 00:00:00');

-- --------------------------------------------------------

--
-- Table structure for table `experiences`
--

CREATE TABLE `experiences` (
  `id` bigint(20) UNSIGNED NOT NULL,
  `name` varchar(255) NOT NULL
) ENGINE=InnoDB DEFAULT CHARSET=utf8mb4 COLLATE=utf8mb4_unicode_ci;

--
-- Dumping data for table `experiences`
--

INSERT INTO `experiences` (`id`, `name`) VALUES
(1, 'beginner'),
(2, 'experienced'),
(3, 'expert');

-- --------------------------------------------------------

--
-- Table structure for table `failed_jobs`
--

CREATE TABLE `failed_jobs` (
  `id` bigint(20) UNSIGNED NOT NULL,
  `uuid` varchar(255) NOT NULL,
  `connection` text NOT NULL,
  `queue` text NOT NULL,
  `payload` longtext NOT NULL,
  `exception` longtext NOT NULL,
  `failed_at` timestamp NOT NULL DEFAULT current_timestamp()
) ENGINE=InnoDB DEFAULT CHARSET=utf8mb4 COLLATE=utf8mb4_unicode_ci;

-- --------------------------------------------------------

--
-- Table structure for table `genders`
--

CREATE TABLE `genders` (
  `id` bigint(20) UNSIGNED NOT NULL,
  `name` varchar(255) NOT NULL
) ENGINE=InnoDB DEFAULT CHARSET=utf8mb4 COLLATE=utf8mb4_unicode_ci;

--
-- Dumping data for table `genders`
--

INSERT INTO `genders` (`id`, `name`) VALUES
(1, 'male'),
(2, 'female'),
(3, 'don’t want to share');

-- --------------------------------------------------------

--
-- Table structure for table `heights`
--

CREATE TABLE `heights` (
  `id` bigint(20) UNSIGNED NOT NULL,
  `idUser` bigint(20) UNSIGNED NOT NULL,
  `height` decimal(5,2) NOT NULL,
  `created_at` timestamp NULL DEFAULT NULL,
  `updated_at` timestamp NULL DEFAULT NULL
) ENGINE=InnoDB DEFAULT CHARSET=utf8mb4 COLLATE=utf8mb4_unicode_ci;

--
-- Dumping data for table `heights`
--

INSERT INTO `heights` (`id`, `idUser`, `height`, `created_at`, `updated_at`) VALUES
(3, 2, '200.00', '2023-03-03 09:56:14', '2023-03-03 09:56:14'),
(4, 2, '150.00', '2023-03-04 12:43:25', '2023-03-04 12:43:25'),
(5, 2, '180.00', '2023-03-04 12:43:41', '2023-03-04 12:43:41'),
(10, 7, '185.00', '2023-03-12 16:09:34', '2023-03-12 16:09:34'),
(11, 8, '150.00', '2023-03-17 13:54:10', '2023-03-17 13:54:10');

-- --------------------------------------------------------

--
-- Table structure for table `migrations`
--

CREATE TABLE `migrations` (
  `id` int(10) UNSIGNED NOT NULL,
  `migration` varchar(255) NOT NULL,
  `batch` int(11) NOT NULL
) ENGINE=InnoDB DEFAULT CHARSET=utf8mb4 COLLATE=utf8mb4_unicode_ci;

--
-- Dumping data for table `migrations`
--

INSERT INTO `migrations` (`id`, `migration`, `batch`) VALUES
(1, '2014_10_12_100000_create_password_reset_tokens_table', 1),
(2, '2014_10_12_100000_create_password_resets_table', 1),
(3, '2019_08_19_000000_create_failed_jobs_table', 1),
(4, '2019_12_14_000001_create_personal_access_tokens_table', 1),
(5, '2023_02_27_150000_create_experiences_table', 1),
(6, '2023_02_27_150100_create_reasons_table', 1),
(7, '2023_02_27_150150_create_genders_table', 1),
(8, '2023_02_27_150300_create_users_table', 1),
(9, '2023_02_27_150400_create_heights_table', 1),
(10, '2023_02_27_150500_create_weights_table', 1),
(11, '2023_02_27_150600_create_types_table', 1),
(12, '2023_02_27_150700_create_users_goals_table', 1),
(13, '2023_02_27_150900_create_days_per_weeks_table', 1),
(14, '2023_02_28_124949_crate_equipments_table', 1),
(15, '2023_02_28_125034_crate_users_has_equipments_table', 1),
(16, '2023_02_28_174332_create_trainings_table', 1),
(17, '2023_02_28_174949_create_difficulties_table', 1),
(18, '2023_02_28_175203_create_part_exercised_table', 1),
(19, '2023_02_28_175304_create_when_to_exercises_table', 1),
(20, '2023_02_28_175442_create_exercises_table', 1),
(21, '2023_02_28_180541_create_trainings_exercises_table', 1),
(22, '2023_02_28_181050_create_set_reps_table', 1),
(23, '2023_03_03_104314_crate_exercises_has_equipments_table', 2),
(24, '2023_02_27_150301_create_users_table', 3),
(25, '2023_02_28_125035_crate_users_has_equipments_table', 4),
(26, '2023_02_28_125036_crate_users_has_equipments_table', 5),
(27, '2023_02_28_125036_create_users_has_equipments_table', 6),
(28, '2023_02_28_125036_create_usershasequipments_table', 7);

-- --------------------------------------------------------

--
-- Table structure for table `part_exercised`
--

CREATE TABLE `part_exercised` (
  `id` bigint(20) UNSIGNED NOT NULL,
  `name` varchar(50) NOT NULL
) ENGINE=InnoDB DEFAULT CHARSET=utf8mb4 COLLATE=utf8mb4_unicode_ci;

--
-- Dumping data for table `part_exercised`
--

INSERT INTO `part_exercised` (`id`, `name`) VALUES
(1, 'abductors'),
(2, 'abs'),
(3, 'adductors'),
(4, 'back'),
(5, 'biceps'),
(6, 'calfs'),
(7, 'forearms'),
(8, 'glutes'),
(9, 'hamstrings'),
(10, 'chest'),
(11, 'lower back'),
(12, 'quads'),
(13, 'shoulders'),
(14, 'traps'),
(15, 'triceps'),
(16, 'lats');

-- --------------------------------------------------------

--
-- Table structure for table `password_resets`
--

CREATE TABLE `password_resets` (
  `email` varchar(255) NOT NULL,
  `token` varchar(255) NOT NULL,
  `created_at` timestamp NULL DEFAULT NULL
) ENGINE=InnoDB DEFAULT CHARSET=utf8mb4 COLLATE=utf8mb4_unicode_ci;

-- --------------------------------------------------------

--
-- Table structure for table `password_reset_tokens`
--

CREATE TABLE `password_reset_tokens` (
  `email` varchar(255) NOT NULL,
  `token` varchar(255) NOT NULL,
  `created_at` timestamp NULL DEFAULT NULL
) ENGINE=InnoDB DEFAULT CHARSET=utf8mb4 COLLATE=utf8mb4_unicode_ci;

--
-- Dumping data for table `password_reset_tokens`
--

INSERT INTO `password_reset_tokens` (`email`, `token`, `created_at`) VALUES
('michal010319@gmail.com', '$2y$10$jQmypFe36.ip1WkNMxHYIuk98J/DFLK70B5K3oQH29u0FMsrIj3Gy', '2023-03-17 12:22:52');

-- --------------------------------------------------------

--
-- Table structure for table `personal_access_tokens`
--

CREATE TABLE `personal_access_tokens` (
  `id` bigint(20) UNSIGNED NOT NULL,
  `tokenable_type` varchar(255) NOT NULL,
  `tokenable_id` bigint(20) UNSIGNED NOT NULL,
  `name` varchar(255) NOT NULL,
  `token` varchar(64) NOT NULL,
  `abilities` text DEFAULT NULL,
  `last_used_at` timestamp NULL DEFAULT NULL,
  `expires_at` timestamp NULL DEFAULT NULL,
  `created_at` timestamp NULL DEFAULT NULL,
  `updated_at` timestamp NULL DEFAULT NULL
) ENGINE=InnoDB DEFAULT CHARSET=utf8mb4 COLLATE=utf8mb4_unicode_ci;

-- --------------------------------------------------------

--
-- Table structure for table `reasons`
--

CREATE TABLE `reasons` (
  `id` bigint(20) UNSIGNED NOT NULL,
  `name` varchar(255) NOT NULL
) ENGINE=InnoDB DEFAULT CHARSET=utf8mb4 COLLATE=utf8mb4_unicode_ci;

--
-- Dumping data for table `reasons`
--

INSERT INTO `reasons` (`id`, `name`) VALUES
(1, 'I want to train more'),
(2, 'Easy trainings'),
(3, 'Don’t have time'),
(4, 'Hard trainings');

-- --------------------------------------------------------

--
-- Table structure for table `set_reps`
--

CREATE TABLE `set_reps` (
  `id` bigint(20) UNSIGNED NOT NULL,
  `idTrainings_Exercise` bigint(20) UNSIGNED DEFAULT NULL,
  `num_of_set` tinyint(4) NOT NULL,
  `num_of_reps` tinyint(4) NOT NULL,
  `weight` decimal(5,2) NOT NULL,
  `updated_at` datetime DEFAULT NULL,
  `created_at` datetime DEFAULT NULL
) ENGINE=InnoDB DEFAULT CHARSET=utf8mb4 COLLATE=utf8mb4_unicode_ci;

--
-- Dumping data for table `set_reps`
--

INSERT INTO `set_reps` (`id`, `idTrainings_Exercise`, `num_of_set`, `num_of_reps`, `weight`, `updated_at`, `created_at`) VALUES
(413, 233, 4, 20, '62.00', NULL, NULL),
(414, 753, 8, 27, '87.00', NULL, NULL),
(415, 662, 4, 28, '45.00', NULL, NULL),
(416, 165, 8, 12, '98.00', NULL, NULL),
(417, 177, 6, 14, '66.00', NULL, NULL),
(418, 205, 1, 17, '49.00', NULL, NULL),
(419, 963, 4, 12, '169.00', NULL, NULL),
(420, 759, 2, 6, '80.00', NULL, NULL),
(421, 573, 9, 26, '152.00', NULL, NULL),
(422, 385, 3, 12, '63.00', NULL, NULL),
(423, 213, 10, 19, '134.00', NULL, NULL),
(424, 1005, 8, 29, '57.00', NULL, NULL),
(425, 763, 3, 27, '185.00', NULL, NULL),
(426, 184, 8, 11, '122.00', NULL, NULL),
(427, 763, 1, 23, '171.00', NULL, NULL),
(428, 219, 7, 24, '136.00', NULL, NULL),
(429, 692, 10, 17, '31.00', NULL, NULL),
(430, 650, 9, 9, '55.00', NULL, NULL),
(431, 533, 1, 5, '119.00', NULL, NULL),
(432, 727, 6, 28, '109.00', NULL, NULL),
(433, 239, 8, 20, '140.00', NULL, NULL),
(434, 851, 7, 26, '131.00', NULL, NULL),
(435, 684, 1, 24, '61.00', NULL, NULL),
(436, 167, 3, 24, '175.00', NULL, NULL),
(437, 891, 8, 18, '71.00', NULL, NULL),
(438, 861, 3, 20, '101.00', NULL, NULL),
(439, 963, 1, 12, '65.00', NULL, NULL),
(440, 610, 6, 9, '153.00', NULL, NULL),
(441, 142, 5, 13, '194.00', NULL, NULL),
(442, 641, 8, 7, '151.00', NULL, NULL),
(443, 1005, 1, 9, '87.00', NULL, NULL),
(444, 232, 10, 11, '183.00', NULL, NULL),
(445, 353, 2, 5, '158.00', NULL, NULL),
(446, 275, 7, 30, '88.00', NULL, NULL),
(447, 158, 1, 21, '30.00', NULL, NULL),
(448, 277, 1, 26, '97.00', NULL, NULL),
(449, 758, 5, 26, '164.00', NULL, NULL),
(450, 936, 5, 14, '40.00', NULL, NULL),
(451, 1083, 4, 14, '110.00', NULL, NULL),
(452, 533, 7, 29, '122.00', NULL, NULL),
(453, 920, 3, 19, '82.00', NULL, NULL),
(454, 851, 3, 10, '30.00', NULL, NULL),
(455, 543, 1, 22, '54.00', NULL, NULL),
(456, 523, 2, 16, '189.00', NULL, NULL),
(457, 640, 5, 16, '192.00', NULL, NULL),
(458, 178, 4, 27, '104.00', NULL, NULL),
(459, 650, 3, 15, '77.00', NULL, NULL),
(460, 392, 9, 22, '99.00', NULL, NULL),
(461, 263, 7, 28, '36.00', NULL, NULL),
(462, 916, 9, 8, '14.00', NULL, NULL),
(463, 155, 1, 9, '61.00', NULL, NULL),
(464, 780, 2, 27, '29.00', NULL, NULL),
(465, 451, 3, 23, '36.00', NULL, NULL),
(466, 327, 4, 11, '175.00', NULL, NULL),
(467, 179, 5, 11, '36.00', NULL, NULL),
(468, 325, 8, 27, '172.00', NULL, NULL),
(469, 797, 7, 8, '57.00', NULL, NULL),
(470, 964, 7, 10, '44.00', NULL, NULL),
(471, 331, 1, 30, '65.00', NULL, NULL),
(472, 573, 2, 25, '169.00', NULL, NULL),
(473, 135, 7, 21, '187.00', NULL, NULL),
(474, 152, 1, 23, '47.00', NULL, NULL),
(475, 1063, 4, 17, '191.00', NULL, NULL),
(476, 567, 4, 27, '145.00', NULL, NULL),
(477, 119, 2, 17, '32.00', NULL, NULL),
(478, 202, 5, 14, '167.00', NULL, NULL),
(479, 828, 2, 25, '183.00', NULL, NULL),
(480, 397, 8, 14, '198.00', NULL, NULL),
(481, 522, 9, 12, '78.00', NULL, NULL),
(482, 365, 2, 17, '124.00', NULL, NULL),
(483, 604, 6, 24, '164.00', NULL, NULL),
(484, 177, 10, 16, '39.00', NULL, NULL),
(485, 897, 6, 11, '139.00', NULL, NULL),
(486, 347, 4, 5, '97.00', NULL, NULL),
(487, 891, 1, 25, '75.00', NULL, NULL),
(488, 997, 7, 26, '128.00', NULL, NULL),
(489, 532, 6, 30, '142.00', NULL, NULL),
(490, 451, 1, 12, '93.00', NULL, NULL),
(491, 437, 7, 30, '97.00', NULL, NULL),
(492, 397, 4, 19, '155.00', NULL, NULL),
(493, 940, 7, 29, '80.00', NULL, NULL),
(494, 545, 7, 16, '17.00', NULL, NULL),
(495, 519, 4, 12, '173.00', NULL, NULL),
(496, 747, 8, 17, '109.00', NULL, NULL),
(497, 833, 7, 18, '87.00', NULL, NULL),
(498, 384, 9, 20, '33.00', NULL, NULL),
(499, 1087, 3, 30, '53.00', NULL, NULL),
(500, 364, 7, 18, '121.00', NULL, NULL),
(501, 302, 6, 13, '80.00', NULL, NULL),
(502, 234, 3, 17, '44.00', NULL, NULL),
(503, 130, 5, 10, '101.00', NULL, NULL),
(504, 259, 5, 11, '93.00', NULL, NULL),
(505, 750, 3, 30, '136.00', NULL, NULL),
(506, 270, 1, 23, '34.00', NULL, NULL),
(507, 200, 7, 18, '159.00', NULL, NULL),
(508, 1024, 10, 7, '19.00', NULL, NULL),
(509, 734, 5, 7, '155.00', NULL, NULL),
(510, 402, 3, 11, '87.00', NULL, NULL),
(511, 123, 8, 28, '133.00', NULL, NULL),
(512, 835, 1, 7, '174.00', NULL, NULL),
(513, 544, 8, 20, '81.00', NULL, NULL),
(514, 1058, 9, 14, '103.00', NULL, NULL),
(515, 125, 9, 11, '16.00', NULL, NULL),
(516, 828, 4, 10, '164.00', NULL, NULL),
(517, 965, 10, 5, '80.00', NULL, NULL),
(518, 826, 6, 22, '124.00', NULL, NULL),
(519, 449, 8, 17, '188.00', NULL, NULL),
(520, 639, 1, 17, '199.00', NULL, NULL),
(521, 1075, 5, 15, '153.00', NULL, NULL),
(522, 788, 4, 18, '10.00', NULL, NULL),
(523, 828, 8, 20, '162.00', NULL, NULL),
(524, 999, 10, 24, '149.00', NULL, NULL),
(525, 347, 5, 18, '109.00', NULL, NULL),
(526, 186, 10, 17, '146.00', NULL, NULL),
(527, 1025, 7, 9, '89.00', NULL, NULL),
(528, 340, 5, 10, '10.00', NULL, NULL),
(529, 874, 7, 12, '19.00', NULL, NULL),
(530, 1014, 3, 8, '67.00', NULL, NULL),
(531, 161, 3, 21, '117.00', NULL, NULL),
(532, 704, 10, 9, '20.00', NULL, NULL),
(533, 917, 2, 9, '70.00', NULL, NULL),
(534, 618, 3, 8, '80.00', NULL, NULL),
(535, 1108, 4, 28, '33.00', NULL, NULL),
(536, 1028, 5, 13, '170.00', NULL, NULL),
(537, 354, 5, 26, '80.00', NULL, NULL),
(538, 760, 4, 20, '103.00', NULL, NULL),
(539, 341, 3, 18, '174.00', NULL, NULL),
(540, 684, 1, 17, '165.00', NULL, NULL),
(541, 148, 7, 14, '166.00', NULL, NULL),
(542, 557, 7, 15, '79.00', NULL, NULL),
(543, 780, 4, 23, '89.00', NULL, NULL),
(544, 350, 9, 27, '11.00', NULL, NULL),
(545, 799, 3, 21, '17.00', NULL, NULL),
(546, 600, 6, 24, '23.00', NULL, NULL),
(547, 154, 7, 12, '168.00', NULL, NULL),
(548, 123, 4, 23, '83.00', NULL, NULL),
(549, 894, 7, 29, '164.00', NULL, NULL),
(550, 864, 5, 28, '95.00', NULL, NULL),
(551, 938, 9, 13, '82.00', NULL, NULL),
(552, 787, 6, 25, '92.00', NULL, NULL),
(553, 819, 8, 28, '40.00', NULL, NULL),
(554, 1071, 9, 30, '130.00', NULL, NULL),
(555, 609, 6, 19, '64.00', NULL, NULL),
(556, 730, 7, 24, '80.00', NULL, NULL),
(557, 958, 10, 29, '189.00', NULL, NULL),
(558, 756, 5, 7, '70.00', NULL, NULL),
(559, 905, 9, 15, '51.00', NULL, NULL),
(560, 503, 7, 6, '191.00', NULL, NULL),
(561, 173, 4, 18, '94.00', NULL, NULL),
(562, 349, 10, 6, '111.00', NULL, NULL),
(563, 791, 1, 14, '71.00', NULL, NULL),
(564, 333, 3, 25, '123.00', NULL, NULL),
(565, 804, 5, 7, '21.00', NULL, NULL),
(566, 223, 2, 6, '93.00', NULL, NULL),
(567, 133, 1, 9, '192.00', NULL, NULL),
(568, 482, 10, 11, '48.00', NULL, NULL),
(569, 611, 6, 23, '42.00', NULL, NULL),
(570, 368, 6, 5, '130.00', NULL, NULL),
(571, 596, 10, 14, '168.00', NULL, NULL),
(572, 481, 8, 16, '137.00', NULL, NULL),
(573, 440, 7, 8, '63.00', NULL, NULL),
(574, 581, 9, 8, '27.00', NULL, NULL),
(575, 842, 8, 9, '139.00', NULL, NULL),
(576, 540, 7, 15, '125.00', NULL, NULL),
(577, 332, 2, 21, '149.00', NULL, NULL),
(578, 328, 2, 27, '136.00', NULL, NULL),
(579, 531, 3, 7, '177.00', NULL, NULL),
(580, 992, 7, 30, '194.00', NULL, NULL),
(581, 849, 4, 23, '179.00', NULL, NULL),
(582, 661, 9, 8, '27.00', NULL, NULL),
(583, 476, 2, 17, '16.00', NULL, NULL),
(584, 736, 10, 26, '156.00', NULL, NULL),
(585, 193, 2, 13, '195.00', NULL, NULL),
(586, 517, 1, 20, '147.00', NULL, NULL),
(587, 140, 7, 12, '147.00', NULL, NULL),
(588, 698, 9, 15, '137.00', NULL, NULL),
(589, 1010, 8, 17, '128.00', NULL, NULL),
(590, 526, 10, 19, '103.00', NULL, NULL),
(591, 1026, 8, 15, '44.00', NULL, NULL),
(592, 793, 6, 9, '135.00', NULL, NULL),
(593, 247, 9, 8, '71.00', NULL, NULL),
(594, 659, 8, 6, '161.00', NULL, NULL),
(595, 444, 9, 30, '103.00', NULL, NULL),
(596, 288, 9, 12, '111.00', NULL, NULL),
(597, 216, 1, 26, '51.00', NULL, NULL),
(598, 805, 10, 8, '186.00', NULL, NULL),
(599, 446, 7, 9, '162.00', NULL, NULL),
(600, 374, 4, 29, '136.00', NULL, NULL),
(601, 312, 3, 23, '19.00', NULL, NULL),
(602, 330, 7, 16, '94.00', NULL, NULL),
(603, 569, 2, 20, '48.00', NULL, NULL),
(604, 691, 10, 26, '96.00', NULL, NULL),
(605, 957, 3, 18, '114.00', NULL, NULL),
(606, 974, 3, 15, '151.00', NULL, NULL),
(607, 1081, 5, 23, '76.00', NULL, NULL),
(608, 555, 4, 26, '47.00', NULL, NULL),
(609, 546, 10, 28, '19.00', NULL, NULL),
(610, 697, 6, 29, '48.00', NULL, NULL),
(611, 539, 7, 25, '133.00', NULL, NULL),
(612, 946, 10, 15, '113.00', NULL, NULL),
(613, 997, 9, 5, '27.00', NULL, NULL),
(614, 676, 9, 18, '96.00', NULL, NULL),
(615, 198, 1, 11, '41.00', NULL, NULL),
(616, 668, 4, 15, '61.00', NULL, NULL),
(617, 421, 9, 29, '93.00', NULL, NULL),
(618, 170, 5, 29, '160.00', NULL, NULL),
(619, 242, 8, 24, '197.00', NULL, NULL),
(620, 445, 8, 7, '43.00', NULL, NULL),
(621, 1022, 3, 20, '59.00', NULL, NULL),
(622, 226, 6, 17, '118.00', NULL, NULL),
(623, 519, 9, 6, '75.00', NULL, NULL),
(624, 450, 6, 8, '121.00', NULL, NULL),
(625, 270, 5, 24, '134.00', NULL, NULL),
(626, 1073, 5, 10, '179.00', NULL, NULL),
(627, 252, 6, 19, '11.00', NULL, NULL),
(628, 253, 9, 25, '178.00', NULL, NULL),
(629, 879, 2, 28, '106.00', NULL, NULL),
(630, 759, 4, 28, '191.00', NULL, NULL),
(631, 896, 9, 12, '178.00', NULL, NULL),
(632, 914, 6, 8, '97.00', NULL, NULL),
(633, 235, 10, 21, '57.00', NULL, NULL),
(634, 119, 9, 27, '83.00', NULL, NULL),
(635, 331, 7, 19, '19.00', NULL, NULL),
(636, 142, 3, 12, '61.00', NULL, NULL),
(637, 244, 8, 18, '196.00', NULL, NULL),
(638, 775, 5, 28, '65.00', NULL, NULL),
(639, 1110, 3, 27, '82.00', NULL, NULL),
(640, 1034, 1, 24, '175.00', NULL, NULL),
(641, 133, 1, 19, '101.00', NULL, NULL),
(642, 632, 7, 18, '149.00', NULL, NULL),
(643, 592, 3, 8, '79.00', NULL, NULL),
(644, 807, 6, 10, '138.00', NULL, NULL),
(645, 851, 3, 30, '127.00', NULL, NULL),
(646, 692, 4, 8, '39.00', NULL, NULL),
(647, 904, 5, 20, '40.00', NULL, NULL),
(648, 332, 5, 12, '98.00', NULL, NULL),
(649, 251, 9, 17, '67.00', NULL, NULL),
(650, 149, 2, 18, '180.00', NULL, NULL),
(651, 263, 5, 24, '136.00', NULL, NULL),
(652, 627, 5, 21, '37.00', NULL, NULL),
(653, 186, 4, 11, '12.00', NULL, NULL),
(654, 970, 2, 7, '138.00', NULL, NULL),
(655, 953, 7, 29, '165.00', NULL, NULL),
(656, 567, 10, 10, '150.00', NULL, NULL),
(657, 1084, 8, 11, '120.00', NULL, NULL),
(658, 258, 5, 6, '197.00', NULL, NULL),
(659, 215, 4, 23, '49.00', NULL, NULL),
(660, 233, 8, 26, '172.00', NULL, NULL),
(661, 1050, 9, 23, '160.00', NULL, NULL),
(662, 907, 1, 29, '84.00', NULL, NULL),
(663, 672, 8, 14, '61.00', NULL, NULL),
(664, 287, 10, 16, '146.00', NULL, NULL),
(665, 117, 8, 16, '65.00', NULL, NULL),
(666, 185, 8, 30, '172.00', NULL, NULL),
(667, 873, 8, 30, '72.00', NULL, NULL),
(668, 572, 6, 6, '171.00', NULL, NULL),
(669, 219, 6, 12, '169.00', NULL, NULL),
(670, 1120, 9, 15, '174.00', NULL, NULL),
(671, 940, 5, 28, '187.00', NULL, NULL),
(672, 186, 2, 15, '165.00', NULL, NULL),
(673, 925, 7, 27, '197.00', NULL, NULL),
(674, 475, 3, 8, '170.00', NULL, NULL),
(675, 640, 4, 12, '64.00', NULL, NULL),
(676, 355, 8, 26, '174.00', NULL, NULL),
(677, 935, 9, 16, '33.00', NULL, NULL),
(678, 378, 8, 25, '69.00', NULL, NULL),
(679, 162, 1, 15, '165.00', NULL, NULL),
(680, 473, 8, 23, '162.00', NULL, NULL),
(681, 509, 4, 16, '85.00', NULL, NULL),
(682, 273, 1, 15, '105.00', NULL, NULL),
(683, 1112, 8, 21, '57.00', NULL, NULL),
(684, 922, 5, 26, '35.00', NULL, NULL),
(685, 982, 6, 7, '39.00', NULL, NULL),
(686, 850, 4, 8, '23.00', NULL, NULL),
(687, 502, 4, 25, '70.00', NULL, NULL),
(688, 436, 6, 24, '47.00', NULL, NULL),
(689, 165, 2, 20, '169.00', NULL, NULL),
(690, 659, 1, 10, '93.00', NULL, NULL),
(691, 636, 3, 29, '160.00', NULL, NULL),
(692, 882, 6, 15, '97.00', NULL, NULL),
(693, 578, 7, 12, '120.00', NULL, NULL),
(694, 506, 10, 24, '10.00', NULL, NULL),
(695, 976, 3, 23, '155.00', NULL, NULL),
(696, 125, 7, 7, '112.00', NULL, NULL),
(697, 144, 9, 21, '181.00', NULL, NULL),
(698, 428, 4, 23, '37.00', NULL, NULL),
(699, 219, 6, 16, '95.00', NULL, NULL),
(700, 704, 10, 18, '21.00', NULL, NULL),
(701, 242, 10, 18, '10.00', NULL, NULL),
(702, 1080, 1, 29, '160.00', NULL, NULL),
(703, 772, 3, 15, '11.00', NULL, NULL),
(704, 576, 6, 8, '119.00', NULL, NULL),
(705, 276, 7, 20, '66.00', NULL, NULL),
(706, 753, 2, 7, '193.00', NULL, NULL),
(707, 947, 2, 24, '38.00', NULL, NULL),
(708, 389, 2, 18, '180.00', NULL, NULL),
(709, 891, 6, 18, '122.00', NULL, NULL),
(710, 639, 6, 8, '166.00', NULL, NULL),
(711, 242, 3, 6, '89.00', NULL, NULL),
(712, 742, 2, 28, '180.00', NULL, NULL),
(713, 662, 3, 23, '31.00', NULL, NULL),
(714, 171, 9, 19, '68.00', NULL, NULL),
(715, 529, 7, 13, '161.00', NULL, NULL),
(716, 359, 8, 5, '147.00', NULL, NULL),
(717, 781, 10, 6, '192.00', NULL, NULL),
(718, 691, 9, 10, '152.00', NULL, NULL),
(719, 813, 3, 10, '57.00', NULL, NULL),
(720, 342, 4, 10, '160.00', NULL, NULL),
(721, 129, 8, 26, '98.00', NULL, NULL),
(722, 158, 10, 7, '101.00', NULL, NULL),
(723, 1115, 2, 29, '140.00', NULL, NULL),
(724, 410, 4, 22, '137.00', NULL, NULL),
(725, 274, 3, 30, '177.00', NULL, NULL),
(726, 137, 8, 17, '117.00', NULL, NULL),
(727, 489, 8, 6, '74.00', NULL, NULL),
(728, 693, 2, 22, '100.00', NULL, NULL),
(729, 139, 3, 11, '156.00', NULL, NULL),
(730, 1122, 4, 28, '33.00', NULL, NULL),
(731, 582, 9, 7, '167.00', NULL, NULL),
(732, 629, 8, 16, '25.00', NULL, NULL),
(733, 277, 2, 25, '11.00', NULL, NULL),
(734, 844, 4, 6, '55.00', NULL, NULL),
(735, 598, 7, 27, '48.00', NULL, NULL),
(736, 1018, 7, 21, '44.00', NULL, NULL),
(737, 499, 1, 15, '58.00', NULL, NULL),
(738, 1047, 9, 12, '179.00', NULL, NULL),
(739, 344, 3, 18, '171.00', NULL, NULL),
(740, 1033, 8, 8, '121.00', NULL, NULL),
(741, 1097, 9, 8, '127.00', NULL, NULL),
(742, 734, 5, 21, '105.00', NULL, NULL),
(743, 205, 8, 29, '24.00', NULL, NULL),
(744, 661, 1, 6, '31.00', NULL, NULL),
(745, 864, 10, 11, '58.00', NULL, NULL),
(746, 546, 10, 9, '32.00', NULL, NULL),
(747, 828, 9, 17, '187.00', NULL, NULL),
(748, 521, 5, 10, '146.00', NULL, NULL),
(749, 995, 10, 23, '108.00', NULL, NULL),
(750, 195, 3, 16, '47.00', NULL, NULL),
(751, 966, 8, 24, '141.00', NULL, NULL),
(752, 260, 3, 21, '183.00', NULL, NULL),
(753, 923, 4, 25, '27.00', NULL, NULL),
(754, 198, 2, 23, '57.00', NULL, NULL),
(755, 960, 9, 15, '42.00', NULL, NULL),
(756, 179, 6, 11, '160.00', NULL, NULL),
(757, 1021, 10, 24, '180.00', NULL, NULL),
(758, 142, 6, 15, '190.00', NULL, NULL),
(759, 512, 8, 23, '75.00', NULL, NULL),
(760, 467, 4, 23, '188.00', NULL, NULL),
(761, 980, 8, 16, '128.00', NULL, NULL),
(762, 312, 5, 7, '187.00', NULL, NULL),
(763, 1067, 2, 17, '45.00', NULL, NULL),
(764, 493, 5, 17, '123.00', NULL, NULL),
(765, 137, 4, 30, '190.00', NULL, NULL),
(766, 601, 10, 23, '34.00', NULL, NULL),
(767, 734, 5, 26, '153.00', NULL, NULL),
(768, 858, 5, 20, '152.00', NULL, NULL),
(769, 360, 2, 17, '100.00', NULL, NULL),
(770, 229, 4, 5, '45.00', NULL, NULL),
(771, 426, 5, 27, '122.00', NULL, NULL),
(772, 832, 3, 16, '15.00', NULL, NULL),
(773, 526, 8, 5, '185.00', NULL, NULL),
(774, 150, 10, 6, '39.00', NULL, NULL),
(775, 524, 5, 21, '175.00', NULL, NULL),
(776, 1104, 3, 5, '112.00', NULL, NULL),
(777, 441, 5, 11, '113.00', NULL, NULL),
(778, 364, 3, 10, '112.00', NULL, NULL),
(779, 877, 8, 16, '86.00', NULL, NULL),
(780, 1046, 4, 27, '10.00', NULL, NULL),
(781, 666, 6, 7, '19.00', NULL, NULL),
(782, 152, 1, 6, '105.00', NULL, NULL),
(783, 409, 10, 25, '68.00', NULL, NULL),
(784, 487, 4, 28, '89.00', NULL, NULL),
(785, 298, 3, 21, '72.00', NULL, NULL),
(786, 469, 3, 10, '181.00', NULL, NULL),
(787, 747, 4, 27, '11.00', NULL, NULL),
(788, 649, 1, 21, '18.00', NULL, NULL),
(789, 372, 6, 19, '96.00', NULL, NULL),
(790, 215, 1, 14, '67.00', NULL, NULL),
(791, 371, 2, 17, '86.00', NULL, NULL),
(792, 788, 10, 22, '134.00', NULL, NULL),
(793, 721, 6, 14, '28.00', NULL, NULL),
(794, 389, 1, 10, '186.00', NULL, NULL),
(795, 893, 6, 19, '182.00', NULL, NULL),
(796, 997, 6, 7, '35.00', NULL, NULL),
(797, 833, 8, 21, '83.00', NULL, NULL),
(798, 414, 3, 13, '153.00', NULL, NULL),
(799, 397, 6, 13, '190.00', NULL, NULL),
(800, 583, 5, 20, '32.00', NULL, NULL),
(801, 560, 3, 19, '112.00', NULL, NULL),
(802, 1033, 3, 24, '24.00', NULL, NULL),
(803, 595, 3, 26, '178.00', NULL, NULL),
(804, 962, 2, 17, '20.00', NULL, NULL),
(805, 416, 9, 8, '53.00', NULL, NULL),
(806, 121, 10, 25, '94.00', NULL, NULL),
(807, 398, 7, 14, '152.00', NULL, NULL),
(808, 451, 10, 7, '175.00', NULL, NULL),
(809, 1010, 9, 7, '170.00', NULL, NULL),
(810, 440, 6, 19, '175.00', NULL, NULL),
(811, 202, 8, 11, '137.00', NULL, NULL),
(812, 1115, 10, 24, '164.00', NULL, NULL),
(813, 151, 7, 17, '14.00', NULL, NULL),
(814, 124, 4, 14, '85.00', NULL, NULL),
(815, 208, 3, 6, '140.00', NULL, NULL),
(816, 1108, 1, 11, '22.00', NULL, NULL),
(817, 426, 2, 14, '14.00', NULL, NULL),
(818, 408, 1, 24, '110.00', NULL, NULL),
(819, 497, 8, 22, '110.00', NULL, NULL),
(820, 580, 4, 27, '79.00', NULL, NULL),
(821, 849, 8, 27, '40.00', NULL, NULL),
(822, 803, 9, 30, '92.00', NULL, NULL),
(823, 578, 2, 6, '126.00', NULL, NULL),
(824, 279, 7, 22, '157.00', NULL, NULL),
(825, 740, 10, 20, '153.00', NULL, NULL),
(826, 454, 8, 5, '100.00', NULL, NULL),
(827, 207, 5, 30, '66.00', NULL, NULL),
(828, 1018, 8, 30, '141.00', NULL, NULL),
(829, 786, 2, 27, '10.00', NULL, NULL),
(830, 1115, 5, 10, '66.00', NULL, NULL),
(831, 688, 7, 19, '148.00', NULL, NULL),
(832, 1124, 1, 22, '176.00', NULL, NULL),
(833, 1050, 9, 19, '134.00', NULL, NULL),
(834, 683, 8, 18, '17.00', NULL, NULL),
(835, 908, 4, 9, '133.00', NULL, NULL),
(836, 332, 1, 15, '198.00', NULL, NULL),
(837, 1093, 8, 23, '182.00', NULL, NULL),
(838, 451, 8, 8, '193.00', NULL, NULL),
(839, 508, 5, 25, '129.00', NULL, NULL),
(840, 385, 4, 7, '108.00', NULL, NULL),
(841, 376, 8, 21, '33.00', NULL, NULL),
(842, 817, 5, 13, '144.00', NULL, NULL),
(843, 1067, 4, 16, '83.00', NULL, NULL),
(844, 936, 7, 14, '191.00', NULL, NULL),
(845, 740, 5, 8, '102.00', NULL, NULL),
(846, 301, 6, 16, '193.00', NULL, NULL),
(847, 739, 10, 16, '154.00', NULL, NULL),
(848, 332, 8, 27, '89.00', NULL, NULL),
(849, 733, 8, 26, '81.00', NULL, NULL),
(850, 952, 9, 23, '50.00', NULL, NULL),
(851, 971, 7, 22, '55.00', NULL, NULL),
(852, 1039, 2, 14, '197.00', NULL, NULL),
(853, 760, 7, 26, '55.00', NULL, NULL),
(854, 816, 1, 25, '134.00', NULL, NULL),
(855, 829, 7, 20, '181.00', NULL, NULL),
(856, 504, 4, 12, '50.00', NULL, NULL),
(857, 665, 3, 19, '143.00', NULL, NULL),
(858, 831, 3, 5, '28.00', NULL, NULL),
(859, 944, 3, 22, '24.00', NULL, NULL),
(860, 708, 6, 29, '67.00', NULL, NULL),
(861, 709, 1, 27, '82.00', NULL, NULL),
(862, 171, 4, 11, '146.00', NULL, NULL),
(863, 345, 10, 14, '24.00', NULL, NULL),
(864, 1105, 1, 21, '86.00', NULL, NULL),
(865, 225, 1, 17, '134.00', NULL, NULL),
(866, 380, 5, 21, '95.00', NULL, NULL),
(867, 333, 2, 7, '164.00', NULL, NULL),
(868, 128, 6, 7, '36.00', NULL, NULL),
(869, 297, 2, 8, '183.00', NULL, NULL),
(870, 183, 3, 7, '137.00', NULL, NULL),
(871, 361, 8, 23, '111.00', NULL, NULL),
(872, 1027, 7, 26, '143.00', NULL, NULL),
(873, 284, 10, 5, '55.00', NULL, NULL),
(874, 959, 3, 13, '161.00', NULL, NULL),
(875, 452, 7, 12, '14.00', NULL, NULL),
(876, 862, 6, 5, '190.00', NULL, NULL),
(877, 502, 4, 7, '107.00', NULL, NULL),
(878, 469, 5, 7, '96.00', NULL, NULL),
(879, 166, 10, 7, '71.00', NULL, NULL),
(880, 755, 10, 5, '164.00', NULL, NULL),
(881, 585, 10, 6, '73.00', NULL, NULL),
(882, 669, 2, 14, '92.00', NULL, NULL),
(883, 159, 6, 19, '30.00', NULL, NULL),
(884, 457, 6, 26, '96.00', NULL, NULL),
(885, 195, 1, 20, '191.00', NULL, NULL),
(886, 917, 2, 29, '67.00', NULL, NULL),
(887, 864, 8, 16, '170.00', NULL, NULL),
(888, 925, 1, 25, '162.00', NULL, NULL),
(889, 483, 3, 19, '197.00', NULL, NULL),
(890, 170, 4, 8, '82.00', NULL, NULL),
(891, 867, 2, 15, '155.00', NULL, NULL),
(892, 118, 9, 29, '130.00', NULL, NULL),
(893, 541, 1, 8, '114.00', NULL, NULL),
(894, 632, 7, 21, '106.00', NULL, NULL),
(895, 490, 5, 21, '122.00', NULL, NULL),
(896, 781, 6, 19, '30.00', NULL, NULL),
(897, 524, 6, 14, '108.00', NULL, NULL),
(898, 1082, 2, 18, '176.00', NULL, NULL),
(899, 823, 5, 23, '200.00', NULL, NULL),
(900, 1028, 3, 17, '35.00', NULL, NULL),
(901, 700, 8, 17, '28.00', NULL, NULL),
(902, 1115, 8, 15, '171.00', NULL, NULL),
(903, 967, 10, 25, '16.00', NULL, NULL),
(904, 329, 10, 18, '59.00', NULL, NULL),
(905, 799, 3, 30, '122.00', NULL, NULL),
(906, 945, 4, 8, '30.00', NULL, NULL),
(907, 1111, 6, 23, '54.00', NULL, NULL),
(908, 350, 10, 27, '26.00', NULL, NULL),
(909, 907, 9, 29, '127.00', NULL, NULL),
(910, 172, 5, 22, '193.00', NULL, NULL),
(911, 954, 5, 10, '183.00', NULL, NULL),
(912, 999, 10, 23, '107.00', NULL, NULL),
(913, 169, 10, 10, '94.00', NULL, NULL),
(914, 191, 7, 30, '54.00', NULL, NULL),
(915, 776, 3, 25, '181.00', NULL, NULL),
(916, 121, 7, 13, '44.00', NULL, NULL),
(917, 477, 8, 12, '131.00', NULL, NULL),
(918, 685, 4, 23, '98.00', NULL, NULL),
(919, 264, 8, 15, '121.00', NULL, NULL),
(920, 897, 4, 13, '146.00', NULL, NULL),
(921, 504, 9, 27, '51.00', NULL, NULL),
(922, 631, 7, 17, '119.00', NULL, NULL),
(923, 475, 8, 12, '102.00', NULL, NULL),
(924, 595, 7, 16, '78.00', NULL, NULL),
(925, 568, 3, 27, '138.00', NULL, NULL),
(926, 1090, 2, 24, '146.00', NULL, NULL),
(927, 795, 10, 8, '152.00', NULL, NULL),
(928, 514, 5, 9, '148.00', NULL, NULL),
(929, 459, 6, 28, '61.00', NULL, NULL),
(930, 704, 6, 7, '93.00', NULL, NULL),
(931, 915, 5, 9, '197.00', NULL, NULL),
(932, 1060, 1, 22, '64.00', NULL, NULL),
(933, 751, 4, 9, '188.00', NULL, NULL),
(934, 790, 10, 17, '200.00', NULL, NULL),
(935, 863, 8, 20, '199.00', NULL, NULL),
(936, 999, 7, 6, '87.00', NULL, NULL),
(937, 888, 2, 7, '91.00', NULL, NULL),
(938, 764, 4, 30, '46.00', NULL, NULL),
(939, 1002, 4, 18, '65.00', NULL, NULL),
(940, 349, 8, 30, '91.00', NULL, NULL),
(941, 332, 9, 24, '127.00', NULL, NULL),
(942, 227, 10, 20, '90.00', NULL, NULL),
(943, 784, 1, 18, '48.00', NULL, NULL),
(944, 265, 8, 8, '28.00', NULL, NULL),
(945, 515, 1, 5, '17.00', NULL, NULL),
(946, 1121, 8, 10, '186.00', NULL, NULL),
(947, 776, 7, 12, '126.00', NULL, NULL),
(948, 207, 9, 24, '60.00', NULL, NULL),
(949, 855, 4, 6, '167.00', NULL, NULL),
(950, 1080, 7, 22, '22.00', NULL, NULL),
(951, 851, 6, 26, '156.00', NULL, NULL),
(952, 1032, 8, 19, '186.00', NULL, NULL),
(953, 442, 8, 28, '58.00', NULL, NULL),
(954, 1014, 7, 30, '34.00', NULL, NULL),
(955, 752, 5, 14, '177.00', NULL, NULL),
(956, 283, 4, 15, '106.00', NULL, NULL),
(957, 504, 6, 17, '189.00', NULL, NULL),
(958, 971, 1, 30, '22.00', NULL, NULL),
(959, 482, 5, 30, '125.00', NULL, NULL),
(960, 1048, 9, 28, '18.00', NULL, NULL),
(961, 160, 1, 12, '173.00', NULL, NULL),
(962, 913, 2, 8, '21.00', NULL, NULL),
(963, 216, 4, 9, '80.00', NULL, NULL),
(964, 912, 7, 30, '146.00', NULL, NULL),
(965, 182, 7, 26, '131.00', NULL, NULL),
(966, 625, 9, 22, '182.00', NULL, NULL),
(967, 574, 3, 30, '121.00', NULL, NULL),
(968, 509, 6, 15, '143.00', NULL, NULL),
(969, 548, 1, 12, '149.00', NULL, NULL),
(970, 1112, 2, 26, '51.00', NULL, NULL),
(971, 584, 9, 10, '39.00', NULL, NULL),
(972, 388, 8, 7, '34.00', NULL, NULL),
(973, 261, 4, 19, '17.00', NULL, NULL),
(974, 373, 3, 18, '160.00', NULL, NULL),
(975, 177, 8, 24, '57.00', NULL, NULL),
(976, 1120, 6, 24, '60.00', NULL, NULL),
(977, 756, 2, 13, '191.00', NULL, NULL),
(978, 403, 10, 14, '130.00', NULL, NULL),
(979, 692, 6, 24, '127.00', NULL, NULL),
(980, 793, 2, 18, '185.00', NULL, NULL),
(981, 554, 9, 17, '91.00', NULL, NULL),
(982, 614, 9, 27, '124.00', NULL, NULL),
(983, 853, 6, 8, '193.00', NULL, NULL),
(984, 346, 5, 17, '82.00', NULL, NULL),
(985, 600, 5, 29, '31.00', NULL, NULL),
(986, 872, 6, 20, '100.00', NULL, NULL),
(987, 1000, 5, 21, '48.00', NULL, NULL),
(988, 430, 9, 25, '48.00', NULL, NULL),
(989, 169, 2, 15, '132.00', NULL, NULL),
(990, 1109, 5, 21, '53.00', NULL, NULL),
(991, 506, 3, 18, '165.00', NULL, NULL),
(992, 1052, 4, 23, '64.00', NULL, NULL),
(993, 887, 1, 23, '48.00', NULL, NULL),
(994, 705, 8, 20, '62.00', NULL, NULL),
(995, 213, 2, 6, '158.00', NULL, NULL),
(996, 320, 8, 14, '32.00', NULL, NULL),
(997, 204, 6, 12, '75.00', NULL, NULL),
(998, 800, 3, 5, '26.00', NULL, NULL),
(999, 738, 8, 25, '147.00', NULL, NULL),
(1000, 664, 3, 7, '98.00', NULL, NULL),
(1001, 581, 6, 23, '177.00', NULL, NULL),
(1002, 228, 6, 21, '108.00', NULL, NULL),
(1003, 1086, 3, 5, '85.00', NULL, NULL),
(1004, 117, 7, 21, '20.00', NULL, NULL),
(1005, 607, 6, 17, '184.00', NULL, NULL),
(1006, 910, 9, 20, '24.00', NULL, NULL),
(1007, 389, 9, 30, '197.00', NULL, NULL),
(1008, 1014, 2, 20, '50.00', NULL, NULL),
(1009, 919, 9, 22, '173.00', NULL, NULL),
(1010, 893, 7, 14, '150.00', NULL, NULL),
(1011, 544, 6, 21, '58.00', NULL, NULL),
(1012, 702, 2, 18, '150.00', NULL, NULL),
(1013, 769, 4, 9, '11.00', NULL, NULL),
(1014, 512, 8, 19, '60.00', NULL, NULL),
(1015, 311, 9, 8, '196.00', NULL, NULL),
(1016, 1096, 4, 23, '20.00', NULL, NULL),
(1017, 1093, 8, 28, '183.00', NULL, NULL),
(1018, 700, 7, 7, '145.00', NULL, NULL),
(1019, 998, 4, 5, '65.00', NULL, NULL),
(1020, 363, 6, 14, '58.00', NULL, NULL),
(1021, 139, 3, 12, '157.00', NULL, NULL),
(1022, 545, 10, 15, '112.00', NULL, NULL),
(1023, 335, 8, 26, '127.00', NULL, NULL),
(1024, 487, 4, 21, '153.00', NULL, NULL),
(1025, 702, 9, 7, '200.00', NULL, NULL),
(1026, 758, 1, 12, '161.00', NULL, NULL),
(1027, 484, 7, 19, '151.00', NULL, NULL),
(1028, 1006, 5, 28, '36.00', NULL, NULL),
(1029, 383, 1, 6, '68.00', NULL, NULL),
(1030, 1060, 10, 21, '71.00', NULL, NULL),
(1031, 767, 9, 24, '34.00', NULL, NULL),
(1032, 417, 5, 10, '103.00', NULL, NULL),
(1033, 142, 10, 26, '28.00', NULL, NULL),
(1034, 224, 4, 11, '100.00', NULL, NULL),
(1035, 526, 10, 22, '92.00', NULL, NULL),
(1036, 1053, 10, 27, '26.00', NULL, NULL),
(1037, 257, 4, 26, '26.00', NULL, NULL),
(1038, 1022, 8, 28, '28.00', NULL, NULL),
(1039, 303, 6, 25, '164.00', NULL, NULL),
(1040, 237, 4, 15, '168.00', NULL, NULL),
(1041, 539, 1, 16, '12.00', NULL, NULL),
(1042, 670, 1, 23, '68.00', NULL, NULL),
(1043, 192, 6, 13, '71.00', NULL, NULL),
(1044, 145, 8, 25, '75.00', NULL, NULL),
(1045, 542, 6, 25, '81.00', NULL, NULL),
(1046, 600, 4, 28, '114.00', NULL, NULL),
(1047, 884, 3, 17, '85.00', NULL, NULL),
(1048, 184, 4, 22, '120.00', NULL, NULL),
(1049, 401, 9, 8, '43.00', NULL, NULL),
(1050, 207, 4, 21, '46.00', NULL, NULL),
(1051, 458, 9, 14, '113.00', NULL, NULL),
(1052, 668, 3, 27, '103.00', NULL, NULL),
(1053, 205, 4, 25, '60.00', NULL, NULL),
(1054, 169, 3, 25, '66.00', NULL, NULL),
(1055, 471, 9, 26, '109.00', NULL, NULL),
(1056, 894, 5, 21, '148.00', NULL, NULL),
(1057, 664, 4, 18, '92.00', NULL, NULL),
(1058, 798, 7, 25, '120.00', NULL, NULL),
(1059, 619, 6, 23, '82.00', NULL, NULL),
(1060, 1068, 3, 6, '131.00', NULL, NULL),
(1061, 723, 9, 22, '143.00', NULL, NULL),
(1062, 244, 2, 12, '146.00', NULL, NULL),
(1063, 195, 9, 30, '93.00', NULL, NULL),
(1064, 599, 9, 28, '190.00', NULL, NULL),
(1065, 215, 3, 26, '152.00', NULL, NULL),
(1066, 628, 10, 25, '192.00', NULL, NULL),
(1067, 323, 9, 15, '94.00', NULL, NULL),
(1068, 816, 5, 13, '70.00', NULL, NULL),
(1069, 268, 2, 30, '31.00', NULL, NULL),
(1070, 673, 10, 15, '102.00', NULL, NULL),
(1071, 150, 10, 27, '94.00', NULL, NULL),
(1072, 1045, 7, 13, '163.00', NULL, NULL),
(1073, 944, 1, 5, '91.00', NULL, NULL),
(1074, 669, 2, 13, '107.00', NULL, NULL),
(1075, 918, 7, 28, '172.00', NULL, NULL),
(1076, 1003, 9, 13, '173.00', NULL, NULL),
(1077, 642, 5, 23, '30.00', NULL, NULL),
(1078, 181, 6, 30, '114.00', NULL, NULL),
(1079, 226, 7, 30, '97.00', NULL, NULL),
(1080, 1103, 1, 25, '92.00', NULL, NULL),
(1081, 340, 10, 26, '170.00', NULL, NULL),
(1082, 964, 8, 26, '184.00', NULL, NULL),
(1083, 472, 5, 24, '49.00', NULL, NULL),
(1084, 642, 6, 17, '11.00', NULL, NULL),
(1085, 1030, 9, 27, '25.00', NULL, NULL),
(1086, 660, 5, 20, '170.00', NULL, NULL),
(1087, 364, 10, 23, '184.00', NULL, NULL),
(1088, 898, 7, 24, '171.00', NULL, NULL),
(1089, 182, 2, 25, '70.00', NULL, NULL),
(1090, 508, 2, 7, '64.00', NULL, NULL),
(1091, 124, 6, 24, '24.00', NULL, NULL),
(1092, 415, 10, 26, '113.00', NULL, NULL),
(1093, 1035, 4, 6, '106.00', NULL, NULL),
(1094, 572, 3, 21, '168.00', NULL, NULL),
(1095, 873, 5, 28, '21.00', NULL, NULL),
(1096, 647, 7, 26, '125.00', NULL, NULL),
(1097, 555, 1, 19, '177.00', NULL, NULL),
(1098, 995, 6, 14, '31.00', NULL, NULL),
(1099, 606, 9, 11, '196.00', NULL, NULL),
(1100, 703, 2, 6, '161.00', NULL, NULL),
(1101, 715, 10, 22, '167.00', NULL, NULL),
(1102, 948, 8, 14, '26.00', NULL, NULL),
(1103, 189, 3, 29, '181.00', NULL, NULL),
(1104, 518, 5, 14, '94.00', NULL, NULL),
(1105, 860, 5, 14, '92.00', NULL, NULL),
(1106, 1012, 2, 15, '26.00', NULL, NULL),
(1107, 382, 7, 13, '74.00', NULL, NULL),
(1108, 283, 8, 21, '136.00', NULL, NULL),
(1109, 165, 5, 6, '114.00', NULL, NULL),
(1110, 751, 5, 20, '31.00', NULL, NULL),
(1111, 763, 2, 16, '174.00', NULL, NULL),
(1112, 139, 10, 9, '122.00', NULL, NULL),
(1113, 1120, 4, 29, '131.00', NULL, NULL),
(1114, 388, 2, 19, '109.00', NULL, NULL),
(1115, 263, 1, 9, '152.00', NULL, NULL),
(1116, 995, 9, 18, '63.00', NULL, NULL),
(1117, 993, 10, 14, '59.00', NULL, NULL),
(1118, 903, 6, 8, '177.00', NULL, NULL),
(1119, 1045, 9, 26, '153.00', NULL, NULL),
(1120, 557, 2, 18, '85.00', NULL, NULL),
(1121, 684, 8, 10, '110.00', NULL, NULL),
(1122, 123, 9, 25, '175.00', NULL, NULL),
(1123, 464, 10, 20, '150.00', NULL, NULL),
(1124, 558, 5, 10, '168.00', NULL, NULL),
(1125, 702, 2, 18, '155.00', NULL, NULL),
(1126, 394, 2, 18, '12.00', NULL, NULL),
(1127, 396, 5, 30, '31.00', NULL, NULL),
(1128, 735, 10, 26, '94.00', NULL, NULL),
(1129, 1020, 1, 10, '173.00', NULL, NULL),
(1130, 1074, 1, 15, '37.00', NULL, NULL),
(1131, 667, 1, 12, '142.00', NULL, NULL),
(1132, 503, 3, 6, '94.00', NULL, NULL),
(1133, 585, 8, 22, '150.00', NULL, NULL),
(1134, 313, 7, 17, '188.00', NULL, NULL),
(1135, 880, 9, 30, '52.00', NULL, NULL),
(1136, 121, 6, 28, '62.00', NULL, NULL),
(1137, 975, 4, 28, '197.00', NULL, NULL),
(1138, 444, 2, 15, '23.00', NULL, NULL),
(1139, 119, 5, 27, '104.00', NULL, NULL),
(1140, 391, 7, 30, '130.00', NULL, NULL),
(1141, 265, 5, 24, '71.00', NULL, NULL),
(1142, 613, 9, 11, '28.00', NULL, NULL),
(1143, 1011, 9, 17, '154.00', NULL, NULL),
(1144, 137, 4, 18, '48.00', NULL, NULL),
(1145, 789, 9, 25, '124.00', NULL, NULL),
(1146, 1049, 9, 25, '124.00', NULL, NULL),
(1147, 390, 1, 15, '30.00', NULL, NULL),
(1148, 1076, 8, 11, '76.00', NULL, NULL),
(1149, 894, 3, 28, '111.00', NULL, NULL),
(1150, 266, 8, 27, '163.00', NULL, NULL),
(1151, 338, 8, 15, '86.00', NULL, NULL),
(1152, 275, 9, 12, '158.00', NULL, NULL),
(1153, 575, 3, 24, '119.00', NULL, NULL),
(1154, 580, 8, 23, '136.00', NULL, NULL),
(1155, 1091, 10, 15, '155.00', NULL, NULL),
(1156, 209, 8, 28, '99.00', NULL, NULL),
(1157, 698, 6, 15, '101.00', NULL, NULL),
(1158, 843, 3, 10, '81.00', NULL, NULL),
(1159, 1112, 2, 14, '179.00', NULL, NULL),
(1160, 1059, 6, 21, '25.00', NULL, NULL),
(1161, 932, 8, 11, '84.00', NULL, NULL),
(1162, 804, 5, 8, '47.00', NULL, NULL),
(1163, 883, 6, 25, '95.00', NULL, NULL),
(1164, 625, 6, 9, '125.00', NULL, NULL),
(1165, 306, 10, 10, '141.00', NULL, NULL),
(1166, 846, 7, 25, '81.00', NULL, NULL),
(1167, 1111, 1, 30, '171.00', NULL, NULL),
(1168, 661, 2, 21, '110.00', NULL, NULL),
(1169, 305, 10, 23, '99.00', NULL, NULL),
(1170, 850, 3, 12, '96.00', NULL, NULL),
(1171, 502, 7, 29, '199.00', NULL, NULL),
(1172, 654, 4, 25, '85.00', NULL, NULL),
(1173, 333, 6, 21, '54.00', NULL, NULL),
(1174, 295, 9, 23, '69.00', NULL, NULL),
(1175, 611, 3, 25, '24.00', NULL, NULL),
(1176, 847, 8, 12, '104.00', NULL, NULL),
(1177, 866, 1, 6, '148.00', NULL, NULL),
(1178, 638, 5, 20, '183.00', NULL, NULL),
(1179, 600, 2, 18, '128.00', NULL, NULL),
(1180, 980, 9, 9, '44.00', NULL, NULL),
(1181, 177, 4, 8, '43.00', NULL, NULL),
(1182, 158, 4, 27, '156.00', NULL, NULL),
(1183, 205, 2, 19, '47.00', NULL, NULL),
(1184, 362, 1, 8, '50.00', NULL, NULL),
(1185, 318, 4, 5, '106.00', NULL, NULL),
(1186, 559, 3, 6, '153.00', NULL, NULL),
(1187, 609, 4, 17, '143.00', NULL, NULL),
(1188, 137, 9, 14, '89.00', NULL, NULL),
(1189, 790, 8, 15, '151.00', NULL, NULL),
(1190, 949, 5, 20, '30.00', NULL, NULL),
(1191, 797, 2, 7, '159.00', NULL, NULL),
(1192, 312, 3, 26, '132.00', NULL, NULL),
(1193, 406, 8, 24, '21.00', NULL, NULL),
(1194, 883, 7, 11, '185.00', NULL, NULL),
(1195, 701, 8, 16, '17.00', NULL, NULL),
(1196, 579, 5, 25, '28.00', NULL, NULL),
(1197, 636, 6, 27, '43.00', NULL, NULL),
(1198, 978, 1, 10, '172.00', NULL, NULL),
(1199, 871, 6, 19, '45.00', NULL, NULL),
(1200, 482, 9, 5, '41.00', NULL, NULL),
(1201, 961, 9, 28, '61.00', NULL, NULL),
(1202, 347, 2, 25, '157.00', NULL, NULL),
(1203, 785, 3, 15, '186.00', NULL, NULL),
(1204, 368, 2, 5, '16.00', NULL, NULL),
(1205, 1042, 4, 14, '148.00', NULL, NULL),
(1206, 256, 2, 21, '96.00', NULL, NULL),
(1207, 388, 6, 20, '147.00', NULL, NULL),
(1208, 307, 8, 5, '119.00', NULL, NULL),
(1209, 240, 6, 17, '96.00', NULL, NULL),
(1210, 127, 3, 28, '165.00', NULL, NULL),
(1211, 620, 7, 15, '16.00', NULL, NULL),
(1212, 835, 9, 17, '58.00', NULL, NULL),
(1213, 878, 9, 29, '189.00', NULL, NULL),
(1214, 259, 7, 5, '99.00', NULL, NULL),
(1215, 984, 9, 24, '147.00', NULL, NULL),
(1216, 817, 3, 19, '135.00', NULL, NULL),
(1217, 613, 10, 13, '151.00', NULL, NULL),
(1218, 508, 7, 17, '48.00', NULL, NULL),
(1219, 336, 5, 21, '145.00', NULL, NULL),
(1220, 562, 8, 23, '26.00', NULL, NULL),
(1221, 651, 10, 28, '77.00', NULL, NULL),
(1222, 917, 3, 11, '53.00', NULL, NULL),
(1223, 892, 10, 22, '30.00', NULL, NULL),
(1224, 470, 6, 30, '196.00', NULL, NULL),
(1225, 465, 4, 6, '147.00', NULL, NULL),
(1226, 374, 3, 21, '82.00', NULL, NULL),
(1227, 1101, 5, 18, '131.00', NULL, NULL),
(1228, 481, 9, 19, '23.00', NULL, NULL),
(1229, 654, 3, 13, '107.00', NULL, NULL),
(1230, 1065, 9, 27, '48.00', NULL, NULL),
(1231, 843, 1, 28, '63.00', NULL, NULL),
(1232, 1090, 6, 16, '23.00', NULL, NULL),
(1233, 657, 1, 24, '74.00', NULL, NULL),
(1234, 713, 6, 12, '168.00', NULL, NULL),
(1235, 131, 1, 9, '102.00', NULL, NULL),
(1236, 663, 9, 30, '53.00', NULL, NULL),
(1237, 1101, 7, 21, '145.00', NULL, NULL),
(1238, 651, 8, 19, '198.00', NULL, NULL),
(1239, 824, 1, 24, '116.00', NULL, NULL),
(1240, 1085, 9, 17, '198.00', NULL, NULL),
(1241, 638, 1, 5, '50.00', NULL, NULL),
(1242, 885, 1, 19, '177.00', NULL, NULL),
(1243, 470, 8, 24, '116.00', NULL, NULL),
(1244, 1001, 7, 20, '32.00', NULL, NULL),
(1245, 259, 9, 15, '36.00', NULL, NULL),
(1246, 522, 5, 12, '151.00', NULL, NULL),
(1247, 728, 6, 18, '114.00', NULL, NULL),
(1248, 780, 1, 6, '28.00', NULL, NULL),
(1249, 354, 6, 9, '27.00', NULL, NULL),
(1250, 1090, 7, 30, '25.00', NULL, NULL),
(1251, 548, 6, 17, '120.00', NULL, NULL),
(1252, 289, 4, 16, '67.00', NULL, NULL),
(1253, 1117, 5, 16, '168.00', NULL, NULL),
(1254, 562, 3, 21, '74.00', NULL, NULL),
(1255, 874, 5, 20, '91.00', NULL, NULL),
(1256, 208, 7, 10, '82.00', NULL, NULL),
(1257, 427, 1, 24, '121.00', NULL, NULL),
(1258, 1014, 5, 25, '137.00', NULL, NULL),
(1259, 833, 6, 18, '70.00', NULL, NULL),
(1260, 343, 5, 9, '60.00', NULL, NULL),
(1261, 401, 3, 22, '115.00', NULL, NULL),
(1262, 887, 1, 5, '81.00', NULL, NULL),
(1263, 287, 7, 17, '26.00', NULL, NULL),
(1264, 545, 2, 12, '148.00', NULL, NULL),
(1265, 942, 10, 7, '27.00', NULL, NULL),
(1266, 959, 1, 19, '180.00', NULL, NULL),
(1267, 1000, 7, 21, '21.00', NULL, NULL),
(1268, 211, 10, 7, '136.00', NULL, NULL),
(1269, 748, 10, 10, '77.00', NULL, NULL),
(1270, 863, 2, 10, '54.00', NULL, NULL),
(1271, 844, 5, 12, '48.00', NULL, NULL),
(1272, 587, 5, 26, '167.00', NULL, NULL),
(1273, 725, 7, 22, '99.00', NULL, NULL),
(1274, 581, 7, 5, '179.00', NULL, NULL),
(1275, 628, 1, 18, '113.00', NULL, NULL),
(1276, 931, 8, 26, '147.00', NULL, NULL),
(1277, 1031, 5, 24, '85.00', NULL, NULL),
(1278, 869, 7, 24, '157.00', NULL, NULL),
(1279, 1039, 3, 6, '126.00', NULL, NULL),
(1280, 591, 2, 22, '199.00', NULL, NULL),
(1281, 461, 6, 21, '66.00', NULL, NULL),
(1282, 425, 8, 14, '136.00', NULL, NULL),
(1283, 696, 7, 30, '23.00', NULL, NULL),
(1284, 1007, 8, 6, '125.00', NULL, NULL),
(1285, 1030, 3, 17, '97.00', NULL, NULL),
(1286, 1015, 6, 28, '78.00', NULL, NULL),
(1287, 704, 7, 21, '106.00', NULL, NULL),
(1288, 440, 8, 13, '63.00', NULL, NULL),
(1289, 833, 6, 21, '106.00', NULL, NULL),
(1290, 536, 5, 19, '183.00', NULL, NULL),
(1291, 460, 9, 14, '49.00', NULL, NULL),
(1292, 926, 10, 14, '96.00', NULL, NULL),
(1293, 362, 7, 23, '97.00', NULL, NULL),
(1294, 893, 1, 25, '39.00', NULL, NULL),
(1295, 182, 4, 8, '84.00', NULL, NULL),
(1296, 187, 9, 5, '191.00', NULL, NULL),
(1297, 493, 9, 13, '127.00', NULL, NULL),
(1298, 1032, 10, 28, '159.00', NULL, NULL),
(1299, 564, 3, 30, '75.00', NULL, NULL),
(1300, 531, 10, 15, '152.00', NULL, NULL),
(1301, 661, 2, 23, '117.00', NULL, NULL),
(1302, 424, 7, 18, '146.00', NULL, NULL),
(1303, 1054, 7, 17, '176.00', NULL, NULL),
(1304, 714, 7, 22, '43.00', NULL, NULL),
(1305, 264, 3, 16, '152.00', NULL, NULL),
(1306, 305, 4, 21, '176.00', NULL, NULL),
(1307, 185, 1, 28, '52.00', NULL, NULL),
(1308, 518, 7, 19, '99.00', NULL, NULL),
(1309, 823, 4, 9, '105.00', NULL, NULL),
(1310, 419, 7, 29, '56.00', NULL, NULL),
(1311, 783, 6, 10, '20.00', NULL, NULL),
(1312, 1035, 7, 21, '57.00', NULL, NULL),
(1313, 1062, 2, 5, '107.00', NULL, NULL),
(1314, 256, 6, 22, '57.00', NULL, NULL),
(1315, 195, 4, 11, '56.00', NULL, NULL),
(1316, 810, 2, 25, '175.00', NULL, NULL),
(1317, 945, 3, 25, '174.00', NULL, NULL),
(1318, 471, 3, 22, '141.00', NULL, NULL),
(1319, 677, 1, 8, '168.00', NULL, NULL),
(1320, 466, 1, 29, '184.00', NULL, NULL),
(1321, 868, 9, 15, '197.00', NULL, NULL),
(1322, 119, 6, 25, '69.00', NULL, NULL),
(1323, 191, 1, 19, '22.00', NULL, NULL),
(1324, 121, 3, 17, '34.00', NULL, NULL),
(1325, 765, 4, 26, '133.00', NULL, NULL),
(1326, 340, 8, 16, '60.00', NULL, NULL),
(1327, 192, 10, 24, '75.00', NULL, NULL),
(1328, 476, 2, 16, '53.00', NULL, NULL),
(1329, 253, 7, 20, '54.00', NULL, NULL),
(1330, 865, 10, 5, '27.00', NULL, NULL),
(1331, 568, 6, 15, '104.00', NULL, NULL),
(1332, 563, 10, 10, '102.00', NULL, NULL),
(1333, 1008, 5, 24, '150.00', NULL, NULL),
(1334, 786, 8, 27, '168.00', NULL, NULL),
(1335, 391, 3, 29, '174.00', NULL, NULL),
(1336, 745, 9, 21, '143.00', NULL, NULL),
(1337, 872, 1, 20, '114.00', NULL, NULL),
(1338, 173, 10, 20, '37.00', NULL, NULL),
(1339, 418, 10, 7, '70.00', NULL, NULL),
(1340, 803, 1, 23, '156.00', NULL, NULL),
(1341, 247, 1, 26, '76.00', NULL, NULL),
(1342, 450, 8, 6, '139.00', NULL, NULL),
(1343, 975, 9, 25, '153.00', NULL, NULL),
(1344, 353, 5, 26, '198.00', NULL, NULL),
(1345, 649, 7, 14, '199.00', NULL, NULL),
(1346, 995, 1, 18, '90.00', NULL, NULL),
(1347, 321, 1, 22, '11.00', NULL, NULL),
(1348, 710, 2, 19, '184.00', NULL, NULL),
(1349, 538, 10, 27, '141.00', NULL, NULL),
(1350, 201, 5, 22, '141.00', NULL, NULL),
(1351, 826, 2, 8, '68.00', NULL, NULL),
(1352, 878, 10, 10, '20.00', NULL, NULL),
(1353, 972, 10, 25, '80.00', NULL, NULL),
(1354, 548, 2, 18, '106.00', NULL, NULL),
(1355, 783, 10, 16, '58.00', NULL, NULL),
(1356, 355, 5, 17, '95.00', NULL, NULL),
(1357, 790, 2, 13, '173.00', NULL, NULL),
(1358, 722, 6, 29, '37.00', NULL, NULL),
(1359, 763, 8, 17, '91.00', NULL, NULL),
(1360, 204, 1, 20, '173.00', NULL, NULL),
(1361, 181, 7, 26, '157.00', NULL, NULL),
(1362, 959, 1, 21, '139.00', NULL, NULL),
(1363, 1113, 2, 20, '196.00', NULL, NULL),
(1364, 776, 6, 19, '154.00', NULL, NULL),
(1365, 288, 8, 8, '47.00', NULL, NULL),
(1366, 804, 9, 29, '18.00', NULL, NULL),
(1367, 513, 5, 11, '53.00', NULL, NULL),
(1368, 530, 8, 12, '199.00', NULL, NULL),
(1369, 500, 3, 21, '177.00', NULL, NULL),
(1370, 828, 9, 20, '95.00', NULL, NULL),
(1371, 815, 1, 13, '38.00', NULL, NULL),
(1372, 348, 3, 28, '147.00', NULL, NULL),
(1373, 505, 5, 30, '93.00', NULL, NULL),
(1374, 1006, 6, 30, '172.00', NULL, NULL),
(1375, 1047, 9, 23, '29.00', NULL, NULL),
(1376, 1007, 6, 7, '174.00', NULL, NULL),
(1377, 172, 7, 20, '72.00', NULL, NULL),
(1378, 1066, 2, 18, '22.00', NULL, NULL),
(1379, 817, 10, 11, '146.00', NULL, NULL),
(1380, 401, 8, 6, '149.00', NULL, NULL),
(1381, 956, 1, 16, '196.00', NULL, NULL),
(1382, 1003, 6, 27, '99.00', NULL, NULL),
(1383, 322, 5, 15, '180.00', NULL, NULL),
(1384, 255, 7, 30, '84.00', NULL, NULL),
(1385, 166, 10, 18, '134.00', NULL, NULL),
(1386, 518, 7, 26, '190.00', NULL, NULL),
(1387, 1061, 1, 5, '143.00', NULL, NULL),
(1388, 457, 1, 25, '140.00', NULL, NULL),
(1389, 560, 1, 25, '100.00', NULL, NULL),
(1390, 465, 9, 6, '142.00', NULL, NULL),
(1391, 897, 2, 27, '129.00', NULL, NULL),
(1392, 1109, 6, 16, '53.00', NULL, NULL),
(1393, 249, 7, 5, '64.00', NULL, NULL),
(1394, 360, 4, 21, '155.00', NULL, NULL),
(1395, 651, 6, 17, '169.00', NULL, NULL),
(1396, 148, 6, 7, '50.00', NULL, NULL),
(1397, 622, 10, 21, '94.00', NULL, NULL),
(1398, 613, 9, 22, '14.00', NULL, NULL),
(1399, 192, 6, 11, '41.00', NULL, NULL),
(1400, 870, 5, 22, '21.00', NULL, NULL),
(1401, 873, 5, 17, '30.00', NULL, NULL),
(1402, 465, 8, 8, '168.00', NULL, NULL),
(1403, 790, 2, 27, '112.00', NULL, NULL),
(1404, 351, 4, 18, '182.00', NULL, NULL),
(1405, 801, 5, 11, '179.00', NULL, NULL),
(1406, 692, 1, 28, '193.00', NULL, NULL),
(1407, 1056, 9, 15, '96.00', NULL, NULL),
(1408, 290, 4, 26, '195.00', NULL, NULL),
(1409, 179, 9, 10, '94.00', NULL, NULL),
(1410, 576, 3, 20, '106.00', NULL, NULL),
(1411, 1056, 3, 6, '147.00', NULL, NULL),
(1412, 457, 5, 15, '122.00', NULL, NULL),
(1413, 377, 9, 17, '35.00', NULL, NULL),
(1414, 186, 7, 14, '131.00', NULL, NULL),
(1415, 1086, 1, 21, '90.00', NULL, NULL),
(1416, 499, 2, 9, '145.00', NULL, NULL),
(1417, 662, 5, 15, '89.00', NULL, NULL),
(1418, 812, 6, 5, '104.00', NULL, NULL),
(1419, 788, 2, 12, '41.00', NULL, NULL),
(1420, 1062, 8, 7, '66.00', NULL, NULL),
(1421, 313, 3, 12, '197.00', NULL, NULL),
(1422, 893, 1, 9, '89.00', NULL, NULL),
(1423, 437, 8, 23, '119.00', NULL, NULL),
(1424, 525, 1, 10, '125.00', NULL, NULL),
(1425, 344, 2, 26, '72.00', NULL, NULL),
(1426, 1061, 5, 8, '52.00', NULL, NULL),
(1427, 813, 3, 24, '79.00', NULL, NULL),
(1428, 954, 2, 11, '27.00', NULL, NULL),
(1429, 764, 6, 27, '162.00', NULL, NULL),
(1430, 500, 4, 13, '51.00', NULL, NULL),
(1431, 949, 2, 26, '182.00', NULL, NULL),
(1432, 119, 5, 13, '122.00', NULL, NULL),
(1433, 521, 2, 9, '181.00', NULL, NULL),
(1434, 1035, 1, 10, '79.00', NULL, NULL),
(1435, 258, 2, 8, '21.00', NULL, NULL),
(1436, 634, 4, 14, '147.00', NULL, NULL),
(1437, 641, 7, 21, '113.00', NULL, NULL),
(1438, 250, 8, 26, '106.00', NULL, NULL),
(1439, 376, 6, 21, '92.00', NULL, NULL),
(1440, 800, 1, 20, '175.00', NULL, NULL),
(1441, 269, 9, 17, '49.00', NULL, NULL),
(1442, 457, 8, 7, '103.00', NULL, NULL),
(1443, 746, 8, 28, '80.00', NULL, NULL),
(1444, 465, 1, 21, '142.00', NULL, NULL),
(1445, 588, 2, 15, '54.00', NULL, NULL),
(1446, 937, 2, 7, '179.00', NULL, NULL),
(1447, 642, 5, 12, '122.00', NULL, NULL),
(1448, 308, 2, 27, '70.00', NULL, NULL),
(1449, 498, 6, 6, '112.00', NULL, NULL),
(1450, 1089, 9, 29, '154.00', NULL, NULL),
(1451, 358, 1, 8, '134.00', NULL, NULL),
(1452, 319, 2, 10, '58.00', NULL, NULL),
(1453, 473, 10, 17, '92.00', NULL, NULL),
(1454, 995, 6, 24, '190.00', NULL, NULL),
(1455, 242, 2, 6, '149.00', NULL, NULL),
(1456, 1062, 2, 19, '67.00', NULL, NULL),
(1457, 454, 6, 15, '90.00', NULL, NULL),
(1458, 1113, 10, 21, '188.00', NULL, NULL),
(1459, 918, 2, 8, '101.00', NULL, NULL),
(1460, 721, 10, 21, '159.00', NULL, NULL),
(1461, 982, 9, 11, '57.00', NULL, NULL),
(1462, 1008, 10, 8, '171.00', NULL, NULL),
(1463, 1115, 9, 22, '19.00', NULL, NULL),
(1464, 946, 9, 11, '65.00', NULL, NULL),
(1465, 418, 5, 9, '66.00', NULL, NULL),
(1466, 681, 6, 7, '90.00', NULL, NULL),
(1467, 615, 10, 16, '131.00', NULL, NULL),
(1468, 997, 7, 10, '85.00', NULL, NULL),
(1469, 614, 6, 17, '37.00', NULL, NULL),
(1470, 376, 9, 24, '152.00', NULL, NULL),
(1471, 426, 8, 22, '21.00', NULL, NULL),
(1472, 400, 6, 19, '160.00', NULL, NULL),
(1473, 414, 2, 8, '104.00', NULL, NULL),
(1474, 128, 3, 20, '130.00', NULL, NULL),
(1475, 685, 1, 18, '42.00', NULL, NULL),
(1476, 831, 6, 13, '55.00', NULL, NULL),
(1477, 1026, 7, 25, '57.00', NULL, NULL),
(1478, 191, 6, 14, '89.00', NULL, NULL),
(1479, 630, 4, 26, '77.00', NULL, NULL),
(1480, 1088, 9, 18, '112.00', NULL, NULL),
(1481, 941, 2, 12, '48.00', NULL, NULL),
(1482, 686, 6, 23, '171.00', NULL, NULL),
(1483, 237, 9, 13, '113.00', NULL, NULL),
(1484, 1058, 1, 20, '167.00', NULL, NULL),
(1485, 711, 1, 30, '200.00', NULL, NULL),
(1486, 685, 1, 6, '85.00', NULL, NULL),
(1487, 301, 3, 30, '98.00', NULL, NULL),
(1488, 856, 4, 22, '125.00', NULL, NULL),
(1489, 579, 9, 24, '178.00', NULL, NULL),
(1490, 392, 8, 23, '169.00', NULL, NULL),
(1491, 399, 5, 15, '91.00', NULL, NULL),
(1492, 1104, 10, 11, '85.00', NULL, NULL),
(1493, 260, 4, 6, '76.00', NULL, NULL),
(1494, 1070, 10, 6, '191.00', NULL, NULL),
(1495, 436, 3, 18, '34.00', NULL, NULL),
(1496, 128, 1, 11, '114.00', NULL, NULL),
(1497, 414, 1, 8, '42.00', NULL, NULL),
(1498, 659, 2, 22, '141.00', NULL, NULL),
(1499, 717, 4, 9, '190.00', NULL, NULL),
(1500, 396, 3, 19, '18.00', NULL, NULL),
(1501, 637, 4, 26, '101.00', NULL, NULL),
(1502, 198, 4, 27, '154.00', NULL, NULL),
(1503, 790, 8, 27, '197.00', NULL, NULL),
(1504, 930, 4, 29, '69.00', NULL, NULL),
(1505, 1052, 6, 6, '111.00', NULL, NULL),
(1506, 118, 3, 24, '26.00', NULL, NULL),
(1507, 456, 7, 17, '173.00', NULL, NULL),
(1508, 836, 1, 23, '163.00', NULL, NULL),
(1509, 947, 3, 7, '156.00', NULL, NULL),
(1510, 446, 2, 14, '85.00', NULL, NULL),
(1511, 1124, 7, 18, '155.00', NULL, NULL),
(1512, 1122, 9, 27, '179.00', NULL, NULL),
(1513, 777, 8, 14, '194.00', NULL, NULL),
(1514, 997, 10, 10, '52.00', NULL, NULL),
(1515, 316, 7, 14, '28.00', NULL, NULL),
(1516, 1081, 5, 24, '92.00', NULL, NULL),
(1517, 647, 6, 16, '47.00', NULL, NULL),
(1518, 154, 3, 7, '39.00', NULL, NULL),
(1519, 865, 3, 26, '95.00', NULL, NULL),
(1520, 825, 8, 12, '50.00', NULL, NULL),
(1521, 614, 8, 28, '101.00', NULL, NULL),
(1522, 325, 8, 15, '44.00', NULL, NULL),
(1523, 325, 7, 5, '135.00', NULL, NULL),
(1524, 342, 4, 9, '104.00', NULL, NULL),
(1525, 532, 5, 22, '146.00', NULL, NULL),
(1526, 210, 9, 16, '193.00', NULL, NULL),
(1527, 180, 5, 15, '46.00', NULL, NULL),
(1528, 731, 8, 13, '44.00', NULL, NULL),
(1529, 337, 2, 11, '180.00', NULL, NULL),
(1530, 324, 5, 28, '186.00', NULL, NULL),
(1531, 604, 2, 27, '73.00', NULL, NULL),
(1532, 399, 6, 21, '151.00', NULL, NULL),
(1533, 206, 6, 16, '20.00', NULL, NULL),
(1534, 504, 5, 20, '119.00', NULL, NULL),
(1535, 124, 2, 22, '92.00', NULL, NULL),
(1536, 1108, 9, 30, '16.00', NULL, NULL),
(1537, 319, 9, 17, '161.00', NULL, NULL),
(1538, 1035, 1, 30, '184.00', NULL, NULL),
(1539, 701, 7, 10, '23.00', NULL, NULL),
(1540, 581, 3, 8, '171.00', NULL, NULL),
(1541, 251, 10, 8, '108.00', NULL, NULL),
(1542, 582, 6, 23, '166.00', NULL, NULL),
(1543, 689, 5, 6, '84.00', NULL, NULL),
(1544, 973, 8, 13, '97.00', NULL, NULL),
(1545, 718, 9, 19, '163.00', NULL, NULL),
(1546, 523, 10, 11, '93.00', NULL, NULL),
(1547, 308, 7, 23, '187.00', NULL, NULL),
(1548, 471, 1, 16, '59.00', NULL, NULL),
(1549, 884, 6, 16, '92.00', NULL, NULL),
(1550, 1014, 6, 30, '196.00', NULL, NULL),
(1551, 569, 2, 11, '93.00', NULL, NULL),
(1552, 687, 10, 14, '111.00', NULL, NULL),
(1553, 1053, 4, 17, '129.00', NULL, NULL),
(1554, 833, 8, 25, '184.00', NULL, NULL),
(1555, 789, 6, 30, '150.00', NULL, NULL),
(1556, 742, 10, 9, '137.00', NULL, NULL),
(1557, 984, 3, 6, '196.00', NULL, NULL),
(1558, 348, 10, 11, '148.00', NULL, NULL),
(1559, 169, 4, 29, '113.00', NULL, NULL),
(1560, 482, 10, 14, '10.00', NULL, NULL),
(1561, 851, 3, 9, '98.00', NULL, NULL),
(1562, 526, 9, 27, '62.00', NULL, NULL),
(1563, 720, 6, 9, '168.00', NULL, NULL),
(1564, 598, 6, 29, '18.00', NULL, NULL),
(1565, 1084, 10, 9, '33.00', NULL, NULL),
(1566, 151, 7, 24, '133.00', NULL, NULL),
(1567, 460, 1, 19, '196.00', NULL, NULL),
(1568, 796, 3, 17, '187.00', NULL, NULL),
(1569, 1053, 7, 10, '13.00', NULL, NULL),
(1570, 1103, 5, 7, '141.00', NULL, NULL),
(1571, 756, 4, 14, '175.00', NULL, NULL),
(1572, 506, 1, 9, '157.00', NULL, NULL),
(1573, 636, 10, 14, '193.00', NULL, NULL),
(1574, 1027, 7, 9, '135.00', NULL, NULL),
(1575, 1058, 8, 8, '24.00', NULL, NULL),
(1576, 942, 4, 20, '184.00', NULL, NULL),
(1577, 790, 5, 21, '168.00', NULL, NULL),
(1578, 457, 5, 25, '44.00', NULL, NULL),
(1579, 185, 7, 21, '40.00', NULL, NULL),
(1580, 987, 7, 28, '145.00', NULL, NULL),
(1581, 763, 4, 21, '67.00', NULL, NULL),
(1582, 610, 6, 10, '91.00', NULL, NULL),
(1583, 1039, 6, 8, '36.00', NULL, NULL),
(1584, 330, 2, 7, '146.00', NULL, NULL),
(1585, 563, 8, 29, '60.00', NULL, NULL),
(1586, 551, 8, 21, '134.00', NULL, NULL),
(1587, 793, 2, 13, '93.00', NULL, NULL),
(1588, 1085, 2, 23, '37.00', NULL, NULL),
(1589, 916, 3, 17, '191.00', NULL, NULL),
(1590, 958, 5, 20, '22.00', NULL, NULL),
(1591, 695, 6, 18, '163.00', NULL, NULL),
(1592, 739, 1, 26, '20.00', NULL, NULL),
(1593, 143, 1, 17, '191.00', NULL, NULL),
(1594, 535, 8, 5, '126.00', NULL, NULL),
(1595, 279, 2, 13, '61.00', NULL, NULL),
(1596, 126, 9, 6, '150.00', NULL, NULL),
(1597, 179, 4, 25, '102.00', NULL, NULL),
(1598, 261, 8, 21, '170.00', NULL, NULL),
(1599, 617, 9, 15, '176.00', NULL, NULL),
(1600, 514, 3, 6, '117.00', NULL, NULL),
(1601, 506, 5, 23, '163.00', NULL, NULL),
(1602, 1024, 1, 14, '88.00', NULL, NULL),
(1603, 124, 3, 28, '63.00', NULL, NULL),
(1604, 724, 8, 26, '127.00', NULL, NULL),
(1605, 150, 8, 6, '140.00', NULL, NULL),
(1606, 961, 3, 5, '56.00', NULL, NULL),
(1607, 398, 5, 29, '60.00', NULL, NULL),
(1608, 1040, 8, 13, '28.00', NULL, NULL),
(1609, 1113, 2, 12, '14.00', NULL, NULL),
(1610, 301, 9, 21, '120.00', NULL, NULL),
(1611, 585, 2, 20, '54.00', NULL, NULL),
(1612, 439, 3, 6, '189.00', NULL, NULL),
(1613, 680, 2, 25, '29.00', NULL, NULL),
(1614, 272, 7, 24, '95.00', NULL, NULL),
(1615, 541, 4, 22, '103.00', NULL, NULL),
(1616, 131, 2, 11, '116.00', NULL, NULL),
(1617, 296, 10, 15, '70.00', NULL, NULL),
(1618, 876, 8, 14, '146.00', NULL, NULL),
(1619, 481, 6, 16, '164.00', NULL, NULL),
(1620, 149, 3, 29, '52.00', NULL, NULL),
(1621, 391, 4, 15, '198.00', NULL, NULL),
(1622, 1058, 10, 17, '112.00', NULL, NULL),
(1623, 243, 7, 12, '137.00', NULL, NULL),
(1624, 784, 9, 5, '149.00', NULL, NULL),
(1625, 1028, 2, 17, '103.00', NULL, NULL),
(1626, 585, 10, 13, '48.00', NULL, NULL),
(1627, 130, 1, 27, '170.00', NULL, NULL),
(1628, 1100, 9, 10, '50.00', NULL, NULL),
(1629, 669, 7, 17, '43.00', NULL, NULL),
(1630, 532, 1, 24, '164.00', NULL, NULL),
(1631, 415, 7, 21, '103.00', NULL, NULL),
(1632, 806, 7, 19, '70.00', NULL, NULL),
(1633, 265, 7, 29, '71.00', NULL, NULL),
(1634, 1012, 2, 23, '70.00', NULL, NULL),
(1635, 683, 8, 18, '15.00', NULL, NULL),
(1636, 514, 4, 15, '164.00', NULL, NULL),
(1637, 327, 7, 5, '199.00', NULL, NULL),
(1638, 209, 4, 6, '73.00', NULL, NULL),
(1639, 457, 4, 12, '147.00', NULL, NULL),
(1640, 752, 7, 15, '105.00', NULL, NULL),
(1641, 1098, 5, 15, '150.00', NULL, NULL),
(1642, 419, 6, 19, '150.00', NULL, NULL),
(1643, 421, 4, 8, '33.00', NULL, NULL),
(1644, 716, 2, 15, '67.00', NULL, NULL),
(1645, 211, 4, 18, '21.00', NULL, NULL),
(1646, 255, 3, 13, '144.00', NULL, NULL),
(1647, 296, 2, 5, '160.00', NULL, NULL),
(1648, 484, 8, 18, '133.00', NULL, NULL),
(1649, 279, 2, 7, '117.00', NULL, NULL),
(1650, 832, 1, 21, '135.00', NULL, NULL),
(1651, 885, 6, 13, '47.00', NULL, NULL),
(1652, 263, 7, 27, '185.00', NULL, NULL),
(1653, 436, 1, 20, '45.00', NULL, NULL),
(1654, 470, 6, 17, '185.00', NULL, NULL),
(1655, 833, 6, 24, '138.00', NULL, NULL),
(1656, 138, 2, 21, '109.00', NULL, NULL),
(1657, 396, 9, 10, '11.00', NULL, NULL),
(1658, 747, 2, 10, '76.00', NULL, NULL),
(1659, 123, 5, 16, '109.00', NULL, NULL),
(1660, 569, 9, 13, '66.00', NULL, NULL),
(1661, 1119, 9, 25, '100.00', NULL, NULL),
(1662, 1078, 8, 9, '150.00', NULL, NULL),
(1663, 385, 1, 12, '101.00', NULL, NULL),
(1664, 1021, 5, 17, '85.00', NULL, NULL),
(1665, 753, 2, 23, '137.00', NULL, NULL),
(1666, 1102, 3, 11, '194.00', NULL, NULL),
(1667, 858, 5, 12, '126.00', NULL, NULL),
(1668, 511, 3, 22, '16.00', NULL, NULL),
(1669, 380, 6, 13, '14.00', NULL, NULL),
(1670, 411, 7, 18, '71.00', NULL, NULL),
(1671, 364, 4, 10, '101.00', NULL, NULL),
(1672, 1065, 9, 15, '82.00', NULL, NULL),
(1673, 712, 10, 11, '194.00', NULL, NULL),
(1674, 887, 8, 12, '174.00', NULL, NULL),
(1675, 1112, 9, 17, '39.00', NULL, NULL),
(1676, 647, 2, 15, '154.00', NULL, NULL),
(1677, 219, 4, 15, '51.00', NULL, NULL),
(1678, 261, 3, 13, '182.00', NULL, NULL),
(1679, 447, 4, 10, '155.00', NULL, NULL),
(1680, 974, 9, 21, '93.00', NULL, NULL),
(1681, 916, 1, 26, '160.00', NULL, NULL),
(1682, 203, 2, 17, '28.00', NULL, NULL),
(1683, 532, 2, 30, '95.00', NULL, NULL),
(1684, 611, 6, 30, '130.00', NULL, NULL),
(1685, 734, 9, 5, '149.00', NULL, NULL),
(1686, 637, 2, 19, '193.00', NULL, NULL),
(1687, 985, 9, 30, '110.00', NULL, NULL);
INSERT INTO `set_reps` (`id`, `idTrainings_Exercise`, `num_of_set`, `num_of_reps`, `weight`, `updated_at`, `created_at`) VALUES
(1688, 451, 9, 20, '198.00', NULL, NULL),
(1689, 246, 8, 10, '51.00', NULL, NULL),
(1690, 159, 8, 9, '59.00', NULL, NULL),
(1691, 538, 7, 10, '79.00', NULL, NULL),
(1692, 280, 9, 8, '84.00', NULL, NULL),
(1693, 926, 3, 22, '54.00', NULL, NULL),
(1694, 680, 1, 14, '167.00', NULL, NULL),
(1695, 861, 5, 15, '113.00', NULL, NULL),
(1696, 170, 4, 18, '11.00', NULL, NULL),
(1697, 369, 3, 15, '36.00', NULL, NULL),
(1698, 1071, 2, 11, '199.00', NULL, NULL),
(1699, 559, 7, 22, '162.00', NULL, NULL),
(1700, 1106, 2, 5, '165.00', NULL, NULL),
(1701, 204, 4, 22, '121.00', NULL, NULL),
(1702, 149, 5, 23, '17.00', NULL, NULL),
(1703, 770, 7, 12, '15.00', NULL, NULL),
(1704, 186, 5, 23, '118.00', NULL, NULL),
(1705, 197, 9, 30, '62.00', NULL, NULL),
(1706, 900, 6, 27, '50.00', NULL, NULL),
(1707, 227, 4, 12, '37.00', NULL, NULL),
(1708, 459, 2, 24, '103.00', NULL, NULL),
(1709, 714, 10, 25, '132.00', NULL, NULL),
(1710, 765, 4, 19, '136.00', NULL, NULL),
(1711, 746, 3, 21, '114.00', NULL, NULL),
(1712, 893, 2, 6, '168.00', NULL, NULL),
(1713, 998, 5, 11, '16.00', NULL, NULL),
(1714, 664, 4, 15, '88.00', NULL, NULL),
(1715, 805, 7, 11, '128.00', NULL, NULL),
(1716, 1098, 1, 20, '129.00', NULL, NULL),
(1717, 1076, 5, 7, '139.00', NULL, NULL),
(1718, 995, 4, 6, '140.00', NULL, NULL),
(1719, 150, 7, 20, '19.00', NULL, NULL),
(1720, 867, 8, 18, '152.00', NULL, NULL),
(1721, 526, 3, 18, '124.00', NULL, NULL),
(1722, 1054, 6, 27, '153.00', NULL, NULL),
(1723, 499, 3, 20, '100.00', NULL, NULL),
(1724, 502, 3, 5, '81.00', NULL, NULL),
(1725, 228, 10, 7, '25.00', NULL, NULL),
(1726, 1083, 9, 19, '163.00', NULL, NULL),
(1727, 587, 7, 5, '164.00', NULL, NULL),
(1728, 531, 3, 13, '97.00', NULL, NULL),
(1729, 882, 9, 30, '18.00', NULL, NULL),
(1730, 831, 9, 11, '138.00', NULL, NULL),
(1731, 390, 10, 21, '82.00', NULL, NULL),
(1732, 990, 6, 16, '103.00', NULL, NULL),
(1733, 931, 1, 6, '53.00', NULL, NULL),
(1734, 163, 10, 7, '154.00', NULL, NULL),
(1735, 802, 7, 11, '12.00', NULL, NULL),
(1736, 363, 4, 23, '75.00', NULL, NULL),
(1737, 954, 6, 12, '143.00', NULL, NULL),
(1738, 271, 5, 10, '65.00', NULL, NULL),
(1739, 351, 6, 7, '116.00', NULL, NULL),
(1740, 577, 2, 7, '176.00', NULL, NULL),
(1741, 279, 7, 5, '117.00', NULL, NULL),
(1742, 309, 2, 6, '190.00', NULL, NULL),
(1743, 751, 5, 13, '91.00', NULL, NULL),
(1744, 793, 4, 5, '75.00', NULL, NULL),
(1745, 945, 3, 12, '69.00', NULL, NULL),
(1746, 771, 6, 9, '87.00', NULL, NULL),
(1747, 577, 8, 19, '51.00', NULL, NULL),
(1748, 204, 6, 28, '43.00', NULL, NULL),
(1749, 936, 1, 23, '149.00', NULL, NULL),
(1750, 589, 6, 26, '50.00', NULL, NULL),
(1751, 205, 7, 8, '39.00', NULL, NULL),
(1752, 936, 6, 6, '89.00', NULL, NULL),
(1753, 723, 8, 28, '181.00', NULL, NULL),
(1754, 616, 5, 15, '138.00', NULL, NULL),
(1755, 383, 8, 19, '103.00', NULL, NULL),
(1756, 771, 9, 10, '198.00', NULL, NULL),
(1757, 117, 4, 18, '189.00', NULL, NULL),
(1758, 734, 2, 24, '64.00', NULL, NULL),
(1759, 629, 2, 27, '83.00', NULL, NULL),
(1760, 598, 3, 17, '16.00', NULL, NULL),
(1761, 989, 4, 20, '12.00', NULL, NULL),
(1762, 489, 6, 29, '29.00', NULL, NULL),
(1763, 248, 7, 18, '123.00', NULL, NULL),
(1764, 711, 7, 10, '163.00', NULL, NULL),
(1765, 248, 1, 24, '68.00', NULL, NULL),
(1766, 552, 1, 9, '39.00', NULL, NULL),
(1767, 329, 10, 6, '48.00', NULL, NULL),
(1768, 233, 4, 22, '76.00', NULL, NULL),
(1769, 229, 7, 21, '97.00', NULL, NULL),
(1770, 592, 6, 8, '76.00', NULL, NULL),
(1771, 1061, 8, 10, '186.00', NULL, NULL),
(1772, 965, 4, 17, '138.00', NULL, NULL),
(1773, 586, 3, 27, '75.00', NULL, NULL),
(1774, 685, 8, 12, '135.00', NULL, NULL),
(1775, 302, 3, 7, '111.00', NULL, NULL),
(1776, 1099, 10, 14, '97.00', NULL, NULL),
(1777, 440, 10, 16, '169.00', NULL, NULL),
(1778, 890, 1, 14, '128.00', NULL, NULL),
(1779, 442, 7, 15, '96.00', NULL, NULL),
(1780, 803, 2, 12, '132.00', NULL, NULL),
(1781, 1003, 8, 30, '133.00', NULL, NULL),
(1782, 679, 5, 29, '35.00', NULL, NULL),
(1783, 693, 7, 7, '48.00', NULL, NULL),
(1784, 660, 2, 8, '144.00', NULL, NULL),
(1785, 292, 3, 13, '182.00', NULL, NULL),
(1786, 826, 8, 13, '93.00', NULL, NULL),
(1787, 216, 10, 10, '38.00', NULL, NULL),
(1788, 388, 4, 30, '199.00', NULL, NULL),
(1789, 710, 6, 25, '58.00', NULL, NULL),
(1790, 830, 10, 16, '42.00', NULL, NULL),
(1791, 265, 2, 12, '163.00', NULL, NULL),
(1792, 626, 9, 9, '176.00', NULL, NULL),
(1793, 678, 7, 6, '119.00', NULL, NULL),
(1794, 465, 4, 11, '80.00', NULL, NULL),
(1795, 463, 7, 7, '178.00', NULL, NULL),
(1796, 814, 2, 22, '70.00', NULL, NULL),
(1797, 426, 5, 23, '52.00', NULL, NULL),
(1798, 837, 8, 9, '49.00', NULL, NULL),
(1799, 812, 6, 12, '156.00', NULL, NULL),
(1800, 216, 5, 10, '165.00', NULL, NULL),
(1801, 1023, 3, 20, '160.00', NULL, NULL),
(1802, 577, 6, 27, '66.00', NULL, NULL),
(1803, 954, 3, 16, '67.00', NULL, NULL),
(1804, 701, 7, 29, '162.00', NULL, NULL),
(1805, 463, 9, 18, '67.00', NULL, NULL),
(1806, 467, 2, 25, '46.00', NULL, NULL),
(1807, 239, 10, 19, '54.00', NULL, NULL),
(1808, 354, 9, 21, '161.00', NULL, NULL),
(1809, 1098, 8, 7, '43.00', NULL, NULL),
(1810, 341, 6, 26, '72.00', NULL, NULL),
(1811, 387, 10, 10, '83.00', NULL, NULL),
(1812, 134, 10, 17, '165.00', NULL, NULL),
(1813, 366, 6, 30, '95.00', NULL, NULL),
(1814, 1089, 6, 18, '186.00', NULL, NULL),
(1815, 553, 8, 7, '89.00', NULL, NULL),
(1816, 513, 5, 30, '127.00', NULL, NULL),
(1817, 469, 3, 16, '134.00', NULL, NULL),
(1818, 523, 2, 5, '45.00', NULL, NULL),
(1819, 148, 1, 17, '126.00', NULL, NULL),
(1820, 494, 2, 15, '175.00', NULL, NULL),
(1821, 898, 4, 23, '16.00', NULL, NULL),
(1822, 1008, 2, 27, '107.00', NULL, NULL),
(1823, 592, 6, 29, '60.00', NULL, NULL),
(1824, 480, 10, 8, '150.00', NULL, NULL),
(1825, 1081, 9, 28, '101.00', NULL, NULL),
(1826, 605, 2, 26, '49.00', NULL, NULL),
(1827, 336, 10, 15, '21.00', NULL, NULL),
(1828, 519, 2, 10, '21.00', NULL, NULL),
(1829, 272, 2, 10, '191.00', NULL, NULL),
(1830, 138, 9, 12, '117.00', NULL, NULL),
(1831, 273, 1, 20, '31.00', NULL, NULL),
(1832, 484, 7, 29, '46.00', NULL, NULL),
(1833, 426, 3, 5, '160.00', NULL, NULL),
(1834, 448, 4, 9, '38.00', NULL, NULL),
(1835, 935, 4, 15, '152.00', NULL, NULL),
(1836, 206, 2, 6, '92.00', NULL, NULL),
(1837, 436, 3, 18, '20.00', NULL, NULL),
(1838, 503, 5, 19, '117.00', NULL, NULL),
(1839, 701, 4, 11, '195.00', NULL, NULL),
(1840, 377, 3, 21, '61.00', NULL, NULL),
(1841, 214, 4, 6, '200.00', NULL, NULL),
(1842, 484, 10, 21, '179.00', NULL, NULL),
(1843, 337, 5, 8, '61.00', NULL, NULL),
(1844, 133, 9, 5, '75.00', NULL, NULL),
(1845, 530, 1, 22, '148.00', NULL, NULL),
(1846, 305, 4, 7, '51.00', NULL, NULL),
(1847, 732, 8, 10, '44.00', NULL, NULL),
(1848, 375, 4, 23, '21.00', NULL, NULL),
(1849, 1090, 2, 24, '189.00', NULL, NULL),
(1850, 369, 9, 7, '140.00', NULL, NULL),
(1851, 433, 3, 28, '124.00', NULL, NULL),
(1852, 610, 2, 18, '108.00', NULL, NULL),
(1853, 187, 5, 21, '137.00', NULL, NULL),
(1854, 179, 9, 29, '40.00', NULL, NULL),
(1855, 259, 5, 23, '105.00', NULL, NULL),
(1856, 856, 7, 8, '26.00', NULL, NULL),
(1857, 568, 5, 19, '51.00', NULL, NULL),
(1858, 863, 7, 9, '200.00', NULL, NULL),
(1859, 434, 7, 29, '186.00', NULL, NULL),
(1860, 315, 10, 14, '112.00', NULL, NULL),
(1861, 630, 6, 27, '179.00', NULL, NULL),
(1862, 200, 3, 28, '124.00', NULL, NULL),
(1863, 1077, 1, 19, '174.00', NULL, NULL),
(1864, 302, 3, 30, '194.00', NULL, NULL),
(1865, 828, 10, 7, '162.00', NULL, NULL),
(1866, 811, 6, 27, '31.00', NULL, NULL),
(1867, 837, 2, 26, '73.00', NULL, NULL),
(1868, 1122, 10, 17, '112.00', NULL, NULL),
(1869, 781, 2, 12, '37.00', NULL, NULL),
(1870, 747, 1, 13, '191.00', NULL, NULL),
(1871, 769, 5, 22, '118.00', NULL, NULL),
(1872, 240, 8, 15, '174.00', NULL, NULL),
(1873, 1102, 1, 14, '20.00', NULL, NULL),
(1874, 797, 10, 18, '38.00', NULL, NULL),
(1875, 1080, 7, 18, '10.00', NULL, NULL),
(1876, 984, 9, 18, '48.00', NULL, NULL),
(1877, 1084, 9, 8, '118.00', NULL, NULL),
(1878, 261, 6, 18, '78.00', NULL, NULL),
(1879, 388, 3, 5, '77.00', NULL, NULL),
(1880, 582, 9, 23, '136.00', NULL, NULL),
(1881, 1079, 6, 15, '75.00', NULL, NULL),
(1882, 1022, 10, 16, '74.00', NULL, NULL),
(1883, 1019, 5, 17, '90.00', NULL, NULL),
(1884, 853, 5, 23, '132.00', NULL, NULL),
(1885, 422, 8, 6, '171.00', NULL, NULL),
(1886, 962, 9, 25, '139.00', NULL, NULL),
(1887, 992, 5, 27, '129.00', NULL, NULL),
(1888, 515, 7, 16, '59.00', NULL, NULL),
(1889, 363, 5, 19, '83.00', NULL, NULL),
(1890, 703, 2, 16, '60.00', NULL, NULL),
(1891, 983, 2, 18, '189.00', NULL, NULL),
(1892, 926, 1, 22, '149.00', NULL, NULL),
(1893, 823, 9, 5, '56.00', NULL, NULL),
(1894, 753, 3, 18, '122.00', NULL, NULL),
(1895, 1013, 9, 7, '20.00', NULL, NULL),
(1896, 182, 6, 29, '172.00', NULL, NULL),
(1897, 442, 1, 10, '47.00', NULL, NULL),
(1898, 1054, 1, 10, '165.00', NULL, NULL),
(1899, 492, 6, 12, '67.00', NULL, NULL),
(1900, 366, 2, 5, '140.00', NULL, NULL),
(1901, 366, 4, 13, '90.00', NULL, NULL),
(1902, 493, 9, 25, '142.00', NULL, NULL),
(1903, 425, 7, 24, '109.00', NULL, NULL),
(1904, 505, 4, 17, '148.00', NULL, NULL),
(1905, 321, 8, 14, '51.00', NULL, NULL),
(1906, 581, 9, 18, '196.00', NULL, NULL),
(1907, 120, 10, 21, '82.00', NULL, NULL),
(1908, 421, 9, 24, '179.00', NULL, NULL),
(1909, 806, 8, 15, '195.00', NULL, NULL),
(1910, 129, 1, 14, '57.00', NULL, NULL),
(1911, 1066, 6, 29, '115.00', NULL, NULL),
(1912, 456, 5, 24, '89.00', NULL, NULL),
(1913, 387, 7, 25, '100.00', NULL, NULL),
(1914, 320, 6, 26, '106.00', NULL, NULL),
(1915, 482, 8, 9, '67.00', NULL, NULL),
(1916, 426, 9, 20, '24.00', NULL, NULL),
(1917, 955, 8, 13, '104.00', NULL, NULL),
(1918, 115, 7, 30, '139.00', NULL, NULL),
(1919, 501, 5, 30, '83.00', NULL, NULL),
(1920, 944, 10, 8, '103.00', NULL, NULL),
(1921, 1102, 3, 27, '60.00', NULL, NULL),
(1922, 217, 1, 30, '149.00', NULL, NULL),
(1923, 543, 5, 28, '127.00', NULL, NULL),
(1924, 562, 9, 22, '62.00', NULL, NULL),
(1925, 944, 1, 21, '90.00', NULL, NULL),
(1926, 198, 5, 24, '104.00', NULL, NULL),
(1927, 189, 1, 8, '14.00', NULL, NULL),
(1928, 434, 6, 30, '90.00', NULL, NULL),
(1929, 670, 1, 9, '81.00', NULL, NULL),
(1930, 177, 1, 26, '14.00', NULL, NULL),
(1931, 1121, 6, 10, '180.00', NULL, NULL),
(1932, 864, 9, 11, '80.00', NULL, NULL),
(1933, 946, 1, 14, '141.00', NULL, NULL),
(1934, 137, 6, 22, '118.00', NULL, NULL),
(1935, 915, 6, 24, '93.00', NULL, NULL),
(1936, 1045, 5, 30, '137.00', NULL, NULL),
(1937, 560, 6, 5, '84.00', NULL, NULL),
(1938, 573, 3, 29, '35.00', NULL, NULL),
(1939, 238, 1, 30, '167.00', NULL, NULL),
(1940, 278, 9, 19, '35.00', NULL, NULL),
(1941, 754, 7, 22, '48.00', NULL, NULL),
(1942, 864, 7, 24, '197.00', NULL, NULL),
(1943, 597, 6, 25, '87.00', NULL, NULL),
(1944, 708, 2, 5, '164.00', NULL, NULL),
(1945, 325, 7, 18, '69.00', NULL, NULL),
(1946, 1043, 1, 8, '123.00', NULL, NULL),
(1947, 856, 4, 20, '173.00', NULL, NULL),
(1948, 1123, 4, 19, '92.00', NULL, NULL),
(1949, 442, 4, 27, '147.00', NULL, NULL),
(1950, 487, 1, 29, '84.00', NULL, NULL),
(1951, 482, 2, 18, '167.00', NULL, NULL),
(1952, 594, 9, 25, '29.00', NULL, NULL),
(1953, 264, 5, 7, '143.00', NULL, NULL),
(1954, 286, 8, 27, '116.00', NULL, NULL),
(1955, 386, 3, 26, '80.00', NULL, NULL),
(1956, 312, 6, 20, '120.00', NULL, NULL),
(1957, 950, 2, 27, '52.00', NULL, NULL),
(1958, 151, 2, 19, '194.00', NULL, NULL),
(1959, 818, 3, 10, '139.00', NULL, NULL),
(1960, 825, 1, 12, '33.00', NULL, NULL),
(1961, 894, 5, 6, '120.00', NULL, NULL),
(1962, 981, 4, 9, '48.00', NULL, NULL),
(1963, 474, 9, 13, '81.00', NULL, NULL),
(1964, 767, 3, 26, '183.00', NULL, NULL),
(1965, 931, 10, 26, '16.00', NULL, NULL),
(1966, 631, 5, 19, '174.00', NULL, NULL),
(1967, 755, 5, 23, '143.00', NULL, NULL),
(1968, 913, 7, 14, '133.00', NULL, NULL),
(1969, 420, 3, 11, '97.00', NULL, NULL),
(1970, 209, 4, 16, '42.00', NULL, NULL),
(1971, 971, 10, 19, '143.00', NULL, NULL),
(1972, 992, 3, 24, '85.00', NULL, NULL),
(1973, 1015, 7, 22, '105.00', NULL, NULL),
(1974, 346, 5, 28, '186.00', NULL, NULL),
(1975, 232, 10, 22, '153.00', NULL, NULL),
(1976, 652, 3, 19, '38.00', NULL, NULL),
(1977, 879, 4, 16, '24.00', NULL, NULL),
(1978, 667, 6, 26, '10.00', NULL, NULL),
(1979, 245, 3, 29, '144.00', NULL, NULL),
(1980, 1048, 10, 14, '47.00', NULL, NULL),
(1981, 874, 10, 19, '147.00', NULL, NULL),
(1982, 249, 3, 15, '124.00', NULL, NULL),
(1983, 184, 1, 17, '84.00', NULL, NULL),
(1984, 622, 3, 22, '99.00', NULL, NULL),
(1985, 627, 3, 23, '188.00', NULL, NULL),
(1986, 740, 7, 28, '102.00', NULL, NULL),
(1987, 389, 9, 18, '175.00', NULL, NULL),
(1988, 987, 8, 28, '153.00', NULL, NULL),
(1989, 1093, 5, 5, '166.00', NULL, NULL),
(1990, 794, 6, 16, '161.00', NULL, NULL),
(1991, 837, 6, 5, '56.00', NULL, NULL),
(1992, 1052, 5, 17, '178.00', NULL, NULL),
(1993, 1060, 6, 16, '29.00', NULL, NULL),
(1994, 166, 10, 10, '66.00', NULL, NULL),
(1995, 229, 3, 19, '32.00', NULL, NULL),
(1996, 296, 4, 10, '131.00', NULL, NULL),
(1997, 726, 10, 9, '28.00', NULL, NULL),
(1998, 953, 8, 19, '120.00', NULL, NULL),
(1999, 591, 1, 27, '61.00', NULL, NULL),
(2000, 611, 9, 22, '125.00', NULL, NULL),
(2001, 1090, 4, 16, '118.00', NULL, NULL),
(2002, 156, 8, 5, '173.00', NULL, NULL),
(2003, 725, 3, 16, '28.00', NULL, NULL),
(2004, 201, 1, 20, '108.00', NULL, NULL),
(2005, 967, 2, 23, '131.00', NULL, NULL),
(2006, 143, 4, 5, '176.00', NULL, NULL),
(2007, 718, 5, 30, '30.00', NULL, NULL),
(2008, 423, 8, 9, '169.00', NULL, NULL),
(2009, 244, 5, 29, '200.00', NULL, NULL),
(2010, 248, 6, 23, '191.00', NULL, NULL),
(2011, 246, 6, 14, '150.00', NULL, NULL),
(2012, 231, 7, 18, '100.00', NULL, NULL),
(2013, 321, 1, 10, '158.00', NULL, NULL),
(2014, 1113, 1, 14, '145.00', NULL, NULL),
(2015, 591, 10, 29, '19.00', NULL, NULL),
(2016, 313, 3, 20, '150.00', NULL, NULL),
(2017, 823, 2, 9, '99.00', NULL, NULL),
(2018, 970, 10, 17, '200.00', NULL, NULL),
(2019, 594, 1, 7, '30.00', NULL, NULL),
(2020, 118, 4, 27, '95.00', NULL, NULL),
(2021, 142, 9, 20, '149.00', NULL, NULL),
(2022, 740, 7, 9, '86.00', NULL, NULL),
(2023, 596, 5, 6, '15.00', NULL, NULL),
(2024, 873, 7, 17, '37.00', NULL, NULL),
(2025, 701, 6, 16, '167.00', NULL, NULL),
(2026, 886, 10, 24, '159.00', NULL, NULL),
(2027, 335, 6, 20, '34.00', NULL, NULL),
(2028, 987, 8, 6, '113.00', NULL, NULL),
(2029, 584, 1, 28, '165.00', NULL, NULL),
(2030, 205, 1, 19, '120.00', NULL, NULL),
(2031, 338, 2, 8, '161.00', NULL, NULL),
(2032, 464, 7, 16, '36.00', NULL, NULL),
(2033, 918, 3, 27, '81.00', NULL, NULL),
(2034, 899, 7, 12, '37.00', NULL, NULL),
(2035, 1011, 8, 11, '105.00', NULL, NULL),
(2036, 277, 5, 23, '153.00', NULL, NULL),
(2037, 497, 6, 17, '33.00', NULL, NULL),
(2038, 345, 1, 7, '59.00', NULL, NULL),
(2039, 405, 6, 27, '98.00', NULL, NULL),
(2040, 389, 5, 6, '111.00', NULL, NULL),
(2041, 226, 5, 11, '172.00', NULL, NULL),
(2042, 359, 10, 7, '20.00', NULL, NULL),
(2043, 440, 7, 7, '35.00', NULL, NULL),
(2044, 745, 1, 21, '30.00', NULL, NULL),
(2045, 262, 4, 27, '72.00', NULL, NULL),
(2046, 197, 4, 27, '59.00', NULL, NULL),
(2047, 615, 1, 21, '136.00', NULL, NULL),
(2048, 593, 4, 16, '78.00', NULL, NULL),
(2049, 476, 1, 22, '91.00', NULL, NULL),
(2050, 944, 3, 14, '199.00', NULL, NULL),
(2051, 342, 4, 20, '15.00', NULL, NULL),
(2052, 461, 5, 13, '55.00', NULL, NULL),
(2053, 207, 7, 8, '37.00', NULL, NULL),
(2054, 1032, 1, 8, '198.00', NULL, NULL),
(2055, 589, 4, 18, '103.00', NULL, NULL),
(2056, 294, 8, 10, '50.00', NULL, NULL),
(2057, 614, 8, 6, '165.00', NULL, NULL),
(2058, 1038, 2, 24, '65.00', NULL, NULL),
(2059, 343, 8, 15, '124.00', NULL, NULL),
(2060, 517, 9, 27, '179.00', NULL, NULL),
(2061, 146, 10, 22, '32.00', NULL, NULL),
(2062, 265, 10, 12, '177.00', NULL, NULL),
(2063, 972, 9, 10, '199.00', NULL, NULL),
(2064, 897, 9, 24, '97.00', NULL, NULL),
(2065, 264, 5, 26, '190.00', NULL, NULL),
(2066, 742, 4, 6, '101.00', NULL, NULL),
(2067, 315, 10, 7, '199.00', NULL, NULL),
(2068, 1073, 3, 25, '130.00', NULL, NULL),
(2069, 223, 6, 14, '103.00', NULL, NULL),
(2070, 148, 1, 18, '80.00', NULL, NULL),
(2071, 515, 1, 14, '109.00', NULL, NULL),
(2072, 1074, 5, 19, '34.00', NULL, NULL),
(2073, 660, 8, 6, '87.00', NULL, NULL),
(2074, 539, 6, 30, '121.00', NULL, NULL),
(2075, 272, 6, 8, '61.00', NULL, NULL),
(2076, 766, 6, 13, '153.00', NULL, NULL),
(2077, 547, 1, 6, '27.00', NULL, NULL),
(2078, 363, 3, 25, '60.00', NULL, NULL),
(2079, 615, 6, 22, '101.00', NULL, NULL),
(2080, 264, 7, 21, '118.00', NULL, NULL),
(2081, 792, 8, 23, '191.00', NULL, NULL),
(2082, 464, 10, 14, '194.00', NULL, NULL),
(2083, 141, 5, 30, '58.00', NULL, NULL),
(2084, 999, 10, 24, '106.00', NULL, NULL),
(2085, 1119, 1, 27, '33.00', NULL, NULL),
(2086, 302, 2, 30, '92.00', NULL, NULL),
(2087, 505, 10, 19, '177.00', NULL, NULL),
(2088, 321, 5, 11, '62.00', NULL, NULL),
(2089, 787, 7, 12, '100.00', NULL, NULL),
(2090, 532, 1, 27, '143.00', NULL, NULL),
(2091, 611, 2, 26, '196.00', NULL, NULL),
(2092, 135, 10, 27, '96.00', NULL, NULL),
(2093, 815, 4, 23, '170.00', NULL, NULL),
(2094, 671, 4, 18, '120.00', NULL, NULL),
(2095, 879, 2, 26, '153.00', NULL, NULL),
(2096, 837, 1, 30, '13.00', NULL, NULL),
(2097, 519, 2, 20, '66.00', NULL, NULL),
(2098, 1120, 2, 30, '100.00', NULL, NULL),
(2099, 337, 1, 11, '115.00', NULL, NULL),
(2100, 564, 7, 18, '170.00', NULL, NULL),
(2101, 233, 9, 20, '184.00', NULL, NULL),
(2102, 176, 8, 29, '12.00', NULL, NULL),
(2103, 1049, 6, 30, '35.00', NULL, NULL),
(2104, 717, 2, 8, '25.00', NULL, NULL),
(2105, 636, 4, 27, '100.00', NULL, NULL),
(2106, 1030, 10, 24, '122.00', NULL, NULL),
(2107, 499, 3, 9, '135.00', NULL, NULL),
(2108, 591, 2, 8, '110.00', NULL, NULL),
(2109, 355, 9, 8, '187.00', NULL, NULL),
(2110, 755, 6, 19, '67.00', NULL, NULL),
(2111, 428, 10, 19, '129.00', NULL, NULL),
(2112, 1038, 7, 9, '92.00', NULL, NULL),
(2113, 293, 7, 16, '91.00', NULL, NULL),
(2114, 1094, 3, 24, '170.00', NULL, NULL),
(2115, 934, 8, 5, '178.00', NULL, NULL),
(2116, 1028, 6, 7, '121.00', NULL, NULL),
(2117, 907, 5, 25, '28.00', NULL, NULL),
(2118, 481, 8, 23, '152.00', NULL, NULL),
(2119, 794, 5, 15, '27.00', NULL, NULL),
(2120, 384, 1, 24, '142.00', NULL, NULL),
(2121, 1070, 5, 6, '170.00', NULL, NULL),
(2122, 590, 8, 19, '106.00', NULL, NULL),
(2123, 948, 3, 29, '172.00', NULL, NULL),
(2124, 565, 7, 22, '155.00', NULL, NULL),
(2125, 562, 1, 8, '143.00', NULL, NULL),
(2126, 1058, 7, 19, '107.00', NULL, NULL),
(2127, 680, 10, 23, '41.00', NULL, NULL),
(2128, 1004, 3, 13, '178.00', NULL, NULL),
(2129, 1066, 9, 14, '186.00', NULL, NULL),
(2130, 765, 6, 6, '92.00', NULL, NULL),
(2131, 676, 2, 28, '86.00', NULL, NULL),
(2132, 979, 3, 7, '175.00', NULL, NULL),
(2133, 136, 8, 30, '163.00', NULL, NULL),
(2134, 244, 1, 13, '50.00', NULL, NULL),
(2135, 1095, 4, 21, '137.00', NULL, NULL),
(2136, 736, 6, 28, '66.00', NULL, NULL),
(2137, 524, 9, 22, '129.00', NULL, NULL),
(2138, 154, 10, 11, '71.00', NULL, NULL),
(2139, 565, 6, 27, '65.00', NULL, NULL),
(2140, 292, 1, 23, '135.00', NULL, NULL),
(2141, 392, 10, 13, '45.00', NULL, NULL),
(2142, 548, 8, 16, '14.00', NULL, NULL),
(2143, 311, 9, 5, '152.00', NULL, NULL),
(2144, 849, 3, 17, '171.00', NULL, NULL),
(2145, 985, 4, 9, '180.00', NULL, NULL),
(2146, 1103, 4, 30, '195.00', NULL, NULL),
(2147, 984, 10, 15, '145.00', NULL, NULL),
(2148, 243, 10, 22, '123.00', NULL, NULL),
(2149, 520, 7, 12, '141.00', NULL, NULL),
(2150, 217, 1, 16, '53.00', NULL, NULL),
(2151, 163, 4, 23, '109.00', NULL, NULL),
(2152, 702, 6, 5, '120.00', NULL, NULL),
(2153, 525, 4, 27, '134.00', NULL, NULL),
(2154, 898, 3, 5, '149.00', NULL, NULL),
(2155, 756, 6, 15, '145.00', NULL, NULL),
(2156, 872, 3, 10, '105.00', NULL, NULL),
(2157, 418, 10, 18, '88.00', NULL, NULL),
(2158, 223, 8, 6, '71.00', NULL, NULL),
(2159, 1013, 8, 29, '17.00', NULL, NULL),
(2160, 266, 1, 25, '157.00', NULL, NULL),
(2161, 844, 5, 21, '11.00', NULL, NULL),
(2162, 142, 7, 25, '64.00', NULL, NULL),
(2163, 198, 7, 27, '197.00', NULL, NULL),
(2164, 617, 2, 20, '193.00', NULL, NULL),
(2165, 381, 8, 20, '83.00', NULL, NULL),
(2166, 495, 5, 8, '49.00', NULL, NULL),
(2167, 506, 2, 11, '118.00', NULL, NULL),
(2168, 354, 2, 13, '125.00', NULL, NULL),
(2169, 325, 10, 24, '152.00', NULL, NULL),
(2170, 380, 10, 22, '126.00', NULL, NULL),
(2171, 1040, 3, 26, '182.00', NULL, NULL),
(2172, 283, 9, 23, '177.00', NULL, NULL),
(2173, 472, 2, 20, '141.00', NULL, NULL),
(2174, 928, 4, 10, '36.00', NULL, NULL),
(2175, 362, 7, 8, '177.00', NULL, NULL),
(2176, 590, 5, 11, '178.00', NULL, NULL),
(2177, 969, 1, 27, '161.00', NULL, NULL),
(2178, 670, 2, 7, '48.00', NULL, NULL),
(2179, 967, 8, 11, '23.00', NULL, NULL),
(2180, 924, 8, 27, '77.00', NULL, NULL),
(2181, 255, 9, 26, '24.00', NULL, NULL),
(2182, 582, 9, 9, '43.00', NULL, NULL),
(2183, 130, 10, 9, '17.00', NULL, NULL),
(2184, 139, 2, 8, '94.00', NULL, NULL),
(2185, 549, 6, 17, '75.00', NULL, NULL),
(2186, 941, 5, 18, '57.00', NULL, NULL),
(2187, 576, 4, 22, '65.00', NULL, NULL),
(2188, 506, 5, 23, '85.00', NULL, NULL),
(2189, 455, 3, 7, '61.00', NULL, NULL),
(2190, 971, 3, 19, '67.00', NULL, NULL),
(2191, 540, 2, 5, '31.00', NULL, NULL),
(2192, 898, 1, 15, '94.00', NULL, NULL),
(2193, 1028, 3, 25, '39.00', NULL, NULL),
(2194, 486, 4, 26, '167.00', NULL, NULL),
(2195, 539, 1, 27, '134.00', NULL, NULL),
(2196, 1081, 10, 14, '179.00', NULL, NULL),
(2197, 506, 1, 30, '147.00', NULL, NULL),
(2198, 860, 9, 29, '11.00', NULL, NULL),
(2199, 544, 3, 19, '161.00', NULL, NULL),
(2200, 1093, 5, 15, '54.00', NULL, NULL),
(2201, 843, 6, 30, '129.00', NULL, NULL),
(2202, 939, 1, 25, '12.00', NULL, NULL),
(2203, 488, 9, 10, '185.00', NULL, NULL),
(2204, 500, 5, 28, '173.00', NULL, NULL),
(2205, 945, 7, 18, '72.00', NULL, NULL),
(2206, 541, 9, 14, '75.00', NULL, NULL),
(2207, 403, 10, 25, '178.00', NULL, NULL),
(2208, 901, 2, 7, '135.00', NULL, NULL),
(2209, 456, 6, 14, '166.00', NULL, NULL),
(2210, 687, 9, 24, '128.00', NULL, NULL),
(2211, 582, 4, 16, '28.00', NULL, NULL),
(2212, 237, 3, 20, '142.00', NULL, NULL),
(2213, 831, 3, 25, '149.00', NULL, NULL),
(2214, 701, 9, 22, '31.00', NULL, NULL),
(2215, 541, 4, 27, '125.00', NULL, NULL),
(2216, 137, 9, 24, '21.00', NULL, NULL),
(2217, 531, 4, 29, '112.00', NULL, NULL),
(2218, 203, 1, 22, '78.00', NULL, NULL),
(2219, 612, 5, 20, '183.00', NULL, NULL),
(2220, 990, 5, 16, '194.00', NULL, NULL),
(2221, 298, 3, 19, '47.00', NULL, NULL),
(2222, 940, 10, 24, '43.00', NULL, NULL),
(2223, 598, 2, 15, '76.00', NULL, NULL),
(2224, 626, 4, 12, '61.00', NULL, NULL),
(2225, 1078, 3, 22, '196.00', NULL, NULL),
(2226, 816, 8, 19, '158.00', NULL, NULL),
(2227, 760, 1, 24, '66.00', NULL, NULL),
(2228, 868, 2, 29, '29.00', NULL, NULL),
(2229, 990, 6, 27, '16.00', NULL, NULL),
(2230, 503, 10, 27, '174.00', NULL, NULL),
(2231, 363, 3, 16, '114.00', NULL, NULL),
(2232, 1123, 6, 20, '21.00', NULL, NULL),
(2233, 387, 9, 8, '187.00', NULL, NULL),
(2234, 997, 7, 27, '143.00', NULL, NULL),
(2235, 566, 9, 15, '133.00', NULL, NULL),
(2236, 322, 7, 26, '141.00', NULL, NULL),
(2237, 403, 1, 6, '20.00', NULL, NULL),
(2238, 214, 3, 5, '35.00', NULL, NULL),
(2239, 1078, 1, 5, '174.00', NULL, NULL),
(2240, 1119, 5, 24, '128.00', NULL, NULL),
(2241, 832, 4, 25, '194.00', NULL, NULL),
(2242, 713, 9, 21, '136.00', NULL, NULL),
(2243, 548, 4, 23, '112.00', NULL, NULL),
(2244, 973, 8, 19, '143.00', NULL, NULL),
(2245, 568, 9, 16, '79.00', NULL, NULL),
(2246, 230, 4, 18, '72.00', NULL, NULL),
(2247, 718, 1, 25, '140.00', NULL, NULL),
(2248, 351, 5, 8, '88.00', NULL, NULL),
(2249, 683, 1, 26, '90.00', NULL, NULL),
(2250, 487, 9, 19, '183.00', NULL, NULL),
(2251, 1103, 10, 29, '168.00', NULL, NULL),
(2252, 551, 3, 14, '124.00', NULL, NULL),
(2253, 781, 3, 22, '174.00', NULL, NULL),
(2254, 562, 10, 5, '154.00', NULL, NULL),
(2255, 624, 1, 21, '85.00', NULL, NULL),
(2256, 907, 9, 8, '56.00', NULL, NULL),
(2257, 157, 6, 19, '129.00', NULL, NULL),
(2258, 501, 8, 24, '113.00', NULL, NULL),
(2259, 851, 10, 20, '108.00', NULL, NULL),
(2260, 241, 9, 24, '165.00', NULL, NULL),
(2261, 1106, 6, 14, '88.00', NULL, NULL),
(2262, 1080, 6, 20, '80.00', NULL, NULL),
(2263, 488, 5, 14, '172.00', NULL, NULL),
(2264, 266, 6, 26, '42.00', NULL, NULL),
(2265, 148, 8, 13, '189.00', NULL, NULL),
(2266, 268, 6, 23, '150.00', NULL, NULL),
(2267, 333, 1, 22, '61.00', NULL, NULL),
(2268, 160, 6, 27, '192.00', NULL, NULL),
(2269, 392, 5, 30, '190.00', NULL, NULL),
(2270, 133, 10, 6, '105.00', NULL, NULL),
(2271, 842, 8, 7, '158.00', NULL, NULL),
(2272, 383, 1, 13, '162.00', NULL, NULL),
(2273, 409, 1, 26, '12.00', NULL, NULL),
(2274, 880, 1, 7, '66.00', NULL, NULL),
(2275, 293, 2, 25, '171.00', NULL, NULL),
(2276, 674, 3, 6, '19.00', NULL, NULL),
(2277, 1086, 5, 24, '134.00', NULL, NULL),
(2278, 737, 2, 11, '95.00', NULL, NULL),
(2279, 553, 7, 11, '169.00', NULL, NULL),
(2280, 516, 9, 9, '66.00', NULL, NULL),
(2281, 115, 8, 19, '27.00', NULL, NULL),
(2282, 458, 2, 13, '42.00', NULL, NULL),
(2283, 527, 4, 16, '80.00', NULL, NULL),
(2284, 273, 7, 5, '25.00', NULL, NULL),
(2285, 374, 4, 29, '40.00', NULL, NULL),
(2286, 372, 5, 8, '143.00', NULL, NULL),
(2287, 757, 6, 9, '102.00', NULL, NULL),
(2288, 666, 6, 15, '26.00', NULL, NULL),
(2289, 466, 9, 15, '191.00', NULL, NULL),
(2290, 839, 1, 28, '176.00', NULL, NULL),
(2291, 882, 3, 25, '123.00', NULL, NULL),
(2292, 395, 9, 14, '66.00', NULL, NULL),
(2293, 491, 9, 6, '16.00', NULL, NULL),
(2294, 406, 1, 30, '120.00', NULL, NULL),
(2295, 562, 4, 21, '182.00', NULL, NULL),
(2296, 498, 7, 7, '12.00', NULL, NULL),
(2297, 278, 9, 9, '49.00', NULL, NULL),
(2298, 649, 7, 15, '127.00', NULL, NULL),
(2299, 121, 7, 13, '41.00', NULL, NULL),
(2300, 275, 10, 14, '72.00', NULL, NULL),
(2301, 458, 9, 5, '69.00', NULL, NULL),
(2302, 467, 3, 27, '43.00', NULL, NULL),
(2303, 976, 6, 26, '180.00', NULL, NULL),
(2304, 316, 1, 8, '22.00', NULL, NULL),
(2305, 144, 6, 18, '85.00', NULL, NULL),
(2306, 957, 9, 27, '52.00', NULL, NULL),
(2307, 130, 7, 26, '174.00', NULL, NULL),
(2308, 663, 6, 19, '39.00', NULL, NULL),
(2309, 630, 7, 13, '141.00', NULL, NULL),
(2310, 884, 2, 25, '140.00', NULL, NULL),
(2311, 695, 7, 25, '195.00', NULL, NULL),
(2312, 337, 3, 6, '16.00', NULL, NULL),
(2313, 975, 7, 26, '162.00', NULL, NULL),
(2314, 940, 7, 13, '38.00', NULL, NULL),
(2315, 681, 1, 26, '152.00', NULL, NULL),
(2316, 595, 6, 28, '148.00', NULL, NULL),
(2317, 1081, 3, 30, '68.00', NULL, NULL),
(2318, 171, 2, 6, '15.00', NULL, NULL),
(2319, 790, 8, 22, '161.00', NULL, NULL),
(2320, 413, 9, 6, '85.00', NULL, NULL),
(2321, 517, 1, 16, '177.00', NULL, NULL),
(2322, 819, 3, 21, '190.00', NULL, NULL),
(2323, 164, 4, 7, '81.00', NULL, NULL),
(2324, 492, 2, 25, '65.00', NULL, NULL),
(2325, 776, 1, 13, '169.00', NULL, NULL),
(2326, 898, 10, 10, '16.00', NULL, NULL),
(2327, 852, 7, 7, '93.00', NULL, NULL),
(2328, 351, 2, 20, '192.00', NULL, NULL),
(2329, 145, 5, 16, '57.00', NULL, NULL),
(2330, 140, 10, 30, '117.00', NULL, NULL),
(2331, 816, 4, 23, '70.00', NULL, NULL),
(2332, 351, 4, 18, '196.00', NULL, NULL),
(2333, 484, 2, 5, '164.00', NULL, NULL),
(2334, 497, 7, 13, '144.00', NULL, NULL),
(2335, 360, 7, 17, '32.00', NULL, NULL),
(2336, 505, 7, 20, '13.00', NULL, NULL),
(2337, 528, 7, 6, '32.00', NULL, NULL),
(2338, 858, 9, 5, '115.00', NULL, NULL),
(2339, 614, 9, 21, '63.00', NULL, NULL),
(2340, 1092, 7, 19, '62.00', NULL, NULL),
(2341, 185, 4, 18, '35.00', NULL, NULL),
(2342, 775, 9, 25, '46.00', NULL, NULL),
(2343, 831, 2, 29, '164.00', NULL, NULL),
(2344, 225, 2, 14, '119.00', NULL, NULL),
(2345, 776, 1, 30, '183.00', NULL, NULL),
(2346, 487, 7, 7, '116.00', NULL, NULL),
(2347, 657, 9, 20, '75.00', NULL, NULL),
(2348, 543, 1, 15, '137.00', NULL, NULL),
(2349, 569, 8, 15, '112.00', NULL, NULL),
(2350, 745, 3, 10, '121.00', NULL, NULL),
(2351, 842, 1, 11, '41.00', NULL, NULL),
(2352, 475, 6, 12, '196.00', NULL, NULL),
(2353, 147, 1, 28, '102.00', NULL, NULL),
(2354, 285, 5, 21, '108.00', NULL, NULL),
(2355, 326, 5, 18, '119.00', NULL, NULL),
(2356, 312, 2, 23, '118.00', NULL, NULL),
(2357, 995, 4, 5, '162.00', NULL, NULL),
(2358, 1022, 3, 24, '65.00', NULL, NULL),
(2359, 558, 4, 28, '163.00', NULL, NULL),
(2360, 308, 10, 20, '98.00', NULL, NULL),
(2361, 677, 1, 22, '109.00', NULL, NULL),
(2362, 829, 4, 9, '70.00', NULL, NULL),
(2363, 184, 1, 9, '54.00', NULL, NULL),
(2364, 1028, 4, 8, '157.00', NULL, NULL),
(2365, 897, 3, 12, '191.00', NULL, NULL),
(2366, 925, 7, 21, '16.00', NULL, NULL),
(2367, 217, 5, 11, '44.00', NULL, NULL),
(2368, 938, 2, 16, '142.00', NULL, NULL),
(2369, 255, 10, 9, '161.00', NULL, NULL),
(2370, 852, 1, 23, '68.00', NULL, NULL),
(2371, 811, 10, 27, '117.00', NULL, NULL),
(2372, 737, 1, 6, '186.00', NULL, NULL),
(2373, 322, 8, 28, '53.00', NULL, NULL),
(2374, 846, 3, 17, '38.00', NULL, NULL),
(2375, 650, 4, 11, '10.00', NULL, NULL),
(2376, 624, 4, 9, '54.00', NULL, NULL),
(2377, 906, 10, 18, '44.00', NULL, NULL),
(2378, 1035, 7, 23, '37.00', NULL, NULL),
(2379, 390, 8, 6, '50.00', NULL, NULL),
(2380, 297, 2, 8, '190.00', NULL, NULL),
(2381, 470, 2, 27, '44.00', NULL, NULL),
(2382, 725, 10, 28, '14.00', NULL, NULL),
(2383, 699, 5, 24, '149.00', NULL, NULL),
(2384, 324, 1, 5, '179.00', NULL, NULL),
(2385, 197, 3, 9, '53.00', NULL, NULL),
(2386, 227, 8, 9, '53.00', NULL, NULL),
(2387, 216, 5, 23, '178.00', NULL, NULL),
(2388, 257, 6, 8, '195.00', NULL, NULL),
(2389, 980, 9, 7, '21.00', NULL, NULL),
(2390, 212, 4, 28, '60.00', NULL, NULL),
(2391, 884, 3, 27, '167.00', NULL, NULL),
(2392, 1101, 4, 19, '164.00', NULL, NULL),
(2393, 506, 1, 8, '120.00', NULL, NULL),
(2394, 586, 9, 26, '41.00', NULL, NULL),
(2395, 1065, 2, 12, '53.00', NULL, NULL),
(2396, 417, 10, 24, '146.00', NULL, NULL),
(2397, 888, 6, 26, '143.00', NULL, NULL),
(2398, 1117, 8, 30, '38.00', NULL, NULL),
(2399, 157, 8, 10, '12.00', NULL, NULL),
(2400, 182, 9, 5, '125.00', NULL, NULL),
(2401, 324, 2, 14, '170.00', NULL, NULL),
(2402, 456, 4, 9, '22.00', NULL, NULL),
(2403, 943, 4, 20, '140.00', NULL, NULL),
(2404, 694, 3, 12, '27.00', NULL, NULL),
(2405, 378, 6, 8, '105.00', NULL, NULL),
(2406, 688, 5, 12, '27.00', NULL, NULL),
(2407, 634, 2, 19, '92.00', NULL, NULL),
(2408, 687, 9, 6, '98.00', NULL, NULL),
(2409, 513, 8, 28, '154.00', NULL, NULL),
(2410, 124, 4, 5, '84.00', NULL, NULL),
(2411, 981, 10, 12, '161.00', NULL, NULL),
(2412, 824, 10, 17, '130.00', NULL, NULL),
(2413, 315, 3, 25, '67.00', NULL, NULL),
(2414, 316, 6, 18, '116.00', NULL, NULL),
(2415, 1032, 7, 12, '128.00', NULL, NULL),
(2416, 1038, 10, 9, '176.00', NULL, NULL),
(2417, 956, 3, 8, '151.00', NULL, NULL),
(2418, 561, 1, 27, '114.00', NULL, NULL),
(2419, 970, 10, 7, '105.00', NULL, NULL),
(2420, 841, 10, 10, '98.00', NULL, NULL),
(2421, 486, 7, 10, '63.00', NULL, NULL),
(2422, 372, 9, 15, '65.00', NULL, NULL),
(2423, 242, 2, 30, '177.00', NULL, NULL),
(2424, 594, 3, 9, '19.00', NULL, NULL),
(2425, 122, 9, 25, '101.00', NULL, NULL),
(2426, 929, 5, 30, '57.00', NULL, NULL),
(2427, 925, 2, 23, '105.00', NULL, NULL),
(2428, 316, 7, 17, '200.00', NULL, NULL),
(2429, 633, 2, 19, '133.00', NULL, NULL),
(2430, 262, 4, 20, '117.00', NULL, NULL),
(2431, 431, 4, 19, '195.00', NULL, NULL),
(2432, 545, 8, 27, '58.00', NULL, NULL),
(2433, 233, 7, 20, '176.00', NULL, NULL),
(2434, 757, 7, 10, '71.00', NULL, NULL),
(2435, 1089, 4, 10, '42.00', NULL, NULL),
(2436, 757, 3, 12, '105.00', NULL, NULL),
(2437, 990, 8, 30, '83.00', NULL, NULL),
(2438, 630, 4, 7, '41.00', NULL, NULL),
(2439, 1014, 7, 10, '84.00', NULL, NULL),
(2440, 337, 8, 15, '37.00', NULL, NULL),
(2441, 737, 7, 5, '114.00', NULL, NULL),
(2442, 698, 2, 24, '13.00', NULL, NULL),
(2443, 454, 3, 17, '107.00', NULL, NULL),
(2444, 1022, 4, 18, '159.00', NULL, NULL),
(2445, 636, 10, 27, '179.00', NULL, NULL),
(2446, 512, 5, 18, '113.00', NULL, NULL),
(2447, 888, 9, 14, '65.00', NULL, NULL),
(2448, 827, 5, 16, '65.00', NULL, NULL),
(2449, 723, 9, 28, '83.00', NULL, NULL),
(2450, 534, 2, 23, '158.00', NULL, NULL),
(2451, 970, 6, 10, '39.00', NULL, NULL),
(2452, 310, 4, 13, '73.00', NULL, NULL),
(2453, 745, 10, 18, '48.00', NULL, NULL),
(2454, 138, 8, 24, '23.00', NULL, NULL),
(2455, 761, 5, 19, '114.00', NULL, NULL),
(2456, 1045, 8, 12, '31.00', NULL, NULL),
(2457, 1084, 3, 15, '179.00', NULL, NULL),
(2458, 521, 8, 6, '70.00', NULL, NULL),
(2459, 929, 5, 24, '58.00', NULL, NULL),
(2460, 619, 8, 30, '102.00', NULL, NULL),
(2461, 209, 7, 23, '10.00', NULL, NULL),
(2462, 530, 4, 7, '33.00', NULL, NULL),
(2463, 492, 4, 9, '45.00', NULL, NULL),
(2464, 777, 5, 28, '55.00', NULL, NULL),
(2465, 597, 9, 20, '50.00', NULL, NULL),
(2466, 1035, 5, 11, '65.00', NULL, NULL),
(2467, 355, 4, 16, '176.00', NULL, NULL),
(2468, 971, 9, 17, '163.00', NULL, NULL),
(2469, 773, 10, 20, '199.00', NULL, NULL),
(2470, 543, 6, 26, '105.00', NULL, NULL),
(2471, 832, 5, 27, '126.00', NULL, NULL),
(2472, 1108, 1, 13, '106.00', NULL, NULL),
(2473, 275, 2, 16, '172.00', NULL, NULL),
(2474, 576, 1, 6, '101.00', NULL, NULL),
(2475, 633, 1, 7, '182.00', NULL, NULL),
(2476, 208, 1, 30, '176.00', NULL, NULL),
(2477, 687, 7, 25, '178.00', NULL, NULL),
(2478, 1076, 8, 23, '198.00', NULL, NULL),
(2479, 157, 10, 10, '44.00', NULL, NULL),
(2480, 652, 2, 25, '19.00', NULL, NULL),
(2481, 452, 7, 5, '53.00', NULL, NULL),
(2482, 925, 10, 10, '35.00', NULL, NULL),
(2483, 732, 4, 24, '163.00', NULL, NULL),
(2484, 252, 2, 6, '32.00', NULL, NULL),
(2485, 600, 7, 6, '196.00', NULL, NULL),
(2486, 689, 7, 20, '102.00', NULL, NULL),
(2487, 469, 4, 30, '200.00', NULL, NULL),
(2488, 815, 9, 27, '120.00', NULL, NULL),
(2489, 842, 2, 16, '41.00', NULL, NULL),
(2490, 335, 3, 21, '61.00', NULL, NULL),
(2491, 138, 7, 11, '85.00', NULL, NULL),
(2492, 612, 2, 25, '153.00', NULL, NULL),
(2493, 173, 2, 14, '18.00', NULL, NULL),
(2494, 977, 10, 20, '115.00', NULL, NULL),
(2495, 893, 4, 23, '107.00', NULL, NULL),
(2496, 702, 8, 6, '102.00', NULL, NULL),
(2497, 539, 8, 12, '15.00', NULL, NULL),
(2498, 381, 10, 25, '104.00', NULL, NULL),
(2499, 574, 8, 10, '28.00', NULL, NULL),
(2500, 727, 10, 17, '18.00', NULL, NULL),
(2501, 789, 4, 6, '66.00', NULL, NULL),
(2502, 965, 10, 27, '87.00', NULL, NULL),
(2503, 397, 5, 18, '119.00', NULL, NULL),
(2504, 385, 2, 27, '83.00', NULL, NULL),
(2505, 133, 6, 19, '101.00', NULL, NULL),
(2506, 596, 10, 22, '22.00', NULL, NULL),
(2507, 669, 4, 16, '40.00', NULL, NULL),
(2508, 321, 3, 9, '186.00', NULL, NULL),
(2509, 980, 1, 21, '118.00', NULL, NULL),
(2510, 623, 9, 30, '43.00', NULL, NULL),
(2511, 614, 5, 28, '34.00', NULL, NULL),
(2512, 819, 5, 28, '93.00', NULL, NULL),
(2513, 829, 6, 29, '46.00', NULL, NULL),
(2514, 377, 3, 24, '32.00', NULL, NULL),
(2515, 248, 10, 7, '57.00', NULL, NULL),
(2516, 639, 10, 12, '98.00', NULL, NULL),
(2517, 276, 10, 22, '104.00', NULL, NULL),
(2518, 942, 3, 20, '97.00', NULL, NULL),
(2519, 302, 1, 10, '84.00', NULL, NULL),
(2520, 163, 5, 22, '82.00', NULL, NULL),
(2521, 288, 8, 29, '172.00', NULL, NULL),
(2522, 319, 6, 23, '113.00', NULL, NULL),
(2523, 384, 4, 8, '66.00', NULL, NULL),
(2524, 788, 2, 30, '125.00', NULL, NULL),
(2525, 569, 10, 15, '166.00', NULL, NULL),
(2526, 828, 3, 30, '91.00', NULL, NULL),
(2527, 861, 5, 22, '186.00', NULL, NULL),
(2528, 654, 8, 16, '87.00', NULL, NULL),
(2529, 321, 10, 14, '12.00', NULL, NULL),
(2530, 1063, 7, 14, '127.00', NULL, NULL),
(2531, 713, 8, 8, '146.00', NULL, NULL),
(2532, 964, 10, 30, '161.00', NULL, NULL),
(2533, 937, 7, 27, '86.00', NULL, NULL),
(2534, 125, 5, 8, '181.00', NULL, NULL),
(2535, 747, 1, 27, '51.00', NULL, NULL),
(2536, 920, 9, 27, '197.00', NULL, NULL),
(2537, 208, 6, 29, '120.00', NULL, NULL),
(2538, 350, 8, 18, '54.00', NULL, NULL),
(2539, 237, 10, 13, '51.00', NULL, NULL),
(2540, 454, 6, 18, '38.00', NULL, NULL),
(2541, 1050, 5, 30, '189.00', NULL, NULL),
(2542, 491, 3, 23, '96.00', NULL, NULL),
(2543, 197, 10, 14, '44.00', NULL, NULL),
(2544, 857, 10, 27, '82.00', NULL, NULL),
(2545, 1058, 7, 8, '78.00', NULL, NULL),
(2546, 331, 7, 8, '79.00', NULL, NULL),
(2547, 319, 8, 22, '49.00', NULL, NULL),
(2548, 1119, 4, 11, '141.00', NULL, NULL),
(2549, 1095, 3, 8, '85.00', NULL, NULL),
(2550, 639, 5, 12, '71.00', NULL, NULL),
(2551, 429, 3, 13, '195.00', NULL, NULL),
(2552, 442, 5, 20, '69.00', NULL, NULL),
(2553, 733, 2, 10, '103.00', NULL, NULL),
(2554, 350, 9, 28, '164.00', NULL, NULL),
(2555, 730, 6, 5, '198.00', NULL, NULL),
(2556, 214, 1, 10, '148.00', NULL, NULL),
(2557, 194, 3, 14, '155.00', NULL, NULL),
(2558, 865, 3, 16, '64.00', NULL, NULL),
(2559, 773, 6, 7, '129.00', NULL, NULL),
(2560, 513, 3, 19, '177.00', NULL, NULL),
(2561, 193, 5, 21, '108.00', NULL, NULL),
(2562, 802, 5, 11, '163.00', NULL, NULL),
(2563, 980, 5, 10, '70.00', NULL, NULL),
(2564, 349, 6, 18, '155.00', NULL, NULL),
(2565, 1080, 1, 29, '99.00', NULL, NULL),
(2566, 682, 1, 23, '165.00', NULL, NULL),
(2567, 119, 10, 21, '123.00', NULL, NULL),
(2568, 888, 4, 18, '181.00', NULL, NULL),
(2569, 396, 1, 26, '140.00', NULL, NULL),
(2570, 790, 10, 11, '183.00', NULL, NULL),
(2571, 677, 8, 23, '56.00', NULL, NULL),
(2572, 979, 2, 8, '32.00', NULL, NULL),
(2573, 915, 3, 23, '33.00', NULL, NULL),
(2574, 799, 1, 12, '83.00', NULL, NULL),
(2575, 789, 4, 6, '42.00', NULL, NULL),
(2576, 520, 6, 10, '197.00', NULL, NULL),
(2577, 176, 5, 30, '94.00', NULL, NULL),
(2578, 319, 8, 11, '62.00', NULL, NULL),
(2579, 329, 1, 24, '125.00', NULL, NULL),
(2580, 1109, 8, 14, '83.00', NULL, NULL),
(2581, 1095, 3, 11, '184.00', NULL, NULL),
(2582, 517, 4, 12, '65.00', NULL, NULL),
(2583, 185, 2, 29, '36.00', NULL, NULL),
(2584, 1001, 5, 6, '73.00', NULL, NULL),
(2585, 473, 5, 24, '85.00', NULL, NULL),
(2586, 257, 6, 13, '183.00', NULL, NULL),
(2587, 910, 6, 26, '83.00', NULL, NULL),
(2588, 444, 4, 30, '75.00', NULL, NULL),
(2589, 501, 9, 20, '164.00', NULL, NULL),
(2590, 646, 5, 21, '19.00', NULL, NULL),
(2591, 237, 9, 12, '26.00', NULL, NULL),
(2592, 791, 4, 24, '51.00', NULL, NULL),
(2593, 377, 7, 23, '89.00', NULL, NULL),
(2594, 1040, 4, 5, '67.00', NULL, NULL),
(2595, 155, 2, 8, '141.00', NULL, NULL),
(2596, 917, 2, 16, '174.00', NULL, NULL),
(2597, 666, 8, 13, '61.00', NULL, NULL),
(2598, 996, 9, 17, '30.00', NULL, NULL),
(2599, 328, 8, 24, '36.00', NULL, NULL),
(2600, 218, 2, 14, '18.00', NULL, NULL),
(2601, 855, 6, 29, '121.00', NULL, NULL),
(2602, 786, 10, 11, '168.00', NULL, NULL),
(2603, 803, 3, 7, '111.00', NULL, NULL),
(2604, 461, 1, 29, '83.00', NULL, NULL),
(2605, 727, 10, 20, '60.00', NULL, NULL),
(2606, 963, 4, 11, '35.00', NULL, NULL),
(2607, 853, 5, 25, '158.00', NULL, NULL),
(2608, 205, 3, 27, '178.00', NULL, NULL),
(2609, 558, 10, 22, '130.00', NULL, NULL),
(2610, 797, 3, 26, '48.00', NULL, NULL),
(2611, 255, 9, 25, '38.00', NULL, NULL),
(2612, 236, 2, 9, '50.00', NULL, NULL),
(2613, 467, 8, 17, '120.00', NULL, NULL),
(2614, 704, 7, 29, '175.00', NULL, NULL),
(2615, 937, 2, 24, '161.00', NULL, NULL),
(2616, 369, 9, 26, '12.00', NULL, NULL),
(2617, 961, 5, 11, '193.00', NULL, NULL),
(2618, 377, 9, 28, '23.00', NULL, NULL),
(2619, 346, 7, 17, '49.00', NULL, NULL),
(2620, 196, 10, 12, '37.00', NULL, NULL),
(2621, 675, 7, 27, '83.00', NULL, NULL),
(2622, 396, 6, 27, '172.00', NULL, NULL),
(2623, 937, 7, 16, '154.00', NULL, NULL),
(2624, 151, 5, 6, '164.00', NULL, NULL),
(2625, 748, 4, 17, '195.00', NULL, NULL),
(2626, 357, 8, 18, '21.00', NULL, NULL),
(2627, 291, 1, 11, '140.00', NULL, NULL),
(2628, 847, 4, 6, '159.00', NULL, NULL),
(2629, 195, 7, 9, '89.00', NULL, NULL),
(2630, 528, 3, 17, '10.00', NULL, NULL),
(2631, 207, 5, 8, '180.00', NULL, NULL),
(2632, 814, 8, 16, '193.00', NULL, NULL),
(2633, 480, 4, 17, '154.00', NULL, NULL),
(2634, 126, 2, 22, '121.00', NULL, NULL),
(2635, 228, 8, 12, '98.00', NULL, NULL),
(2636, 695, 4, 15, '79.00', NULL, NULL),
(2637, 914, 1, 27, '104.00', NULL, NULL),
(2638, 1088, 2, 20, '133.00', NULL, NULL),
(2639, 867, 3, 29, '28.00', NULL, NULL),
(2640, 1086, 3, 13, '11.00', NULL, NULL),
(2641, 386, 10, 23, '113.00', NULL, NULL),
(2642, 553, 6, 7, '95.00', NULL, NULL),
(2643, 428, 2, 11, '52.00', NULL, NULL),
(2644, 913, 8, 26, '34.00', NULL, NULL),
(2645, 716, 7, 8, '193.00', NULL, NULL),
(2646, 482, 10, 10, '127.00', NULL, NULL),
(2647, 909, 1, 7, '192.00', NULL, NULL),
(2648, 294, 7, 11, '129.00', NULL, NULL),
(2649, 945, 10, 26, '197.00', NULL, NULL),
(2650, 950, 3, 6, '60.00', NULL, NULL),
(2651, 852, 3, 11, '14.00', NULL, NULL),
(2652, 222, 1, 30, '179.00', NULL, NULL),
(2653, 134, 1, 29, '111.00', NULL, NULL),
(2654, 1016, 8, 27, '192.00', NULL, NULL),
(2655, 1052, 1, 15, '132.00', NULL, NULL),
(2656, 931, 4, 20, '153.00', NULL, NULL),
(2657, 260, 7, 5, '10.00', NULL, NULL),
(2658, 416, 3, 19, '83.00', NULL, NULL),
(2659, 559, 9, 17, '85.00', NULL, NULL),
(2660, 1025, 2, 18, '100.00', NULL, NULL),
(2661, 801, 9, 8, '97.00', NULL, NULL),
(2662, 609, 4, 9, '135.00', NULL, NULL),
(2663, 858, 4, 29, '173.00', NULL, NULL),
(2664, 683, 2, 28, '103.00', NULL, NULL),
(2665, 679, 2, 12, '46.00', NULL, NULL),
(2666, 940, 9, 25, '129.00', NULL, NULL),
(2667, 1043, 3, 27, '129.00', NULL, NULL),
(2668, 388, 8, 23, '135.00', NULL, NULL),
(2669, 851, 9, 17, '34.00', NULL, NULL),
(2670, 1024, 10, 19, '86.00', NULL, NULL),
(2671, 1038, 1, 18, '112.00', NULL, NULL),
(2672, 1091, 2, 9, '192.00', NULL, NULL),
(2673, 779, 9, 7, '58.00', NULL, NULL),
(2674, 424, 5, 29, '129.00', NULL, NULL),
(2675, 478, 3, 10, '107.00', NULL, NULL),
(2676, 403, 4, 19, '110.00', NULL, NULL),
(2677, 982, 4, 30, '69.00', NULL, NULL),
(2678, 789, 7, 27, '192.00', NULL, NULL),
(2679, 918, 2, 27, '20.00', NULL, NULL),
(2680, 576, 10, 6, '173.00', NULL, NULL),
(2681, 314, 6, 22, '71.00', NULL, NULL),
(2682, 378, 7, 14, '156.00', NULL, NULL),
(2683, 827, 10, 19, '168.00', NULL, NULL),
(2684, 623, 10, 6, '139.00', NULL, NULL),
(2685, 485, 4, 27, '87.00', NULL, NULL),
(2686, 1033, 6, 20, '173.00', NULL, NULL),
(2687, 828, 7, 21, '111.00', NULL, NULL),
(2688, 211, 9, 18, '104.00', NULL, NULL),
(2689, 687, 2, 14, '130.00', NULL, NULL),
(2690, 793, 6, 6, '143.00', NULL, NULL),
(2691, 239, 5, 22, '98.00', NULL, NULL),
(2692, 1000, 8, 24, '109.00', NULL, NULL),
(2693, 249, 4, 18, '76.00', NULL, NULL),
(2694, 1054, 10, 12, '63.00', NULL, NULL),
(2695, 490, 4, 30, '54.00', NULL, NULL),
(2696, 614, 5, 19, '187.00', NULL, NULL),
(2697, 585, 9, 26, '171.00', NULL, NULL),
(2698, 1060, 1, 24, '193.00', NULL, NULL),
(2699, 724, 1, 11, '21.00', NULL, NULL),
(2700, 456, 8, 5, '12.00', NULL, NULL),
(2701, 856, 8, 23, '125.00', NULL, NULL),
(2702, 145, 1, 24, '51.00', NULL, NULL),
(2703, 877, 6, 7, '14.00', NULL, NULL),
(2704, 555, 3, 27, '107.00', NULL, NULL),
(2705, 907, 4, 28, '100.00', NULL, NULL),
(2706, 360, 1, 21, '129.00', NULL, NULL),
(2707, 180, 3, 16, '163.00', NULL, NULL),
(2708, 788, 8, 25, '145.00', NULL, NULL),
(2709, 410, 1, 16, '174.00', NULL, NULL),
(2710, 709, 5, 26, '182.00', NULL, NULL),
(2711, 1008, 8, 13, '82.00', NULL, NULL),
(2712, 938, 2, 23, '88.00', NULL, NULL),
(2713, 328, 4, 14, '95.00', NULL, NULL),
(2714, 216, 1, 12, '147.00', NULL, NULL),
(2715, 616, 9, 28, '139.00', NULL, NULL),
(2716, 915, 2, 13, '162.00', NULL, NULL),
(2717, 347, 9, 17, '133.00', NULL, NULL),
(2718, 143, 6, 19, '193.00', NULL, NULL),
(2719, 995, 5, 13, '60.00', NULL, NULL),
(2720, 1087, 3, 17, '20.00', NULL, NULL),
(2721, 1123, 10, 15, '33.00', NULL, NULL),
(2722, 657, 7, 6, '167.00', NULL, NULL),
(2723, 849, 3, 7, '114.00', NULL, NULL),
(2724, 652, 9, 14, '31.00', NULL, NULL),
(2725, 146, 10, 5, '168.00', NULL, NULL),
(2726, 120, 1, 9, '148.00', NULL, NULL),
(2727, 522, 6, 9, '109.00', NULL, NULL),
(2728, 1101, 3, 26, '73.00', NULL, NULL),
(2729, 694, 8, 15, '100.00', NULL, NULL),
(2730, 728, 9, 21, '135.00', NULL, NULL),
(2731, 646, 7, 30, '118.00', NULL, NULL),
(2732, 128, 2, 6, '117.00', NULL, NULL),
(2733, 932, 4, 21, '89.00', NULL, NULL),
(2734, 1007, 4, 9, '168.00', NULL, NULL),
(2735, 977, 3, 25, '145.00', NULL, NULL),
(2736, 508, 10, 9, '188.00', NULL, NULL),
(2737, 551, 6, 23, '195.00', NULL, NULL),
(2738, 766, 1, 30, '129.00', NULL, NULL),
(2739, 823, 10, 8, '146.00', NULL, NULL),
(2740, 916, 1, 10, '52.00', NULL, NULL),
(2741, 290, 10, 27, '87.00', NULL, NULL),
(2742, 1025, 3, 26, '95.00', NULL, NULL),
(2743, 458, 8, 24, '74.00', NULL, NULL),
(2744, 497, 1, 14, '42.00', NULL, NULL),
(2745, 176, 10, 14, '100.00', NULL, NULL),
(2746, 199, 3, 19, '148.00', NULL, NULL),
(2747, 243, 10, 16, '133.00', NULL, NULL),
(2748, 290, 1, 11, '38.00', NULL, NULL),
(2749, 577, 5, 14, '34.00', NULL, NULL),
(2750, 569, 2, 9, '126.00', NULL, NULL),
(2751, 966, 3, 11, '26.00', NULL, NULL),
(2752, 599, 4, 5, '26.00', NULL, NULL),
(2753, 560, 5, 19, '29.00', NULL, NULL),
(2754, 976, 9, 28, '129.00', NULL, NULL),
(2755, 999, 2, 18, '28.00', NULL, NULL),
(2756, 680, 6, 26, '115.00', NULL, NULL),
(2757, 601, 5, 14, '12.00', NULL, NULL),
(2758, 789, 10, 27, '105.00', NULL, NULL),
(2759, 612, 2, 25, '164.00', NULL, NULL),
(2760, 835, 3, 23, '184.00', NULL, NULL),
(2761, 303, 3, 24, '145.00', NULL, NULL),
(2762, 274, 9, 18, '47.00', NULL, NULL),
(2763, 141, 1, 8, '85.00', NULL, NULL),
(2764, 219, 7, 10, '120.00', NULL, NULL),
(2765, 959, 3, 12, '65.00', NULL, NULL),
(2766, 577, 9, 13, '120.00', NULL, NULL),
(2767, 497, 6, 19, '130.00', NULL, NULL),
(2768, 1075, 5, 29, '70.00', NULL, NULL),
(2769, 940, 1, 26, '51.00', NULL, NULL),
(2770, 273, 9, 26, '148.00', NULL, NULL),
(2771, 263, 10, 21, '130.00', NULL, NULL),
(2772, 731, 10, 16, '188.00', NULL, NULL),
(2773, 905, 5, 9, '48.00', NULL, NULL),
(2774, 1011, 2, 24, '155.00', NULL, NULL),
(2775, 598, 9, 6, '146.00', NULL, NULL),
(2776, 238, 5, 16, '16.00', NULL, NULL),
(2777, 839, 5, 5, '72.00', NULL, NULL),
(2778, 687, 8, 23, '104.00', NULL, NULL),
(2779, 1033, 4, 28, '119.00', NULL, NULL),
(2780, 659, 6, 8, '96.00', NULL, NULL),
(2781, 889, 7, 21, '145.00', NULL, NULL),
(2782, 277, 6, 19, '156.00', NULL, NULL),
(2783, 1080, 9, 26, '13.00', NULL, NULL),
(2784, 277, 4, 25, '17.00', NULL, NULL),
(2785, 984, 4, 27, '114.00', NULL, NULL),
(2786, 825, 9, 6, '156.00', NULL, NULL),
(2787, 1121, 10, 30, '79.00', NULL, NULL),
(2788, 751, 1, 15, '139.00', NULL, NULL),
(2789, 918, 2, 9, '18.00', NULL, NULL),
(2790, 450, 10, 12, '71.00', NULL, NULL),
(2791, 736, 3, 10, '48.00', NULL, NULL),
(2792, 1119, 9, 8, '81.00', NULL, NULL),
(2793, 409, 3, 24, '161.00', NULL, NULL),
(2794, 278, 9, 13, '198.00', NULL, NULL),
(2795, 752, 2, 29, '39.00', NULL, NULL),
(2796, 254, 6, 24, '151.00', NULL, NULL),
(2797, 751, 3, 12, '50.00', NULL, NULL),
(2798, 1091, 8, 30, '27.00', NULL, NULL),
(2799, 448, 7, 23, '82.00', NULL, NULL),
(2800, 653, 1, 16, '101.00', NULL, NULL),
(2801, 1085, 3, 19, '84.00', NULL, NULL),
(2802, 827, 6, 29, '135.00', NULL, NULL),
(2803, 530, 8, 28, '125.00', NULL, NULL),
(2804, 751, 2, 15, '33.00', NULL, NULL),
(2805, 1053, 10, 10, '152.00', NULL, NULL),
(2806, 767, 10, 14, '29.00', NULL, NULL),
(2807, 855, 5, 6, '90.00', NULL, NULL),
(2808, 762, 2, 14, '118.00', NULL, NULL),
(2809, 686, 6, 29, '143.00', NULL, NULL),
(2810, 906, 2, 30, '143.00', NULL, NULL),
(2811, 837, 3, 6, '195.00', NULL, NULL),
(2812, 688, 1, 11, '20.00', NULL, NULL),
(2813, 244, 2, 8, '195.00', NULL, NULL),
(2814, 488, 8, 23, '38.00', NULL, NULL),
(2815, 175, 2, 18, '186.00', NULL, NULL),
(2816, 995, 3, 9, '153.00', NULL, NULL),
(2817, 461, 1, 21, '92.00', NULL, NULL),
(2818, 562, 4, 15, '83.00', NULL, NULL),
(2819, 375, 6, 8, '153.00', NULL, NULL),
(2820, 254, 4, 20, '148.00', NULL, NULL),
(2821, 1081, 6, 12, '37.00', NULL, NULL),
(2822, 525, 2, 23, '60.00', NULL, NULL),
(2823, 266, 10, 29, '121.00', NULL, NULL),
(2824, 594, 1, 16, '121.00', NULL, NULL),
(2825, 425, 6, 21, '125.00', NULL, NULL),
(2826, 362, 2, 26, '108.00', NULL, NULL),
(2827, 510, 7, 5, '184.00', NULL, NULL),
(2828, 363, 8, 17, '79.00', NULL, NULL),
(2829, 882, 2, 30, '43.00', NULL, NULL),
(2830, 404, 7, 30, '136.00', NULL, NULL),
(2831, 190, 4, 21, '188.00', NULL, NULL),
(2832, 776, 7, 7, '178.00', NULL, NULL),
(2833, 684, 10, 7, '196.00', NULL, NULL),
(2834, 916, 8, 23, '149.00', NULL, NULL),
(2835, 209, 9, 8, '192.00', NULL, NULL),
(2836, 501, 5, 21, '190.00', NULL, NULL),
(2837, 412, 9, 30, '61.00', NULL, NULL),
(2838, 582, 2, 8, '51.00', NULL, NULL),
(2839, 1021, 10, 24, '185.00', NULL, NULL),
(2840, 340, 9, 24, '33.00', NULL, NULL),
(2841, 1108, 3, 12, '136.00', NULL, NULL),
(2842, 533, 8, 29, '81.00', NULL, NULL),
(2843, 970, 3, 10, '55.00', NULL, NULL),
(2844, 221, 8, 21, '185.00', NULL, NULL),
(2845, 427, 3, 6, '179.00', NULL, NULL),
(2846, 870, 1, 18, '151.00', NULL, NULL),
(2847, 355, 8, 9, '45.00', NULL, NULL),
(2848, 528, 10, 20, '170.00', NULL, NULL),
(2849, 917, 6, 24, '51.00', NULL, NULL),
(2850, 281, 2, 25, '156.00', NULL, NULL),
(2851, 454, 2, 22, '135.00', NULL, NULL),
(2852, 624, 4, 15, '138.00', NULL, NULL),
(2853, 156, 4, 12, '115.00', NULL, NULL),
(2854, 511, 10, 10, '87.00', NULL, NULL),
(2855, 1096, 4, 13, '195.00', NULL, NULL),
(2856, 277, 1, 27, '153.00', NULL, NULL),
(2857, 595, 1, 9, '72.00', NULL, NULL),
(2858, 825, 3, 8, '173.00', NULL, NULL),
(2859, 379, 9, 29, '161.00', NULL, NULL),
(2860, 673, 2, 28, '74.00', NULL, NULL),
(2861, 627, 10, 6, '28.00', NULL, NULL),
(2862, 847, 2, 19, '192.00', NULL, NULL),
(2863, 713, 2, 11, '153.00', NULL, NULL),
(2864, 999, 6, 22, '116.00', NULL, NULL),
(2865, 606, 2, 24, '98.00', NULL, NULL),
(2866, 331, 4, 17, '33.00', NULL, NULL),
(2867, 465, 7, 25, '154.00', NULL, NULL),
(2868, 611, 7, 7, '131.00', NULL, NULL),
(2869, 327, 5, 23, '124.00', NULL, NULL),
(2870, 971, 6, 19, '97.00', NULL, NULL),
(2871, 200, 7, 10, '190.00', NULL, NULL),
(2872, 149, 2, 24, '84.00', NULL, NULL),
(2873, 470, 8, 29, '143.00', NULL, NULL),
(2874, 921, 2, 30, '92.00', NULL, NULL),
(2875, 315, 4, 20, '172.00', NULL, NULL),
(2876, 835, 6, 9, '163.00', NULL, NULL),
(2877, 518, 8, 7, '160.00', NULL, NULL),
(2878, 1090, 7, 10, '107.00', NULL, NULL),
(2879, 549, 10, 6, '158.00', NULL, NULL),
(2880, 323, 10, 6, '83.00', NULL, NULL),
(2881, 312, 4, 9, '107.00', NULL, NULL),
(2882, 473, 1, 5, '116.00', NULL, NULL),
(2883, 616, 3, 5, '51.00', NULL, NULL),
(2884, 1023, 4, 20, '21.00', NULL, NULL),
(2885, 586, 3, 28, '172.00', NULL, NULL),
(2886, 143, 3, 8, '25.00', NULL, NULL),
(2887, 860, 5, 8, '89.00', NULL, NULL),
(2888, 408, 4, 16, '72.00', NULL, NULL),
(2889, 946, 1, 8, '88.00', NULL, NULL),
(2890, 1101, 10, 13, '83.00', NULL, NULL),
(2891, 214, 2, 7, '158.00', NULL, NULL),
(2892, 715, 1, 20, '151.00', NULL, NULL),
(2893, 600, 10, 10, '144.00', NULL, NULL),
(2894, 166, 5, 23, '158.00', NULL, NULL),
(2895, 708, 7, 19, '40.00', NULL, NULL),
(2896, 433, 8, 22, '72.00', NULL, NULL),
(2897, 493, 6, 28, '124.00', NULL, NULL),
(2898, 238, 10, 10, '128.00', NULL, NULL),
(2899, 465, 9, 10, '148.00', NULL, NULL),
(2900, 592, 10, 8, '136.00', NULL, NULL),
(2901, 274, 6, 21, '36.00', NULL, NULL),
(2902, 640, 10, 11, '163.00', NULL, NULL),
(2903, 251, 9, 11, '29.00', NULL, NULL),
(2904, 997, 9, 29, '69.00', NULL, NULL),
(2905, 469, 4, 17, '148.00', NULL, NULL),
(2906, 777, 7, 5, '78.00', NULL, NULL),
(2907, 914, 6, 16, '163.00', NULL, NULL),
(2908, 525, 8, 9, '143.00', NULL, NULL),
(2909, 179, 2, 14, '172.00', NULL, NULL),
(2910, 634, 4, 17, '199.00', NULL, NULL),
(2911, 749, 4, 18, '183.00', NULL, NULL),
(2912, 1087, 7, 27, '13.00', NULL, NULL),
(2913, 174, 5, 17, '71.00', NULL, NULL),
(2914, 304, 5, 10, '99.00', NULL, NULL),
(2915, 688, 8, 11, '47.00', NULL, NULL),
(2916, 451, 6, 30, '99.00', NULL, NULL),
(2917, 372, 1, 25, '177.00', NULL, NULL),
(2918, 848, 3, 26, '143.00', NULL, NULL),
(2919, 938, 5, 6, '33.00', NULL, NULL),
(2920, 1119, 6, 22, '135.00', NULL, NULL),
(2921, 393, 10, 17, '107.00', NULL, NULL),
(2922, 587, 7, 30, '191.00', NULL, NULL),
(2923, 485, 4, 29, '29.00', NULL, NULL),
(2924, 152, 6, 12, '125.00', NULL, NULL),
(2925, 675, 4, 30, '178.00', NULL, NULL),
(2926, 422, 7, 12, '194.00', NULL, NULL),
(2927, 594, 3, 24, '68.00', NULL, NULL),
(2928, 810, 7, 27, '85.00', NULL, NULL),
(2929, 944, 2, 7, '126.00', NULL, NULL),
(2930, 725, 5, 29, '57.00', NULL, NULL),
(2931, 1060, 2, 9, '135.00', NULL, NULL),
(2932, 955, 3, 14, '126.00', NULL, NULL),
(2933, 184, 6, 20, '198.00', NULL, NULL),
(2934, 651, 2, 10, '124.00', NULL, NULL),
(2935, 530, 5, 21, '164.00', NULL, NULL),
(2936, 749, 10, 15, '94.00', NULL, NULL),
(2937, 380, 5, 16, '33.00', NULL, NULL),
(2938, 704, 10, 28, '46.00', NULL, NULL),
(2939, 503, 9, 14, '47.00', NULL, NULL),
(2940, 608, 9, 5, '96.00', NULL, NULL),
(2941, 389, 5, 5, '88.00', NULL, NULL),
(2942, 475, 9, 28, '126.00', NULL, NULL),
(2943, 1069, 7, 29, '48.00', NULL, NULL),
(2944, 836, 1, 5, '41.00', NULL, NULL),
(2945, 309, 4, 21, '182.00', NULL, NULL),
(2946, 1027, 1, 5, '104.00', NULL, NULL),
(2947, 627, 6, 29, '183.00', NULL, NULL),
(2948, 845, 6, 30, '74.00', NULL, NULL);
INSERT INTO `set_reps` (`id`, `idTrainings_Exercise`, `num_of_set`, `num_of_reps`, `weight`, `updated_at`, `created_at`) VALUES
(2949, 153, 3, 21, '104.00', NULL, NULL),
(2950, 500, 2, 22, '184.00', NULL, NULL),
(2951, 431, 1, 30, '183.00', NULL, NULL),
(2952, 423, 5, 29, '110.00', NULL, NULL),
(2953, 639, 8, 5, '187.00', NULL, NULL),
(2954, 407, 2, 17, '18.00', NULL, NULL),
(2955, 366, 5, 11, '17.00', NULL, NULL),
(2956, 410, 10, 30, '122.00', NULL, NULL),
(2957, 1087, 4, 30, '14.00', NULL, NULL),
(2958, 496, 4, 19, '128.00', NULL, NULL),
(2959, 300, 10, 24, '140.00', NULL, NULL),
(2960, 419, 8, 11, '126.00', NULL, NULL),
(2961, 784, 5, 7, '102.00', NULL, NULL),
(2962, 510, 6, 24, '89.00', NULL, NULL),
(2963, 752, 3, 11, '50.00', NULL, NULL),
(2964, 699, 1, 6, '199.00', NULL, NULL),
(2965, 1120, 9, 20, '75.00', NULL, NULL),
(2966, 272, 1, 25, '132.00', NULL, NULL),
(2967, 672, 3, 19, '184.00', NULL, NULL),
(2968, 674, 2, 23, '164.00', NULL, NULL),
(2969, 259, 9, 24, '33.00', NULL, NULL),
(2970, 526, 8, 14, '94.00', NULL, NULL),
(2971, 824, 9, 24, '22.00', NULL, NULL),
(2972, 278, 4, 12, '173.00', NULL, NULL),
(2973, 743, 10, 6, '83.00', NULL, NULL),
(2974, 153, 1, 6, '188.00', NULL, NULL),
(2975, 1018, 10, 30, '193.00', NULL, NULL),
(2976, 957, 6, 13, '106.00', NULL, NULL),
(2977, 315, 5, 19, '16.00', NULL, NULL),
(2978, 388, 10, 25, '43.00', NULL, NULL),
(2979, 813, 3, 26, '90.00', NULL, NULL),
(2980, 707, 3, 9, '69.00', NULL, NULL),
(2981, 522, 10, 19, '98.00', NULL, NULL),
(2982, 410, 7, 20, '176.00', NULL, NULL),
(2983, 306, 7, 20, '144.00', NULL, NULL),
(2984, 721, 7, 28, '90.00', NULL, NULL),
(2985, 595, 9, 15, '40.00', NULL, NULL),
(2986, 1068, 4, 26, '33.00', NULL, NULL),
(2987, 359, 4, 27, '61.00', NULL, NULL),
(2988, 802, 1, 23, '190.00', NULL, NULL),
(2989, 952, 10, 21, '94.00', NULL, NULL),
(2990, 620, 9, 14, '46.00', NULL, NULL),
(2991, 173, 10, 18, '37.00', NULL, NULL),
(2992, 623, 9, 27, '193.00', NULL, NULL),
(2993, 288, 4, 30, '100.00', NULL, NULL),
(2994, 250, 3, 10, '88.00', NULL, NULL),
(2995, 901, 6, 27, '20.00', NULL, NULL),
(2996, 630, 10, 20, '40.00', NULL, NULL),
(2997, 194, 7, 28, '88.00', NULL, NULL),
(2998, 1122, 10, 23, '132.00', NULL, NULL),
(2999, 701, 6, 22, '153.00', NULL, NULL),
(3000, 814, 5, 25, '170.00', NULL, NULL),
(3001, 745, 1, 20, '116.00', NULL, NULL),
(3002, 1101, 8, 25, '56.00', NULL, NULL),
(3003, 360, 4, 9, '155.00', NULL, NULL),
(3004, 327, 8, 16, '96.00', NULL, NULL),
(3005, 182, 7, 26, '107.00', NULL, NULL),
(3006, 1027, 3, 21, '183.00', NULL, NULL),
(3007, 749, 6, 27, '22.00', NULL, NULL),
(3008, 591, 9, 28, '162.00', NULL, NULL),
(3009, 632, 5, 14, '125.00', NULL, NULL),
(3010, 450, 6, 19, '38.00', NULL, NULL),
(3011, 480, 3, 27, '165.00', NULL, NULL),
(3012, 195, 1, 6, '58.00', NULL, NULL),
(3013, 785, 3, 11, '177.00', NULL, NULL),
(3014, 299, 2, 20, '199.00', NULL, NULL),
(3015, 416, 5, 9, '139.00', NULL, NULL),
(3016, 393, 8, 26, '43.00', NULL, NULL),
(3017, 221, 5, 20, '186.00', NULL, NULL),
(3018, 240, 9, 6, '122.00', NULL, NULL),
(3019, 920, 4, 25, '120.00', NULL, NULL),
(3020, 774, 9, 10, '93.00', NULL, NULL),
(3021, 836, 1, 28, '130.00', NULL, NULL),
(3022, 817, 4, 27, '195.00', NULL, NULL),
(3023, 993, 7, 17, '177.00', NULL, NULL),
(3024, 781, 1, 26, '130.00', NULL, NULL),
(3025, 539, 8, 8, '124.00', NULL, NULL),
(3026, 889, 9, 30, '176.00', NULL, NULL),
(3027, 366, 5, 15, '192.00', NULL, NULL),
(3028, 568, 5, 28, '78.00', NULL, NULL),
(3029, 189, 10, 14, '56.00', NULL, NULL),
(3030, 707, 9, 28, '46.00', NULL, NULL),
(3031, 565, 9, 16, '191.00', NULL, NULL),
(3032, 1075, 8, 9, '112.00', NULL, NULL),
(3033, 312, 9, 14, '29.00', NULL, NULL),
(3034, 1074, 9, 30, '59.00', NULL, NULL),
(3035, 1004, 1, 5, '179.00', NULL, NULL),
(3036, 868, 10, 13, '132.00', NULL, NULL),
(3037, 658, 8, 14, '13.00', NULL, NULL),
(3038, 683, 9, 9, '74.00', NULL, NULL),
(3039, 412, 2, 18, '167.00', NULL, NULL),
(3040, 942, 10, 21, '29.00', NULL, NULL),
(3041, 153, 2, 15, '36.00', NULL, NULL),
(3042, 419, 1, 10, '106.00', NULL, NULL),
(3043, 1112, 6, 8, '28.00', NULL, NULL),
(3044, 574, 5, 29, '58.00', NULL, NULL),
(3045, 483, 2, 23, '27.00', NULL, NULL),
(3046, 1110, 3, 6, '32.00', NULL, NULL),
(3047, 745, 2, 26, '55.00', NULL, NULL),
(3048, 497, 1, 15, '79.00', NULL, NULL),
(3049, 327, 8, 5, '30.00', NULL, NULL),
(3050, 994, 4, 20, '98.00', NULL, NULL),
(3051, 741, 2, 24, '165.00', NULL, NULL),
(3052, 862, 5, 25, '183.00', NULL, NULL),
(3053, 545, 8, 7, '182.00', NULL, NULL),
(3054, 1005, 7, 16, '41.00', NULL, NULL),
(3055, 795, 5, 17, '189.00', NULL, NULL),
(3056, 301, 2, 7, '61.00', NULL, NULL),
(3057, 513, 6, 9, '158.00', NULL, NULL),
(3058, 770, 10, 9, '78.00', NULL, NULL),
(3059, 520, 5, 26, '75.00', NULL, NULL),
(3060, 454, 7, 17, '172.00', NULL, NULL),
(3061, 934, 4, 14, '150.00', NULL, NULL),
(3062, 147, 9, 13, '110.00', NULL, NULL),
(3063, 1042, 9, 27, '188.00', NULL, NULL),
(3064, 130, 9, 29, '55.00', NULL, NULL),
(3065, 160, 9, 11, '109.00', NULL, NULL),
(3066, 261, 5, 28, '154.00', NULL, NULL),
(3067, 1083, 5, 29, '167.00', NULL, NULL),
(3068, 444, 1, 22, '199.00', NULL, NULL),
(3069, 1040, 9, 27, '96.00', NULL, NULL),
(3070, 178, 1, 5, '169.00', NULL, NULL),
(3071, 499, 8, 29, '35.00', NULL, NULL),
(3072, 750, 7, 15, '82.00', NULL, NULL),
(3073, 705, 8, 29, '151.00', NULL, NULL),
(3074, 701, 8, 23, '106.00', NULL, NULL),
(3075, 723, 7, 12, '112.00', NULL, NULL),
(3076, 922, 8, 24, '34.00', NULL, NULL),
(3077, 335, 8, 10, '172.00', NULL, NULL),
(3078, 161, 2, 5, '120.00', NULL, NULL),
(3079, 642, 8, 7, '88.00', NULL, NULL),
(3080, 118, 1, 8, '31.00', NULL, NULL),
(3081, 361, 4, 8, '82.00', NULL, NULL),
(3082, 777, 8, 17, '90.00', NULL, NULL),
(3083, 1088, 1, 30, '128.00', NULL, NULL),
(3084, 501, 3, 16, '128.00', NULL, NULL),
(3085, 507, 5, 21, '145.00', NULL, NULL),
(3086, 1029, 9, 16, '140.00', NULL, NULL),
(3087, 363, 4, 22, '13.00', NULL, NULL),
(3088, 945, 9, 22, '139.00', NULL, NULL),
(3089, 475, 2, 12, '127.00', NULL, NULL),
(3090, 669, 7, 6, '152.00', NULL, NULL),
(3091, 1035, 10, 6, '65.00', NULL, NULL),
(3092, 619, 7, 27, '95.00', NULL, NULL),
(3093, 860, 6, 5, '156.00', NULL, NULL),
(3094, 632, 6, 29, '69.00', NULL, NULL),
(3095, 559, 8, 10, '26.00', NULL, NULL),
(3096, 397, 9, 8, '11.00', NULL, NULL),
(3097, 677, 7, 16, '157.00', NULL, NULL),
(3098, 385, 2, 5, '24.00', NULL, NULL),
(3099, 972, 7, 28, '32.00', NULL, NULL),
(3100, 516, 8, 15, '104.00', NULL, NULL),
(3101, 286, 2, 21, '79.00', NULL, NULL),
(3102, 617, 8, 16, '39.00', NULL, NULL),
(3103, 1118, 2, 24, '200.00', NULL, NULL),
(3104, 577, 5, 26, '126.00', NULL, NULL),
(3105, 461, 9, 19, '83.00', NULL, NULL),
(3106, 313, 3, 17, '119.00', NULL, NULL),
(3107, 1031, 5, 19, '24.00', NULL, NULL),
(3108, 1103, 7, 24, '41.00', NULL, NULL),
(3109, 794, 2, 25, '110.00', NULL, NULL),
(3110, 961, 1, 11, '152.00', NULL, NULL),
(3111, 883, 10, 24, '96.00', NULL, NULL),
(3112, 884, 6, 5, '92.00', NULL, NULL),
(3113, 316, 8, 6, '158.00', NULL, NULL),
(3114, 573, 2, 23, '76.00', NULL, NULL),
(3115, 254, 10, 16, '47.00', NULL, NULL),
(3116, 960, 9, 9, '175.00', NULL, NULL),
(3117, 376, 3, 6, '82.00', NULL, NULL),
(3118, 1098, 3, 30, '91.00', NULL, NULL),
(3119, 800, 2, 18, '139.00', NULL, NULL),
(3120, 234, 6, 26, '174.00', NULL, NULL),
(3121, 1077, 9, 6, '92.00', NULL, NULL),
(3122, 759, 7, 29, '36.00', NULL, NULL),
(3123, 606, 4, 6, '63.00', NULL, NULL),
(3124, 431, 7, 14, '108.00', NULL, NULL),
(3125, 311, 5, 19, '91.00', NULL, NULL),
(3126, 1063, 9, 20, '40.00', NULL, NULL),
(3127, 501, 5, 10, '125.00', NULL, NULL),
(3128, 118, 1, 9, '18.00', NULL, NULL),
(3129, 879, 5, 25, '26.00', NULL, NULL),
(3130, 282, 9, 13, '126.00', NULL, NULL),
(3131, 194, 1, 7, '113.00', NULL, NULL),
(3132, 838, 4, 9, '171.00', NULL, NULL),
(3133, 167, 4, 10, '62.00', NULL, NULL),
(3134, 395, 2, 5, '183.00', NULL, NULL),
(3135, 785, 4, 25, '188.00', NULL, NULL),
(3136, 619, 3, 21, '61.00', NULL, NULL),
(3137, 269, 1, 14, '150.00', NULL, NULL),
(3138, 288, 4, 22, '164.00', NULL, NULL),
(3139, 856, 10, 21, '54.00', NULL, NULL),
(3140, 293, 2, 12, '168.00', NULL, NULL),
(3141, 1115, 10, 24, '53.00', NULL, NULL),
(3142, 922, 4, 16, '96.00', NULL, NULL),
(3143, 576, 5, 18, '19.00', NULL, NULL),
(3144, 535, 10, 13, '11.00', NULL, NULL),
(3145, 806, 8, 29, '99.00', NULL, NULL),
(3146, 547, 6, 5, '107.00', NULL, NULL),
(3147, 697, 5, 14, '28.00', NULL, NULL),
(3148, 507, 3, 18, '177.00', NULL, NULL),
(3149, 998, 10, 7, '178.00', NULL, NULL),
(3150, 434, 4, 29, '193.00', NULL, NULL),
(3151, 971, 5, 20, '12.00', NULL, NULL),
(3152, 752, 4, 20, '55.00', NULL, NULL),
(3153, 781, 5, 24, '105.00', NULL, NULL),
(3154, 625, 1, 28, '180.00', NULL, NULL),
(3155, 192, 9, 28, '157.00', NULL, NULL),
(3156, 500, 3, 29, '31.00', NULL, NULL),
(3157, 991, 10, 12, '187.00', NULL, NULL),
(3158, 618, 5, 30, '193.00', NULL, NULL),
(3159, 400, 9, 15, '92.00', NULL, NULL),
(3160, 1072, 5, 14, '45.00', NULL, NULL),
(3161, 172, 4, 23, '78.00', NULL, NULL),
(3162, 742, 2, 24, '87.00', NULL, NULL),
(3163, 833, 2, 29, '142.00', NULL, NULL),
(3164, 579, 2, 16, '124.00', NULL, NULL),
(3165, 265, 1, 6, '125.00', NULL, NULL),
(3166, 519, 10, 27, '45.00', NULL, NULL),
(3167, 783, 1, 28, '137.00', NULL, NULL),
(3168, 970, 6, 16, '160.00', NULL, NULL),
(3169, 472, 3, 17, '181.00', NULL, NULL),
(3170, 695, 10, 14, '84.00', NULL, NULL),
(3171, 239, 8, 5, '13.00', NULL, NULL),
(3172, 1004, 4, 6, '38.00', NULL, NULL),
(3173, 839, 10, 12, '18.00', NULL, NULL),
(3174, 1090, 1, 20, '23.00', NULL, NULL),
(3175, 780, 2, 28, '156.00', NULL, NULL),
(3176, 271, 3, 27, '84.00', NULL, NULL),
(3177, 607, 3, 26, '141.00', NULL, NULL),
(3178, 917, 3, 5, '116.00', NULL, NULL),
(3179, 565, 9, 20, '105.00', NULL, NULL),
(3180, 306, 9, 12, '173.00', NULL, NULL),
(3181, 948, 6, 7, '150.00', NULL, NULL),
(3182, 807, 7, 28, '186.00', NULL, NULL),
(3183, 837, 8, 28, '191.00', NULL, NULL),
(3184, 468, 8, 27, '23.00', NULL, NULL),
(3185, 211, 5, 28, '81.00', NULL, NULL),
(3186, 772, 8, 27, '15.00', NULL, NULL),
(3187, 424, 2, 26, '99.00', NULL, NULL),
(3188, 147, 4, 22, '35.00', NULL, NULL),
(3189, 642, 7, 26, '163.00', NULL, NULL),
(3190, 192, 2, 25, '74.00', NULL, NULL),
(3191, 354, 10, 25, '117.00', NULL, NULL),
(3192, 522, 2, 17, '16.00', NULL, NULL),
(3193, 944, 5, 16, '192.00', NULL, NULL),
(3194, 598, 9, 28, '59.00', NULL, NULL),
(3195, 767, 9, 27, '197.00', NULL, NULL),
(3196, 652, 7, 20, '164.00', NULL, NULL),
(3197, 1015, 6, 14, '167.00', NULL, NULL),
(3198, 1047, 6, 26, '43.00', NULL, NULL),
(3199, 988, 4, 24, '78.00', NULL, NULL),
(3200, 509, 5, 27, '105.00', NULL, NULL),
(3201, 1056, 1, 15, '85.00', NULL, NULL),
(3202, 358, 9, 13, '108.00', NULL, NULL),
(3203, 226, 2, 12, '175.00', NULL, NULL),
(3204, 371, 7, 29, '125.00', NULL, NULL),
(3205, 338, 1, 18, '137.00', NULL, NULL),
(3206, 765, 1, 9, '138.00', NULL, NULL),
(3207, 294, 5, 24, '116.00', NULL, NULL),
(3208, 913, 3, 29, '53.00', NULL, NULL),
(3209, 244, 8, 13, '158.00', NULL, NULL),
(3210, 740, 6, 30, '123.00', NULL, NULL),
(3211, 858, 10, 7, '94.00', NULL, NULL),
(3212, 773, 5, 19, '27.00', NULL, NULL),
(3213, 305, 3, 30, '158.00', NULL, NULL),
(3214, 288, 2, 12, '189.00', NULL, NULL),
(3215, 783, 4, 28, '18.00', NULL, NULL),
(3216, 134, 3, 22, '174.00', NULL, NULL),
(3217, 551, 9, 17, '47.00', NULL, NULL),
(3218, 1023, 4, 17, '65.00', NULL, NULL),
(3219, 828, 2, 6, '199.00', NULL, NULL),
(3220, 890, 3, 30, '33.00', NULL, NULL),
(3221, 133, 1, 6, '86.00', NULL, NULL),
(3222, 497, 10, 25, '184.00', NULL, NULL),
(3223, 392, 5, 11, '16.00', NULL, NULL),
(3224, 729, 8, 12, '185.00', NULL, NULL),
(3225, 563, 7, 20, '130.00', NULL, NULL),
(3226, 316, 9, 22, '33.00', NULL, NULL),
(3227, 195, 3, 6, '109.00', NULL, NULL),
(3228, 610, 1, 9, '97.00', NULL, NULL),
(3229, 318, 4, 26, '15.00', NULL, NULL),
(3230, 612, 7, 5, '135.00', NULL, NULL),
(3231, 496, 5, 29, '159.00', NULL, NULL),
(3232, 746, 3, 11, '170.00', NULL, NULL),
(3233, 188, 4, 29, '86.00', NULL, NULL),
(3234, 198, 6, 11, '30.00', NULL, NULL),
(3235, 784, 7, 23, '121.00', NULL, NULL),
(3236, 973, 1, 22, '122.00', NULL, NULL),
(3237, 282, 7, 23, '115.00', NULL, NULL),
(3238, 633, 4, 19, '152.00', NULL, NULL),
(3239, 399, 7, 7, '67.00', NULL, NULL),
(3240, 464, 2, 19, '68.00', NULL, NULL),
(3241, 646, 2, 25, '101.00', NULL, NULL),
(3242, 330, 2, 29, '38.00', NULL, NULL),
(3243, 334, 9, 26, '74.00', NULL, NULL),
(3244, 786, 1, 27, '64.00', NULL, NULL),
(3245, 1083, 8, 7, '144.00', NULL, NULL),
(3246, 958, 7, 26, '14.00', NULL, NULL),
(3247, 1087, 2, 11, '40.00', NULL, NULL),
(3248, 848, 1, 11, '104.00', NULL, NULL),
(3249, 334, 4, 9, '48.00', NULL, NULL),
(3250, 981, 4, 12, '124.00', NULL, NULL),
(3251, 830, 10, 15, '44.00', NULL, NULL),
(3252, 716, 8, 10, '30.00', NULL, NULL),
(3253, 796, 5, 10, '132.00', NULL, NULL),
(3254, 361, 9, 6, '166.00', NULL, NULL),
(3255, 583, 5, 16, '45.00', NULL, NULL),
(3256, 1113, 7, 21, '133.00', NULL, NULL),
(3257, 416, 2, 25, '104.00', NULL, NULL),
(3258, 766, 8, 8, '105.00', NULL, NULL),
(3259, 337, 7, 29, '117.00', NULL, NULL),
(3260, 681, 3, 12, '88.00', NULL, NULL),
(3261, 749, 4, 25, '120.00', NULL, NULL),
(3262, 304, 5, 22, '56.00', NULL, NULL),
(3263, 480, 4, 14, '55.00', NULL, NULL),
(3264, 1032, 5, 10, '29.00', NULL, NULL),
(3265, 827, 8, 26, '10.00', NULL, NULL),
(3266, 401, 4, 18, '34.00', NULL, NULL),
(3267, 1097, 9, 19, '168.00', NULL, NULL),
(3268, 949, 7, 25, '84.00', NULL, NULL),
(3269, 701, 10, 19, '93.00', NULL, NULL),
(3270, 1009, 9, 22, '145.00', NULL, NULL),
(3271, 836, 6, 12, '52.00', NULL, NULL),
(3272, 505, 10, 19, '137.00', NULL, NULL),
(3273, 365, 7, 25, '162.00', NULL, NULL),
(3274, 859, 1, 25, '45.00', NULL, NULL),
(3275, 559, 9, 30, '176.00', NULL, NULL),
(3276, 422, 8, 27, '129.00', NULL, NULL),
(3277, 755, 5, 5, '150.00', NULL, NULL),
(3278, 989, 2, 19, '39.00', NULL, NULL),
(3279, 475, 4, 20, '196.00', NULL, NULL),
(3280, 893, 2, 28, '46.00', NULL, NULL),
(3281, 955, 5, 14, '175.00', NULL, NULL),
(3282, 338, 3, 26, '150.00', NULL, NULL),
(3283, 423, 6, 17, '116.00', NULL, NULL),
(3284, 951, 3, 11, '164.00', NULL, NULL),
(3285, 465, 5, 26, '56.00', NULL, NULL),
(3286, 806, 6, 27, '43.00', NULL, NULL),
(3287, 850, 3, 24, '108.00', NULL, NULL),
(3288, 630, 10, 18, '55.00', NULL, NULL),
(3289, 722, 5, 24, '49.00', NULL, NULL),
(3290, 426, 2, 21, '102.00', NULL, NULL),
(3291, 918, 7, 14, '125.00', NULL, NULL),
(3292, 578, 8, 28, '151.00', NULL, NULL),
(3293, 261, 3, 15, '171.00', NULL, NULL),
(3294, 332, 1, 5, '102.00', NULL, NULL),
(3295, 902, 5, 23, '140.00', NULL, NULL),
(3296, 392, 5, 18, '111.00', NULL, NULL),
(3297, 693, 5, 18, '170.00', NULL, NULL),
(3298, 268, 3, 15, '111.00', NULL, NULL),
(3299, 732, 8, 30, '10.00', NULL, NULL),
(3300, 507, 10, 16, '182.00', NULL, NULL),
(3301, 766, 5, 16, '169.00', NULL, NULL),
(3302, 768, 10, 27, '71.00', NULL, NULL),
(3303, 751, 8, 20, '59.00', NULL, NULL),
(3304, 421, 9, 23, '61.00', NULL, NULL),
(3305, 629, 1, 12, '119.00', NULL, NULL),
(3306, 588, 1, 12, '122.00', NULL, NULL),
(3307, 127, 2, 12, '21.00', NULL, NULL),
(3308, 469, 9, 9, '143.00', NULL, NULL),
(3309, 145, 5, 30, '119.00', NULL, NULL),
(3310, 845, 5, 25, '144.00', NULL, NULL),
(3311, 1005, 7, 9, '31.00', NULL, NULL),
(3312, 977, 10, 9, '115.00', NULL, NULL),
(3313, 388, 9, 13, '48.00', NULL, NULL),
(3314, 145, 7, 25, '175.00', NULL, NULL),
(3315, 466, 10, 29, '101.00', NULL, NULL),
(3316, 1046, 10, 7, '87.00', NULL, NULL),
(3317, 566, 6, 5, '105.00', NULL, NULL),
(3318, 285, 3, 12, '190.00', NULL, NULL),
(3319, 386, 6, 18, '29.00', NULL, NULL),
(3320, 549, 5, 10, '141.00', NULL, NULL),
(3321, 168, 2, 10, '197.00', NULL, NULL),
(3322, 984, 5, 18, '28.00', NULL, NULL),
(3323, 506, 2, 12, '108.00', NULL, NULL),
(3324, 946, 10, 5, '39.00', NULL, NULL),
(3325, 679, 3, 17, '31.00', NULL, NULL),
(3326, 600, 2, 6, '79.00', NULL, NULL),
(3327, 184, 10, 29, '186.00', NULL, NULL),
(3328, 694, 10, 24, '18.00', NULL, NULL),
(3329, 1051, 9, 5, '160.00', NULL, NULL),
(3330, 236, 6, 13, '151.00', NULL, NULL),
(3331, 1043, 6, 27, '91.00', NULL, NULL),
(3332, 132, 7, 19, '122.00', NULL, NULL),
(3333, 972, 2, 26, '144.00', NULL, NULL),
(3334, 825, 9, 16, '155.00', NULL, NULL),
(3335, 971, 9, 25, '149.00', NULL, NULL),
(3336, 895, 7, 12, '108.00', NULL, NULL),
(3337, 790, 4, 24, '58.00', NULL, NULL),
(3338, 484, 7, 30, '32.00', NULL, NULL),
(3339, 466, 8, 15, '187.00', NULL, NULL),
(3340, 851, 8, 13, '176.00', NULL, NULL),
(3341, 784, 5, 13, '66.00', NULL, NULL),
(3342, 1095, 8, 19, '98.00', NULL, NULL),
(3343, 353, 7, 18, '99.00', NULL, NULL),
(3344, 696, 9, 19, '127.00', NULL, NULL),
(3345, 488, 10, 10, '20.00', NULL, NULL),
(3346, 1093, 1, 13, '164.00', NULL, NULL),
(3347, 963, 1, 20, '176.00', NULL, NULL),
(3348, 617, 5, 5, '105.00', NULL, NULL),
(3349, 324, 9, 21, '80.00', NULL, NULL),
(3350, 658, 7, 19, '147.00', NULL, NULL),
(3351, 320, 6, 11, '178.00', NULL, NULL),
(3352, 455, 9, 20, '174.00', NULL, NULL),
(3353, 329, 9, 12, '100.00', NULL, NULL),
(3354, 906, 10, 9, '70.00', NULL, NULL),
(3355, 1071, 8, 19, '26.00', NULL, NULL),
(3356, 164, 1, 15, '164.00', NULL, NULL),
(3357, 658, 2, 28, '78.00', NULL, NULL),
(3358, 392, 6, 30, '10.00', NULL, NULL),
(3359, 331, 2, 26, '53.00', NULL, NULL),
(3360, 789, 2, 29, '195.00', NULL, NULL),
(3361, 508, 2, 22, '177.00', NULL, NULL),
(3362, 247, 8, 27, '159.00', NULL, NULL),
(3363, 324, 4, 12, '47.00', NULL, NULL),
(3364, 1121, 7, 27, '93.00', NULL, NULL),
(3365, 882, 7, 9, '160.00', NULL, NULL),
(3366, 649, 2, 21, '62.00', NULL, NULL),
(3367, 707, 3, 27, '19.00', NULL, NULL),
(3368, 1038, 8, 5, '122.00', NULL, NULL),
(3369, 301, 9, 23, '194.00', NULL, NULL),
(3370, 696, 3, 20, '194.00', NULL, NULL),
(3371, 1045, 8, 6, '27.00', NULL, NULL),
(3372, 751, 4, 16, '51.00', NULL, NULL),
(3373, 576, 4, 22, '125.00', NULL, NULL),
(3374, 541, 6, 14, '110.00', NULL, NULL),
(3375, 349, 8, 7, '182.00', NULL, NULL),
(3376, 786, 9, 8, '117.00', NULL, NULL),
(3377, 280, 7, 18, '21.00', NULL, NULL),
(3378, 214, 8, 22, '133.00', NULL, NULL),
(3379, 229, 6, 10, '19.00', NULL, NULL),
(3380, 208, 8, 7, '50.00', NULL, NULL),
(3381, 422, 4, 18, '47.00', NULL, NULL),
(3382, 1076, 1, 10, '12.00', NULL, NULL),
(3383, 456, 10, 9, '24.00', NULL, NULL),
(3384, 1058, 9, 12, '125.00', NULL, NULL),
(3385, 280, 2, 25, '163.00', NULL, NULL),
(3386, 281, 9, 24, '139.00', NULL, NULL),
(3387, 1112, 8, 14, '44.00', NULL, NULL),
(3388, 628, 2, 12, '178.00', NULL, NULL),
(3389, 989, 5, 13, '37.00', NULL, NULL),
(3390, 543, 4, 16, '50.00', NULL, NULL),
(3391, 864, 6, 13, '172.00', NULL, NULL),
(3392, 281, 7, 26, '57.00', NULL, NULL),
(3393, 1044, 9, 12, '10.00', NULL, NULL),
(3394, 1112, 1, 8, '186.00', NULL, NULL),
(3395, 745, 6, 23, '127.00', NULL, NULL),
(3396, 1124, 6, 25, '149.00', NULL, NULL),
(3397, 474, 6, 16, '105.00', NULL, NULL),
(3398, 684, 8, 10, '123.00', NULL, NULL),
(3399, 768, 9, 6, '195.00', NULL, NULL),
(3400, 759, 3, 10, '56.00', NULL, NULL),
(3401, 818, 3, 18, '13.00', NULL, NULL),
(3402, 740, 10, 12, '17.00', NULL, NULL),
(3403, 168, 5, 5, '192.00', NULL, NULL),
(3404, 811, 7, 7, '33.00', NULL, NULL),
(3405, 519, 9, 25, '178.00', NULL, NULL),
(3406, 293, 3, 13, '126.00', NULL, NULL),
(3407, 605, 6, 22, '85.00', NULL, NULL),
(3408, 459, 1, 24, '24.00', NULL, NULL),
(3409, 136, 9, 10, '120.00', NULL, NULL),
(3410, 913, 9, 12, '171.00', NULL, NULL),
(3411, 785, 4, 6, '106.00', NULL, NULL),
(3412, 796, 10, 5, '152.00', NULL, NULL),
(3413, 570, 6, 9, '108.00', NULL, NULL),
(3414, 611, 2, 14, '28.00', NULL, NULL),
(3415, 180, 2, 24, '69.00', NULL, NULL),
(3416, 386, 4, 12, '145.00', NULL, NULL),
(3417, 1087, 6, 30, '20.00', NULL, NULL),
(3418, 643, 7, 6, '76.00', NULL, NULL),
(3419, 161, 7, 28, '151.00', NULL, NULL),
(3420, 486, 10, 22, '143.00', NULL, NULL),
(3421, 379, 10, 8, '77.00', NULL, NULL),
(3422, 887, 7, 7, '78.00', NULL, NULL),
(3423, 419, 6, 28, '103.00', NULL, NULL),
(3424, 630, 1, 28, '89.00', NULL, NULL),
(3425, 345, 8, 25, '168.00', NULL, NULL),
(3426, 791, 6, 6, '194.00', NULL, NULL),
(3427, 910, 3, 23, '103.00', NULL, NULL),
(3428, 770, 3, 30, '126.00', NULL, NULL),
(3429, 116, 10, 20, '172.00', NULL, NULL),
(3430, 494, 3, 8, '28.00', NULL, NULL),
(3431, 953, 3, 18, '28.00', NULL, NULL),
(3432, 588, 6, 17, '117.00', NULL, NULL),
(3433, 909, 6, 24, '126.00', NULL, NULL),
(3434, 197, 8, 9, '191.00', NULL, NULL),
(3435, 585, 8, 26, '191.00', NULL, NULL),
(3436, 354, 8, 18, '68.00', NULL, NULL),
(3437, 725, 5, 21, '110.00', NULL, NULL),
(3438, 337, 7, 12, '120.00', NULL, NULL),
(3439, 499, 10, 13, '129.00', NULL, NULL),
(3440, 222, 6, 25, '59.00', NULL, NULL),
(3441, 774, 10, 20, '195.00', NULL, NULL),
(3442, 1095, 4, 15, '106.00', NULL, NULL),
(3443, 665, 9, 22, '138.00', NULL, NULL),
(3444, 570, 9, 17, '95.00', NULL, NULL),
(3445, 702, 3, 19, '51.00', NULL, NULL),
(3446, 322, 5, 23, '52.00', NULL, NULL),
(3447, 189, 3, 17, '174.00', NULL, NULL),
(3448, 685, 10, 14, '21.00', NULL, NULL),
(3449, 1066, 5, 6, '15.00', NULL, NULL),
(3450, 1121, 8, 10, '39.00', NULL, NULL),
(3451, 495, 9, 14, '153.00', NULL, NULL),
(3452, 827, 7, 21, '19.00', NULL, NULL),
(3453, 677, 6, 29, '121.00', NULL, NULL),
(3454, 578, 7, 25, '42.00', NULL, NULL),
(3455, 731, 6, 7, '163.00', NULL, NULL),
(3456, 536, 6, 5, '90.00', NULL, NULL),
(3457, 1065, 10, 19, '111.00', NULL, NULL),
(3458, 635, 5, 17, '162.00', NULL, NULL),
(3459, 736, 4, 5, '130.00', NULL, NULL),
(3460, 191, 8, 11, '87.00', NULL, NULL),
(3461, 474, 2, 30, '174.00', NULL, NULL),
(3462, 1053, 10, 24, '11.00', NULL, NULL),
(3463, 518, 1, 6, '97.00', NULL, NULL),
(3464, 251, 5, 19, '73.00', NULL, NULL),
(3465, 159, 4, 9, '177.00', NULL, NULL),
(3466, 330, 8, 30, '147.00', NULL, NULL),
(3467, 134, 9, 23, '68.00', NULL, NULL),
(3468, 1003, 10, 10, '51.00', NULL, NULL),
(3469, 703, 6, 16, '181.00', NULL, NULL),
(3470, 1105, 4, 26, '71.00', NULL, NULL),
(3471, 460, 3, 5, '70.00', NULL, NULL),
(3472, 780, 6, 19, '136.00', NULL, NULL),
(3473, 910, 1, 28, '158.00', NULL, NULL),
(3474, 799, 3, 6, '184.00', NULL, NULL),
(3475, 814, 6, 5, '38.00', NULL, NULL),
(3476, 211, 2, 26, '94.00', NULL, NULL),
(3477, 1045, 6, 5, '44.00', NULL, NULL),
(3478, 122, 4, 16, '11.00', NULL, NULL),
(3479, 908, 8, 5, '43.00', NULL, NULL),
(3480, 921, 2, 11, '84.00', NULL, NULL),
(3481, 1079, 7, 6, '54.00', NULL, NULL),
(3482, 852, 9, 16, '38.00', NULL, NULL),
(3483, 878, 1, 18, '48.00', NULL, NULL),
(3484, 725, 8, 28, '191.00', NULL, NULL),
(3485, 298, 6, 29, '22.00', NULL, NULL),
(3486, 401, 2, 12, '123.00', NULL, NULL),
(3487, 263, 6, 20, '57.00', NULL, NULL),
(3488, 908, 10, 23, '142.00', NULL, NULL),
(3489, 1010, 3, 14, '79.00', NULL, NULL),
(3490, 862, 3, 17, '108.00', NULL, NULL),
(3491, 355, 7, 19, '62.00', NULL, NULL),
(3492, 770, 7, 18, '119.00', NULL, NULL),
(3493, 289, 1, 30, '100.00', NULL, NULL),
(3494, 415, 7, 27, '147.00', NULL, NULL),
(3495, 952, 9, 10, '116.00', NULL, NULL),
(3496, 978, 9, 21, '87.00', NULL, NULL),
(3497, 960, 8, 20, '144.00', NULL, NULL),
(3498, 597, 10, 10, '86.00', NULL, NULL),
(3499, 452, 2, 28, '118.00', NULL, NULL),
(3500, 663, 2, 7, '147.00', NULL, NULL),
(3501, 599, 10, 13, '152.00', NULL, NULL),
(3502, 209, 9, 26, '45.00', NULL, NULL),
(3503, 601, 2, 19, '171.00', NULL, NULL),
(3504, 1057, 8, 28, '14.00', NULL, NULL),
(3505, 1097, 6, 10, '150.00', NULL, NULL),
(3506, 854, 3, 19, '116.00', NULL, NULL),
(3507, 774, 6, 23, '104.00', NULL, NULL),
(3508, 381, 8, 17, '191.00', NULL, NULL),
(3509, 1039, 5, 30, '68.00', NULL, NULL),
(3510, 1045, 3, 15, '163.00', NULL, NULL),
(3511, 854, 5, 20, '128.00', NULL, NULL),
(3512, 128, 1, 7, '94.00', NULL, NULL),
(3513, 351, 2, 12, '128.00', NULL, NULL),
(3514, 518, 10, 23, '195.00', NULL, NULL),
(3515, 633, 2, 30, '165.00', NULL, NULL),
(3516, 234, 4, 5, '171.00', NULL, NULL),
(3517, 372, 4, 27, '28.00', NULL, NULL),
(3518, 262, 8, 30, '67.00', NULL, NULL),
(3519, 899, 6, 23, '167.00', NULL, NULL),
(3520, 686, 10, 8, '176.00', NULL, NULL),
(3521, 665, 1, 18, '110.00', NULL, NULL),
(3522, 686, 8, 7, '171.00', NULL, NULL),
(3523, 463, 7, 12, '59.00', NULL, NULL),
(3524, 662, 9, 15, '104.00', NULL, NULL),
(3525, 987, 9, 12, '75.00', NULL, NULL),
(3526, 482, 4, 6, '184.00', NULL, NULL),
(3527, 510, 1, 15, '158.00', NULL, NULL),
(3528, 979, 5, 5, '185.00', NULL, NULL),
(3529, 801, 7, 26, '87.00', NULL, NULL),
(3530, 955, 6, 15, '147.00', NULL, NULL),
(3531, 1015, 6, 11, '89.00', NULL, NULL),
(3532, 1099, 4, 24, '72.00', NULL, NULL),
(3533, 367, 6, 26, '24.00', NULL, NULL),
(3534, 427, 7, 6, '12.00', NULL, NULL),
(3535, 419, 7, 10, '136.00', NULL, NULL),
(3536, 505, 5, 22, '191.00', NULL, NULL),
(3537, 231, 1, 27, '165.00', NULL, NULL),
(3538, 925, 5, 10, '24.00', NULL, NULL),
(3539, 882, 5, 9, '166.00', NULL, NULL),
(3540, 1060, 5, 9, '97.00', NULL, NULL),
(3541, 585, 7, 21, '191.00', NULL, NULL),
(3542, 364, 6, 22, '74.00', NULL, NULL),
(3543, 460, 1, 18, '154.00', NULL, NULL),
(3544, 507, 5, 23, '137.00', NULL, NULL),
(3545, 550, 3, 27, '191.00', NULL, NULL),
(3546, 747, 8, 18, '125.00', NULL, NULL),
(3547, 719, 6, 11, '39.00', NULL, NULL),
(3548, 313, 8, 23, '177.00', NULL, NULL),
(3549, 512, 5, 15, '190.00', NULL, NULL),
(3550, 153, 3, 27, '105.00', NULL, NULL),
(3551, 458, 9, 20, '163.00', NULL, NULL),
(3552, 793, 1, 24, '30.00', NULL, NULL),
(3553, 185, 4, 8, '189.00', NULL, NULL),
(3554, 969, 10, 29, '20.00', NULL, NULL),
(3555, 1117, 9, 5, '53.00', NULL, NULL),
(3556, 471, 1, 29, '35.00', NULL, NULL),
(3557, 889, 3, 10, '13.00', NULL, NULL),
(3558, 393, 2, 19, '163.00', NULL, NULL),
(3559, 364, 6, 24, '127.00', NULL, NULL),
(3560, 532, 8, 9, '39.00', NULL, NULL),
(3561, 852, 10, 23, '39.00', NULL, NULL),
(3562, 705, 5, 15, '61.00', NULL, NULL),
(3563, 1066, 10, 17, '73.00', NULL, NULL),
(3564, 858, 5, 10, '122.00', NULL, NULL),
(3565, 930, 10, 13, '51.00', NULL, NULL),
(3566, 1027, 8, 19, '115.00', NULL, NULL),
(3567, 539, 7, 22, '93.00', NULL, NULL),
(3568, 348, 6, 23, '91.00', NULL, NULL),
(3569, 1069, 5, 25, '169.00', NULL, NULL),
(3570, 435, 1, 10, '47.00', NULL, NULL),
(3571, 637, 6, 22, '184.00', NULL, NULL),
(3572, 864, 4, 13, '68.00', NULL, NULL),
(3573, 406, 10, 14, '163.00', NULL, NULL),
(3574, 757, 3, 27, '74.00', NULL, NULL),
(3575, 909, 2, 28, '123.00', NULL, NULL),
(3576, 174, 9, 12, '81.00', NULL, NULL),
(3577, 363, 5, 18, '137.00', NULL, NULL),
(3578, 447, 2, 25, '31.00', NULL, NULL),
(3579, 603, 1, 11, '143.00', NULL, NULL),
(3580, 255, 8, 21, '31.00', NULL, NULL),
(3581, 568, 1, 10, '144.00', NULL, NULL),
(3582, 1058, 8, 7, '71.00', NULL, NULL),
(3583, 740, 8, 21, '142.00', NULL, NULL),
(3584, 258, 6, 13, '118.00', NULL, NULL),
(3585, 367, 7, 11, '96.00', NULL, NULL),
(3586, 668, 6, 23, '140.00', NULL, NULL),
(3587, 850, 8, 30, '11.00', NULL, NULL),
(3588, 674, 10, 16, '132.00', NULL, NULL),
(3589, 970, 7, 17, '108.00', NULL, NULL),
(3590, 957, 10, 27, '131.00', NULL, NULL),
(3591, 648, 1, 23, '105.00', NULL, NULL),
(3592, 934, 3, 17, '143.00', NULL, NULL),
(3593, 257, 9, 22, '192.00', NULL, NULL),
(3594, 915, 5, 24, '64.00', NULL, NULL),
(3595, 880, 2, 15, '140.00', NULL, NULL),
(3596, 702, 10, 12, '138.00', NULL, NULL),
(3597, 497, 9, 10, '105.00', NULL, NULL),
(3598, 177, 4, 24, '183.00', NULL, NULL),
(3599, 336, 8, 25, '194.00', NULL, NULL),
(3600, 903, 4, 6, '46.00', NULL, NULL),
(3601, 591, 10, 14, '189.00', NULL, NULL),
(3602, 1115, 1, 17, '96.00', NULL, NULL),
(3603, 1095, 3, 24, '42.00', NULL, NULL),
(3604, 167, 3, 10, '146.00', NULL, NULL),
(3605, 459, 2, 30, '125.00', NULL, NULL),
(3606, 1005, 1, 28, '13.00', NULL, NULL),
(3607, 761, 10, 15, '112.00', NULL, NULL),
(3608, 1067, 8, 24, '86.00', NULL, NULL),
(3609, 897, 8, 6, '186.00', NULL, NULL),
(3610, 987, 1, 14, '140.00', NULL, NULL),
(3611, 319, 10, 22, '73.00', NULL, NULL),
(3612, 710, 5, 19, '130.00', NULL, NULL),
(3613, 198, 7, 14, '114.00', NULL, NULL),
(3614, 1095, 3, 19, '16.00', NULL, NULL),
(3615, 681, 7, 24, '197.00', NULL, NULL),
(3616, 1031, 4, 29, '94.00', NULL, NULL),
(3617, 530, 10, 26, '158.00', NULL, NULL),
(3618, 1046, 8, 25, '173.00', NULL, NULL),
(3619, 922, 7, 6, '170.00', NULL, NULL),
(3620, 721, 1, 14, '112.00', NULL, NULL),
(3621, 423, 5, 20, '118.00', NULL, NULL),
(3622, 788, 2, 25, '132.00', NULL, NULL),
(3623, 489, 5, 25, '177.00', NULL, NULL),
(3624, 515, 10, 14, '15.00', NULL, NULL),
(3625, 799, 10, 10, '176.00', NULL, NULL),
(3626, 229, 3, 22, '86.00', NULL, NULL),
(3627, 903, 7, 27, '84.00', NULL, NULL),
(3628, 794, 7, 26, '65.00', NULL, NULL),
(3629, 394, 3, 23, '147.00', NULL, NULL),
(3630, 697, 6, 22, '130.00', NULL, NULL),
(3631, 491, 3, 28, '76.00', NULL, NULL),
(3632, 386, 2, 25, '35.00', NULL, NULL),
(3633, 501, 8, 22, '15.00', NULL, NULL),
(3634, 257, 5, 6, '166.00', NULL, NULL),
(3635, 803, 8, 8, '109.00', NULL, NULL),
(3636, 135, 6, 27, '24.00', NULL, NULL),
(3637, 880, 9, 26, '15.00', NULL, NULL),
(3638, 957, 5, 8, '130.00', NULL, NULL),
(3639, 1117, 8, 26, '180.00', NULL, NULL),
(3640, 409, 4, 30, '24.00', NULL, NULL),
(3641, 1055, 6, 5, '37.00', NULL, NULL),
(3642, 177, 1, 23, '18.00', NULL, NULL),
(3643, 909, 2, 21, '59.00', NULL, NULL),
(3644, 963, 9, 7, '147.00', NULL, NULL),
(3645, 369, 3, 6, '80.00', NULL, NULL),
(3646, 629, 7, 26, '177.00', NULL, NULL),
(3647, 820, 10, 27, '23.00', NULL, NULL),
(3648, 393, 1, 24, '25.00', NULL, NULL),
(3649, 922, 10, 25, '190.00', NULL, NULL),
(3650, 229, 10, 14, '21.00', NULL, NULL),
(3651, 769, 2, 21, '51.00', NULL, NULL),
(3652, 1088, 10, 12, '103.00', NULL, NULL),
(3653, 187, 7, 6, '60.00', NULL, NULL),
(3654, 356, 5, 22, '162.00', NULL, NULL),
(3655, 424, 1, 26, '25.00', NULL, NULL),
(3656, 650, 3, 24, '70.00', NULL, NULL),
(3657, 892, 7, 24, '150.00', NULL, NULL),
(3658, 478, 1, 24, '172.00', NULL, NULL),
(3659, 380, 4, 16, '13.00', NULL, NULL),
(3660, 545, 7, 23, '52.00', NULL, NULL),
(3661, 1122, 4, 14, '19.00', NULL, NULL),
(3662, 993, 5, 22, '61.00', NULL, NULL),
(3663, 806, 10, 21, '25.00', NULL, NULL),
(3664, 647, 10, 17, '115.00', NULL, NULL),
(3665, 753, 2, 21, '130.00', NULL, NULL),
(3666, 185, 3, 30, '112.00', NULL, NULL),
(3667, 289, 7, 30, '20.00', NULL, NULL),
(3668, 838, 10, 11, '139.00', NULL, NULL),
(3669, 998, 10, 26, '114.00', NULL, NULL),
(3670, 978, 1, 8, '86.00', NULL, NULL),
(3671, 240, 1, 15, '15.00', NULL, NULL),
(3672, 666, 10, 30, '101.00', NULL, NULL),
(3673, 420, 6, 29, '26.00', NULL, NULL),
(3674, 774, 6, 26, '147.00', NULL, NULL),
(3675, 220, 3, 26, '92.00', NULL, NULL),
(3676, 267, 9, 18, '96.00', NULL, NULL),
(3677, 605, 5, 18, '138.00', NULL, NULL),
(3678, 635, 1, 5, '189.00', NULL, NULL),
(3679, 924, 4, 9, '148.00', NULL, NULL),
(3680, 662, 5, 30, '54.00', NULL, NULL),
(3681, 663, 1, 23, '107.00', NULL, NULL),
(3682, 652, 8, 27, '186.00', NULL, NULL),
(3683, 1009, 6, 25, '104.00', NULL, NULL),
(3684, 451, 7, 18, '31.00', NULL, NULL),
(3685, 812, 8, 7, '16.00', NULL, NULL),
(3686, 156, 6, 19, '144.00', NULL, NULL),
(3687, 535, 6, 28, '107.00', NULL, NULL),
(3688, 628, 3, 7, '98.00', NULL, NULL),
(3689, 942, 2, 14, '114.00', NULL, NULL),
(3690, 214, 2, 13, '128.00', NULL, NULL),
(3691, 121, 2, 21, '27.00', NULL, NULL),
(3692, 329, 5, 21, '159.00', NULL, NULL),
(3693, 1083, 5, 14, '19.00', NULL, NULL),
(3694, 636, 5, 20, '161.00', NULL, NULL),
(3695, 189, 5, 22, '66.00', NULL, NULL),
(3696, 798, 8, 9, '50.00', NULL, NULL),
(3697, 787, 7, 21, '16.00', NULL, NULL),
(3698, 594, 3, 24, '87.00', NULL, NULL),
(3699, 244, 4, 29, '100.00', NULL, NULL),
(3700, 689, 4, 9, '111.00', NULL, NULL),
(3701, 586, 10, 22, '145.00', NULL, NULL),
(3702, 1038, 4, 14, '139.00', NULL, NULL),
(3703, 975, 10, 9, '48.00', NULL, NULL),
(3704, 394, 2, 19, '147.00', NULL, NULL),
(3705, 989, 7, 11, '193.00', NULL, NULL),
(3706, 793, 1, 21, '161.00', NULL, NULL),
(3707, 259, 8, 6, '85.00', NULL, NULL),
(3708, 1083, 10, 7, '72.00', NULL, NULL),
(3709, 739, 9, 29, '55.00', NULL, NULL),
(3710, 1101, 2, 6, '188.00', NULL, NULL),
(3711, 120, 10, 30, '37.00', NULL, NULL),
(3712, 479, 7, 26, '66.00', NULL, NULL),
(3713, 531, 6, 13, '89.00', NULL, NULL),
(3714, 230, 6, 30, '169.00', NULL, NULL),
(3715, 170, 3, 10, '77.00', NULL, NULL),
(3716, 540, 10, 12, '51.00', NULL, NULL),
(3717, 808, 6, 22, '116.00', NULL, NULL),
(3718, 995, 7, 5, '135.00', NULL, NULL),
(3719, 483, 5, 29, '26.00', NULL, NULL),
(3720, 262, 5, 7, '18.00', NULL, NULL),
(3721, 851, 4, 11, '91.00', NULL, NULL),
(3722, 170, 8, 12, '93.00', NULL, NULL),
(3723, 833, 9, 9, '23.00', NULL, NULL),
(3724, 662, 5, 16, '89.00', NULL, NULL),
(3725, 123, 9, 8, '130.00', NULL, NULL),
(3726, 480, 6, 23, '159.00', NULL, NULL),
(3727, 139, 4, 12, '85.00', NULL, NULL),
(3728, 1110, 5, 7, '164.00', NULL, NULL),
(3729, 892, 5, 30, '81.00', NULL, NULL),
(3730, 143, 9, 16, '123.00', NULL, NULL),
(3731, 196, 4, 21, '114.00', NULL, NULL),
(3732, 856, 3, 19, '111.00', NULL, NULL),
(3733, 722, 9, 19, '22.00', NULL, NULL),
(3734, 742, 10, 29, '115.00', NULL, NULL),
(3735, 1063, 7, 26, '173.00', NULL, NULL),
(3736, 538, 1, 13, '147.00', NULL, NULL),
(3737, 388, 1, 9, '127.00', NULL, NULL),
(3738, 176, 2, 7, '132.00', NULL, NULL),
(3739, 705, 3, 9, '180.00', NULL, NULL),
(3740, 226, 1, 14, '136.00', NULL, NULL),
(3741, 877, 9, 16, '190.00', NULL, NULL),
(3742, 564, 1, 7, '46.00', NULL, NULL),
(3743, 194, 1, 21, '169.00', NULL, NULL),
(3744, 933, 4, 14, '136.00', NULL, NULL),
(3745, 494, 3, 8, '119.00', NULL, NULL),
(3746, 364, 4, 26, '62.00', NULL, NULL),
(3747, 856, 3, 30, '190.00', NULL, NULL),
(3748, 997, 1, 9, '168.00', NULL, NULL),
(3749, 842, 1, 20, '164.00', NULL, NULL),
(3750, 229, 2, 27, '74.00', NULL, NULL),
(3751, 588, 7, 25, '165.00', NULL, NULL),
(3752, 699, 6, 7, '41.00', NULL, NULL),
(3753, 374, 1, 6, '200.00', NULL, NULL),
(3754, 379, 10, 26, '55.00', NULL, NULL),
(3755, 603, 2, 29, '134.00', NULL, NULL),
(3756, 1101, 9, 5, '161.00', NULL, NULL),
(3757, 1059, 8, 30, '59.00', NULL, NULL),
(3758, 676, 7, 12, '133.00', NULL, NULL),
(3759, 564, 4, 17, '148.00', NULL, NULL),
(3760, 1064, 5, 14, '156.00', NULL, NULL),
(3761, 575, 3, 13, '192.00', NULL, NULL),
(3762, 1019, 6, 22, '166.00', NULL, NULL),
(3763, 252, 5, 13, '133.00', NULL, NULL),
(3764, 950, 1, 17, '142.00', NULL, NULL),
(3765, 1027, 9, 25, '67.00', NULL, NULL),
(3766, 130, 8, 18, '180.00', NULL, NULL),
(3767, 780, 3, 7, '197.00', NULL, NULL),
(3768, 230, 10, 28, '188.00', NULL, NULL),
(3769, 920, 7, 26, '172.00', NULL, NULL),
(3770, 353, 5, 5, '11.00', NULL, NULL),
(3771, 459, 10, 29, '152.00', NULL, NULL),
(3772, 1118, 5, 23, '147.00', NULL, NULL),
(3773, 1010, 5, 24, '192.00', NULL, NULL),
(3774, 479, 10, 10, '191.00', NULL, NULL),
(3775, 780, 8, 28, '134.00', NULL, NULL),
(3776, 221, 1, 25, '83.00', NULL, NULL),
(3777, 849, 1, 7, '123.00', NULL, NULL),
(3778, 696, 2, 19, '89.00', NULL, NULL),
(3779, 139, 1, 17, '199.00', NULL, NULL),
(3780, 493, 4, 5, '149.00', NULL, NULL),
(3781, 196, 5, 28, '157.00', NULL, NULL),
(3782, 284, 8, 21, '162.00', NULL, NULL),
(3783, 610, 6, 6, '13.00', NULL, NULL),
(3784, 356, 6, 7, '16.00', NULL, NULL),
(3785, 516, 8, 17, '122.00', NULL, NULL),
(3786, 925, 2, 24, '134.00', NULL, NULL),
(3787, 470, 9, 6, '102.00', NULL, NULL),
(3788, 1113, 5, 9, '159.00', NULL, NULL),
(3789, 1008, 7, 21, '109.00', NULL, NULL),
(3790, 872, 1, 10, '124.00', NULL, NULL),
(3791, 535, 3, 23, '132.00', NULL, NULL),
(3792, 194, 10, 23, '163.00', NULL, NULL),
(3793, 376, 6, 22, '11.00', NULL, NULL),
(3794, 468, 7, 22, '119.00', NULL, NULL),
(3795, 716, 2, 16, '39.00', NULL, NULL),
(3796, 1029, 6, 25, '190.00', NULL, NULL),
(3797, 728, 3, 8, '91.00', NULL, NULL),
(3798, 1122, 10, 16, '99.00', NULL, NULL),
(3799, 843, 5, 25, '63.00', NULL, NULL),
(3800, 1083, 6, 22, '87.00', NULL, NULL),
(3801, 685, 8, 6, '38.00', NULL, NULL),
(3802, 854, 8, 13, '163.00', NULL, NULL),
(3803, 977, 3, 23, '69.00', NULL, NULL),
(3804, 273, 6, 30, '11.00', NULL, NULL),
(3805, 271, 3, 10, '193.00', NULL, NULL),
(3806, 770, 9, 5, '179.00', NULL, NULL),
(3807, 403, 2, 7, '186.00', NULL, NULL),
(3808, 397, 5, 30, '98.00', NULL, NULL),
(3809, 400, 1, 19, '136.00', NULL, NULL),
(3810, 336, 7, 17, '88.00', NULL, NULL),
(3811, 404, 3, 18, '67.00', NULL, NULL),
(3812, 176, 6, 23, '24.00', NULL, NULL),
(3813, 401, 9, 10, '86.00', NULL, NULL),
(3814, 1113, 2, 24, '127.00', NULL, NULL),
(3815, 379, 8, 5, '137.00', NULL, NULL),
(3816, 820, 8, 18, '172.00', NULL, NULL),
(3817, 161, 10, 19, '121.00', NULL, NULL),
(3818, 226, 10, 11, '150.00', NULL, NULL),
(3819, 829, 3, 20, '48.00', NULL, NULL),
(3820, 753, 6, 14, '11.00', NULL, NULL),
(3821, 586, 10, 23, '188.00', NULL, NULL),
(3822, 1044, 1, 23, '52.00', NULL, NULL),
(3823, 348, 7, 21, '80.00', NULL, NULL),
(3824, 362, 5, 20, '11.00', NULL, NULL),
(3825, 421, 8, 13, '130.00', NULL, NULL),
(3826, 274, 4, 20, '141.00', NULL, NULL),
(3827, 984, 6, 13, '142.00', NULL, NULL),
(3828, 863, 4, 15, '47.00', NULL, NULL),
(3829, 771, 5, 8, '172.00', NULL, NULL),
(3830, 385, 8, 16, '11.00', NULL, NULL),
(3831, 409, 4, 6, '185.00', NULL, NULL),
(3832, 687, 9, 26, '176.00', NULL, NULL),
(3833, 312, 2, 12, '179.00', NULL, NULL),
(3834, 931, 5, 25, '73.00', NULL, NULL),
(3835, 611, 2, 14, '103.00', NULL, NULL),
(3836, 490, 5, 7, '32.00', NULL, NULL),
(3837, 616, 8, 11, '100.00', NULL, NULL),
(3838, 227, 6, 22, '26.00', NULL, NULL),
(3839, 956, 3, 28, '190.00', NULL, NULL),
(3840, 480, 10, 17, '51.00', NULL, NULL),
(3841, 974, 1, 30, '194.00', NULL, NULL),
(3842, 441, 7, 12, '123.00', NULL, NULL),
(3843, 605, 9, 7, '139.00', NULL, NULL),
(3844, 271, 4, 27, '58.00', NULL, NULL),
(3845, 749, 8, 19, '143.00', NULL, NULL),
(3846, 1000, 4, 9, '181.00', NULL, NULL),
(3847, 540, 7, 5, '55.00', NULL, NULL),
(3848, 595, 10, 28, '63.00', NULL, NULL),
(3849, 898, 1, 27, '137.00', NULL, NULL),
(3850, 700, 8, 28, '87.00', NULL, NULL),
(3851, 645, 10, 14, '53.00', NULL, NULL),
(3852, 190, 1, 29, '133.00', NULL, NULL),
(3853, 767, 2, 20, '160.00', NULL, NULL),
(3854, 122, 1, 18, '168.00', NULL, NULL),
(3855, 466, 3, 9, '130.00', NULL, NULL),
(3856, 222, 3, 20, '173.00', NULL, NULL),
(3857, 155, 8, 21, '122.00', NULL, NULL),
(3858, 912, 4, 10, '44.00', NULL, NULL),
(3859, 465, 3, 26, '118.00', NULL, NULL),
(3860, 350, 5, 25, '35.00', NULL, NULL),
(3861, 225, 1, 13, '198.00', NULL, NULL),
(3862, 1056, 2, 15, '200.00', NULL, NULL),
(3863, 711, 9, 12, '75.00', NULL, NULL),
(3864, 769, 1, 22, '60.00', NULL, NULL),
(3865, 577, 8, 19, '44.00', NULL, NULL),
(3866, 1079, 8, 24, '114.00', NULL, NULL),
(3867, 974, 2, 13, '155.00', NULL, NULL),
(3868, 238, 5, 22, '70.00', NULL, NULL),
(3869, 894, 5, 26, '100.00', NULL, NULL),
(3870, 921, 7, 16, '19.00', NULL, NULL),
(3871, 621, 9, 27, '148.00', NULL, NULL),
(3872, 998, 1, 14, '70.00', NULL, NULL),
(3873, 409, 2, 17, '97.00', NULL, NULL),
(3874, 348, 8, 9, '56.00', NULL, NULL),
(3875, 197, 4, 11, '29.00', NULL, NULL),
(3876, 580, 4, 27, '72.00', NULL, NULL),
(3877, 325, 1, 9, '112.00', NULL, NULL),
(3878, 462, 4, 10, '106.00', NULL, NULL),
(3879, 904, 8, 23, '67.00', NULL, NULL),
(3880, 252, 7, 28, '143.00', NULL, NULL),
(3881, 899, 9, 11, '125.00', NULL, NULL),
(3882, 390, 10, 16, '171.00', NULL, NULL),
(3883, 853, 8, 8, '48.00', NULL, NULL),
(3884, 336, 6, 28, '186.00', NULL, NULL),
(3885, 227, 6, 12, '196.00', NULL, NULL),
(3886, 146, 8, 17, '187.00', NULL, NULL),
(3887, 1082, 2, 25, '60.00', NULL, NULL),
(3888, 753, 10, 18, '170.00', NULL, NULL),
(3889, 650, 9, 14, '105.00', NULL, NULL),
(3890, 550, 8, 15, '102.00', NULL, NULL),
(3891, 972, 6, 17, '172.00', NULL, NULL),
(3892, 389, 4, 12, '101.00', NULL, NULL),
(3893, 264, 2, 14, '69.00', NULL, NULL),
(3894, 1042, 4, 9, '27.00', NULL, NULL),
(3895, 270, 8, 25, '75.00', NULL, NULL),
(3896, 640, 10, 25, '63.00', NULL, NULL),
(3897, 1072, 7, 9, '70.00', NULL, NULL),
(3898, 675, 10, 14, '56.00', NULL, NULL),
(3899, 444, 1, 17, '146.00', NULL, NULL),
(3900, 510, 1, 9, '26.00', NULL, NULL),
(3901, 201, 10, 5, '112.00', NULL, NULL),
(3902, 566, 9, 29, '19.00', NULL, NULL),
(3903, 230, 4, 9, '175.00', NULL, NULL),
(3904, 1043, 9, 11, '177.00', NULL, NULL),
(3905, 326, 9, 11, '180.00', NULL, NULL),
(3906, 241, 6, 20, '91.00', NULL, NULL),
(3907, 270, 1, 10, '179.00', NULL, NULL),
(3908, 757, 3, 11, '28.00', NULL, NULL),
(3909, 655, 8, 29, '81.00', NULL, NULL),
(3910, 255, 6, 26, '11.00', NULL, NULL),
(3911, 584, 8, 22, '81.00', NULL, NULL),
(3912, 479, 2, 23, '140.00', NULL, NULL),
(3913, 250, 7, 6, '148.00', NULL, NULL),
(3914, 564, 7, 25, '131.00', NULL, NULL),
(3915, 354, 10, 15, '14.00', NULL, NULL),
(3916, 405, 8, 20, '187.00', NULL, NULL),
(3917, 565, 5, 15, '153.00', NULL, NULL),
(3918, 815, 10, 6, '167.00', NULL, NULL),
(3919, 896, 8, 22, '62.00', NULL, NULL),
(3920, 148, 10, 23, '27.00', NULL, NULL),
(3921, 134, 7, 9, '126.00', NULL, NULL),
(3922, 461, 4, 30, '125.00', NULL, NULL),
(3923, 266, 4, 10, '103.00', NULL, NULL),
(3924, 383, 4, 23, '168.00', NULL, NULL),
(3925, 853, 1, 10, '71.00', NULL, NULL),
(3926, 674, 5, 10, '59.00', NULL, NULL),
(3927, 1020, 3, 27, '124.00', NULL, NULL),
(3928, 1120, 10, 24, '119.00', NULL, NULL),
(3929, 346, 4, 27, '139.00', NULL, NULL),
(3930, 527, 7, 28, '176.00', NULL, NULL),
(3931, 272, 5, 10, '17.00', NULL, NULL),
(3932, 465, 8, 13, '61.00', NULL, NULL),
(3933, 991, 4, 7, '140.00', NULL, NULL),
(3934, 945, 10, 12, '120.00', NULL, NULL),
(3935, 389, 2, 9, '44.00', NULL, NULL),
(3936, 773, 7, 26, '159.00', NULL, NULL),
(3937, 625, 4, 15, '49.00', NULL, NULL),
(3938, 456, 4, 29, '20.00', NULL, NULL),
(3939, 1114, 4, 13, '16.00', NULL, NULL),
(3940, 962, 10, 22, '191.00', NULL, NULL),
(3941, 162, 4, 30, '11.00', NULL, NULL),
(3942, 884, 9, 19, '12.00', NULL, NULL),
(3943, 1048, 9, 5, '61.00', NULL, NULL),
(3944, 377, 6, 25, '129.00', NULL, NULL),
(3945, 1067, 10, 29, '72.00', NULL, NULL),
(3946, 923, 9, 11, '176.00', NULL, NULL),
(3947, 672, 1, 17, '110.00', NULL, NULL),
(3948, 126, 3, 19, '138.00', NULL, NULL),
(3949, 515, 7, 7, '127.00', NULL, NULL),
(3950, 871, 5, 7, '54.00', NULL, NULL),
(3951, 1038, 3, 5, '98.00', NULL, NULL),
(3952, 550, 7, 25, '84.00', NULL, NULL),
(3953, 1030, 10, 18, '99.00', NULL, NULL),
(3954, 450, 1, 27, '155.00', NULL, NULL),
(3955, 924, 1, 15, '112.00', NULL, NULL),
(3956, 412, 10, 9, '53.00', NULL, NULL),
(3957, 384, 2, 22, '161.00', NULL, NULL),
(3958, 940, 5, 10, '18.00', NULL, NULL),
(3959, 590, 2, 29, '125.00', NULL, NULL),
(3960, 545, 4, 22, '96.00', NULL, NULL),
(3961, 351, 9, 28, '191.00', NULL, NULL),
(3962, 314, 7, 27, '125.00', NULL, NULL),
(3963, 413, 9, 20, '36.00', NULL, NULL),
(3964, 292, 10, 24, '14.00', NULL, NULL),
(3965, 221, 3, 22, '176.00', NULL, NULL),
(3966, 445, 1, 20, '76.00', NULL, NULL),
(3967, 882, 3, 7, '125.00', NULL, NULL),
(3968, 410, 10, 25, '73.00', NULL, NULL),
(3969, 561, 8, 24, '198.00', NULL, NULL),
(3970, 674, 7, 30, '74.00', NULL, NULL),
(3971, 528, 3, 15, '51.00', NULL, NULL),
(3972, 172, 1, 13, '199.00', NULL, NULL),
(3973, 461, 3, 5, '29.00', NULL, NULL),
(3974, 573, 8, 30, '127.00', NULL, NULL),
(3975, 476, 8, 10, '78.00', NULL, NULL),
(3976, 921, 5, 7, '58.00', NULL, NULL),
(3977, 565, 6, 22, '34.00', NULL, NULL),
(3978, 759, 9, 10, '142.00', NULL, NULL),
(3979, 1122, 3, 15, '22.00', NULL, NULL),
(3980, 924, 6, 13, '77.00', NULL, NULL),
(3981, 452, 9, 30, '195.00', NULL, NULL),
(3982, 631, 8, 8, '193.00', NULL, NULL),
(3983, 425, 7, 28, '75.00', NULL, NULL),
(3984, 513, 1, 14, '155.00', NULL, NULL),
(3985, 142, 1, 11, '113.00', NULL, NULL),
(3986, 745, 4, 30, '65.00', NULL, NULL),
(3987, 1024, 5, 14, '28.00', NULL, NULL),
(3988, 1024, 9, 10, '164.00', NULL, NULL),
(3989, 840, 2, 7, '182.00', NULL, NULL),
(3990, 658, 4, 11, '54.00', NULL, NULL),
(3991, 137, 3, 16, '179.00', NULL, NULL),
(3992, 152, 1, 21, '186.00', NULL, NULL),
(3993, 355, 9, 23, '79.00', NULL, NULL),
(3994, 917, 1, 14, '197.00', NULL, NULL),
(3995, 870, 4, 7, '110.00', NULL, NULL),
(3996, 904, 8, 14, '129.00', NULL, NULL),
(3997, 442, 5, 23, '138.00', NULL, NULL),
(3998, 846, 7, 18, '155.00', NULL, NULL),
(3999, 216, 7, 7, '123.00', NULL, NULL),
(4000, 426, 2, 14, '148.00', NULL, NULL),
(4001, 881, 3, 24, '97.00', NULL, NULL),
(4002, 281, 9, 29, '178.00', NULL, NULL),
(4003, 1081, 1, 9, '11.00', NULL, NULL),
(4004, 165, 1, 22, '196.00', NULL, NULL),
(4005, 445, 9, 22, '145.00', NULL, NULL),
(4006, 379, 1, 5, '30.00', NULL, NULL),
(4007, 198, 9, 8, '187.00', NULL, NULL),
(4008, 1039, 3, 9, '43.00', NULL, NULL),
(4009, 984, 3, 27, '34.00', NULL, NULL),
(4010, 791, 10, 20, '75.00', NULL, NULL),
(4011, 876, 4, 22, '128.00', NULL, NULL),
(4012, 620, 6, 5, '154.00', NULL, NULL),
(4013, 941, 2, 13, '180.00', NULL, NULL),
(4014, 204, 3, 11, '11.00', NULL, NULL),
(4015, 134, 6, 22, '194.00', NULL, NULL),
(4016, 1119, 4, 11, '49.00', NULL, NULL),
(4017, 857, 2, 14, '133.00', NULL, NULL),
(4018, 816, 3, 12, '109.00', NULL, NULL),
(4019, 445, 8, 21, '121.00', NULL, NULL),
(4020, 900, 1, 29, '113.00', NULL, NULL),
(4021, 865, 6, 13, '198.00', NULL, NULL),
(4022, 242, 9, 21, '137.00', NULL, NULL),
(4023, 488, 3, 25, '76.00', NULL, NULL),
(4024, 947, 7, 22, '196.00', NULL, NULL),
(4025, 411, 3, 6, '192.00', NULL, NULL),
(4026, 1050, 9, 10, '30.00', NULL, NULL),
(4027, 715, 8, 13, '122.00', NULL, NULL),
(4028, 347, 9, 14, '62.00', NULL, NULL),
(4029, 315, 10, 21, '105.00', NULL, NULL),
(4030, 1011, 5, 28, '165.00', NULL, NULL),
(4031, 909, 6, 25, '23.00', NULL, NULL),
(4032, 442, 1, 8, '65.00', NULL, NULL),
(4033, 924, 4, 26, '107.00', NULL, NULL),
(4034, 666, 3, 10, '38.00', NULL, NULL),
(4035, 640, 10, 20, '127.00', NULL, NULL),
(4036, 562, 9, 22, '134.00', NULL, NULL),
(4037, 499, 7, 18, '176.00', NULL, NULL),
(4038, 871, 9, 8, '200.00', NULL, NULL),
(4039, 1080, 2, 25, '55.00', NULL, NULL),
(4040, 682, 2, 15, '84.00', NULL, NULL),
(4041, 991, 2, 17, '69.00', NULL, NULL),
(4042, 970, 9, 9, '83.00', NULL, NULL),
(4043, 586, 1, 14, '66.00', NULL, NULL),
(4044, 1100, 9, 12, '115.00', NULL, NULL),
(4045, 188, 2, 5, '38.00', NULL, NULL),
(4046, 486, 4, 24, '57.00', NULL, NULL),
(4047, 967, 2, 17, '175.00', NULL, NULL),
(4048, 592, 1, 26, '64.00', NULL, NULL),
(4049, 724, 1, 13, '188.00', NULL, NULL),
(4050, 284, 1, 29, '10.00', NULL, NULL),
(4051, 163, 1, 24, '16.00', NULL, NULL),
(4052, 972, 8, 6, '34.00', NULL, NULL),
(4053, 606, 5, 14, '60.00', NULL, NULL),
(4054, 164, 3, 8, '169.00', NULL, NULL),
(4055, 531, 7, 20, '178.00', NULL, NULL),
(4056, 994, 10, 28, '191.00', NULL, NULL),
(4057, 258, 3, 6, '120.00', NULL, NULL),
(4058, 1057, 4, 8, '22.00', NULL, NULL),
(4059, 1087, 4, 26, '83.00', NULL, NULL),
(4060, 309, 8, 9, '120.00', NULL, NULL),
(4061, 160, 1, 16, '95.00', NULL, NULL),
(4062, 565, 10, 16, '56.00', NULL, NULL),
(4063, 811, 5, 6, '144.00', NULL, NULL),
(4064, 820, 2, 27, '19.00', NULL, NULL),
(4065, 327, 10, 14, '138.00', NULL, NULL),
(4066, 710, 3, 19, '152.00', NULL, NULL),
(4067, 900, 1, 7, '154.00', NULL, NULL),
(4068, 711, 7, 30, '151.00', NULL, NULL),
(4069, 920, 1, 15, '62.00', NULL, NULL),
(4070, 159, 2, 22, '54.00', NULL, NULL),
(4071, 630, 7, 11, '54.00', NULL, NULL),
(4072, 1027, 6, 20, '165.00', NULL, NULL),
(4073, 163, 4, 8, '55.00', NULL, NULL),
(4074, 384, 2, 7, '183.00', NULL, NULL),
(4075, 448, 6, 8, '153.00', NULL, NULL),
(4076, 407, 5, 10, '41.00', NULL, NULL),
(4077, 239, 4, 29, '160.00', NULL, NULL),
(4078, 197, 4, 13, '55.00', NULL, NULL),
(4079, 130, 9, 10, '14.00', NULL, NULL),
(4080, 138, 3, 29, '18.00', NULL, NULL),
(4081, 408, 9, 9, '72.00', NULL, NULL),
(4082, 120, 10, 7, '90.00', NULL, NULL),
(4083, 693, 10, 14, '147.00', NULL, NULL),
(4084, 779, 7, 12, '98.00', NULL, NULL),
(4085, 869, 2, 28, '161.00', NULL, NULL),
(4086, 658, 3, 19, '18.00', NULL, NULL),
(4087, 230, 7, 16, '179.00', NULL, NULL),
(4088, 296, 1, 30, '119.00', NULL, NULL),
(4089, 542, 4, 12, '59.00', NULL, NULL),
(4090, 158, 3, 15, '63.00', NULL, NULL),
(4091, 432, 10, 14, '66.00', NULL, NULL),
(4092, 145, 8, 18, '171.00', NULL, NULL),
(4093, 835, 4, 19, '122.00', NULL, NULL),
(4094, 502, 2, 9, '146.00', NULL, NULL),
(4095, 149, 10, 10, '196.00', NULL, NULL),
(4096, 529, 5, 21, '21.00', NULL, NULL),
(4097, 454, 5, 22, '191.00', NULL, NULL),
(4098, 625, 2, 18, '63.00', NULL, NULL),
(4099, 613, 4, 7, '102.00', NULL, NULL),
(4100, 941, 5, 28, '58.00', NULL, NULL),
(4101, 627, 7, 23, '134.00', NULL, NULL),
(4102, 819, 3, 22, '73.00', NULL, NULL),
(4103, 1010, 6, 25, '61.00', NULL, NULL),
(4104, 762, 5, 19, '188.00', NULL, NULL),
(4105, 239, 6, 16, '145.00', NULL, NULL),
(4106, 318, 4, 13, '168.00', NULL, NULL),
(4107, 350, 6, 25, '83.00', NULL, NULL),
(4108, 512, 10, 22, '174.00', NULL, NULL),
(4109, 163, 7, 19, '172.00', NULL, NULL),
(4110, 278, 1, 12, '197.00', NULL, NULL),
(4111, 326, 5, 9, '122.00', NULL, NULL),
(4112, 458, 2, 19, '166.00', NULL, NULL),
(4113, 629, 3, 11, '124.00', NULL, NULL),
(4114, 215, 8, 8, '188.00', NULL, NULL),
(4115, 339, 9, 12, '76.00', NULL, NULL),
(4116, 1076, 4, 18, '132.00', NULL, NULL),
(4117, 427, 3, 21, '58.00', NULL, NULL),
(4118, 230, 10, 16, '103.00', NULL, NULL),
(4119, 434, 8, 17, '100.00', NULL, NULL),
(4120, 920, 9, 29, '41.00', NULL, NULL),
(4121, 418, 6, 15, '97.00', NULL, NULL),
(4122, 1076, 5, 8, '188.00', NULL, NULL),
(4123, 816, 1, 25, '147.00', NULL, NULL),
(4124, 1033, 2, 19, '46.00', NULL, NULL),
(4125, 651, 6, 9, '131.00', NULL, NULL),
(4126, 867, 2, 19, '109.00', NULL, NULL),
(4127, 666, 8, 8, '58.00', NULL, NULL),
(4128, 979, 8, 28, '193.00', NULL, NULL),
(4129, 397, 9, 7, '167.00', NULL, NULL),
(4130, 384, 10, 21, '28.00', NULL, NULL),
(4131, 488, 10, 8, '18.00', NULL, NULL),
(4132, 152, 7, 15, '141.00', NULL, NULL),
(4133, 1007, 8, 22, '180.00', NULL, NULL),
(4134, 1112, 9, 22, '167.00', NULL, NULL),
(4135, 188, 1, 18, '70.00', NULL, NULL),
(4136, 639, 5, 19, '26.00', NULL, NULL),
(4137, 1039, 5, 14, '94.00', NULL, NULL),
(4138, 166, 5, 19, '43.00', NULL, NULL),
(4139, 970, 2, 9, '31.00', NULL, NULL),
(4140, 375, 8, 25, '62.00', NULL, NULL),
(4141, 478, 9, 14, '67.00', NULL, NULL),
(4142, 577, 8, 29, '83.00', NULL, NULL),
(4143, 278, 6, 28, '126.00', NULL, NULL),
(4144, 161, 1, 27, '14.00', NULL, NULL),
(4145, 1100, 5, 23, '171.00', NULL, NULL),
(4146, 133, 3, 19, '143.00', NULL, NULL),
(4147, 277, 3, 5, '67.00', NULL, NULL),
(4148, 230, 1, 15, '101.00', NULL, NULL),
(4149, 993, 6, 13, '86.00', NULL, NULL),
(4150, 706, 1, 9, '57.00', NULL, NULL),
(4151, 234, 2, 6, '120.00', NULL, NULL),
(4152, 1081, 6, 17, '157.00', NULL, NULL),
(4153, 184, 1, 7, '200.00', NULL, NULL),
(4154, 495, 10, 26, '116.00', NULL, NULL),
(4155, 596, 1, 7, '169.00', NULL, NULL),
(4156, 964, 8, 20, '73.00', NULL, NULL),
(4157, 1122, 2, 27, '100.00', NULL, NULL),
(4158, 696, 5, 10, '46.00', NULL, NULL),
(4159, 1037, 2, 29, '49.00', NULL, NULL),
(4160, 783, 4, 29, '141.00', NULL, NULL),
(4161, 893, 10, 30, '173.00', NULL, NULL),
(4162, 820, 8, 17, '11.00', NULL, NULL),
(4163, 1010, 4, 25, '102.00', NULL, NULL),
(4164, 305, 8, 25, '17.00', NULL, NULL),
(4165, 399, 1, 15, '74.00', NULL, NULL),
(4166, 155, 8, 21, '138.00', NULL, NULL),
(4167, 359, 4, 17, '81.00', NULL, NULL),
(4168, 542, 8, 7, '23.00', NULL, NULL),
(4169, 359, 4, 25, '69.00', NULL, NULL),
(4170, 324, 5, 14, '99.00', NULL, NULL),
(4171, 835, 9, 16, '20.00', NULL, NULL),
(4172, 499, 7, 8, '131.00', NULL, NULL),
(4173, 688, 4, 21, '53.00', NULL, NULL),
(4174, 872, 7, 17, '129.00', NULL, NULL),
(4175, 761, 5, 24, '146.00', NULL, NULL),
(4176, 559, 7, 26, '114.00', NULL, NULL),
(4177, 219, 10, 22, '15.00', NULL, NULL),
(4178, 728, 3, 22, '46.00', NULL, NULL),
(4179, 1044, 2, 6, '155.00', NULL, NULL),
(4180, 179, 8, 11, '162.00', NULL, NULL),
(4181, 974, 8, 17, '145.00', NULL, NULL),
(4182, 981, 3, 9, '156.00', NULL, NULL),
(4183, 356, 3, 19, '30.00', NULL, NULL),
(4184, 501, 4, 29, '177.00', NULL, NULL),
(4185, 186, 6, 21, '84.00', NULL, NULL),
(4186, 160, 6, 22, '50.00', NULL, NULL),
(4187, 1043, 7, 11, '166.00', NULL, NULL),
(4188, 802, 6, 18, '128.00', NULL, NULL),
(4189, 246, 2, 20, '93.00', NULL, NULL),
(4190, 1002, 6, 14, '25.00', NULL, NULL),
(4191, 522, 5, 6, '136.00', NULL, NULL),
(4192, 1021, 7, 15, '73.00', NULL, NULL),
(4193, 1041, 7, 29, '139.00', NULL, NULL),
(4194, 389, 9, 24, '57.00', NULL, NULL),
(4195, 405, 3, 26, '185.00', NULL, NULL),
(4196, 808, 1, 28, '87.00', NULL, NULL),
(4197, 512, 7, 16, '177.00', NULL, NULL),
(4198, 629, 1, 13, '87.00', NULL, NULL),
(4199, 175, 7, 28, '147.00', NULL, NULL),
(4200, 345, 3, 16, '114.00', NULL, NULL),
(4201, 881, 1, 5, '192.00', NULL, NULL),
(4202, 987, 10, 15, '155.00', NULL, NULL),
(4203, 895, 4, 6, '58.00', NULL, NULL),
(4204, 547, 3, 26, '198.00', NULL, NULL),
(4205, 952, 1, 11, '172.00', NULL, NULL),
(4206, 921, 7, 30, '102.00', NULL, NULL),
(4207, 884, 10, 23, '33.00', NULL, NULL);
INSERT INTO `set_reps` (`id`, `idTrainings_Exercise`, `num_of_set`, `num_of_reps`, `weight`, `updated_at`, `created_at`) VALUES
(4208, 701, 7, 16, '186.00', NULL, NULL),
(4209, 255, 7, 15, '18.00', NULL, NULL),
(4210, 372, 5, 30, '74.00', NULL, NULL),
(4211, 302, 1, 19, '191.00', NULL, NULL),
(4212, 441, 10, 20, '129.00', NULL, NULL),
(4213, 236, 10, 29, '106.00', NULL, NULL),
(4214, 817, 7, 8, '76.00', NULL, NULL),
(4215, 732, 9, 9, '181.00', NULL, NULL),
(4216, 490, 4, 22, '77.00', NULL, NULL),
(4217, 184, 5, 17, '118.00', NULL, NULL),
(4218, 519, 4, 19, '119.00', NULL, NULL),
(4219, 1008, 8, 18, '61.00', NULL, NULL),
(4220, 131, 6, 16, '156.00', NULL, NULL),
(4221, 581, 3, 15, '102.00', NULL, NULL),
(4222, 535, 9, 21, '145.00', NULL, NULL),
(4223, 531, 3, 14, '53.00', NULL, NULL),
(4224, 1121, 1, 25, '67.00', NULL, NULL),
(4225, 950, 4, 15, '55.00', NULL, NULL),
(4226, 420, 2, 15, '171.00', NULL, NULL),
(4227, 465, 3, 9, '159.00', NULL, NULL),
(4228, 249, 9, 26, '123.00', NULL, NULL),
(4229, 606, 5, 16, '12.00', NULL, NULL),
(4230, 913, 1, 7, '172.00', NULL, NULL),
(4231, 866, 2, 24, '130.00', NULL, NULL),
(4232, 763, 9, 7, '67.00', NULL, NULL),
(4233, 906, 4, 13, '151.00', NULL, NULL),
(4234, 844, 9, 28, '12.00', NULL, NULL),
(4235, 1019, 5, 18, '170.00', NULL, NULL),
(4236, 753, 5, 28, '12.00', NULL, NULL),
(4237, 667, 2, 26, '90.00', NULL, NULL),
(4238, 557, 9, 24, '54.00', NULL, NULL),
(4239, 518, 10, 20, '103.00', NULL, NULL),
(4240, 762, 4, 10, '186.00', NULL, NULL),
(4241, 497, 1, 10, '115.00', NULL, NULL),
(4242, 687, 6, 21, '81.00', NULL, NULL),
(4243, 528, 1, 5, '194.00', NULL, NULL),
(4244, 393, 6, 20, '123.00', NULL, NULL),
(4245, 1028, 5, 19, '85.00', NULL, NULL),
(4246, 415, 8, 23, '189.00', NULL, NULL),
(4247, 710, 4, 21, '152.00', NULL, NULL),
(4248, 1117, 2, 12, '52.00', NULL, NULL),
(4249, 170, 8, 5, '142.00', NULL, NULL),
(4250, 1011, 2, 25, '23.00', NULL, NULL),
(4251, 903, 4, 12, '47.00', NULL, NULL),
(4252, 1096, 8, 11, '183.00', NULL, NULL),
(4253, 768, 2, 23, '122.00', NULL, NULL),
(4254, 1029, 1, 14, '63.00', NULL, NULL),
(4255, 1042, 7, 23, '126.00', NULL, NULL),
(4256, 263, 8, 28, '166.00', NULL, NULL),
(4257, 391, 5, 29, '31.00', NULL, NULL),
(4258, 800, 4, 23, '124.00', NULL, NULL),
(4259, 785, 10, 22, '45.00', NULL, NULL),
(4260, 437, 3, 25, '72.00', NULL, NULL),
(4261, 140, 5, 14, '195.00', NULL, NULL),
(4262, 504, 1, 22, '24.00', NULL, NULL),
(4263, 997, 5, 28, '128.00', NULL, NULL),
(4264, 921, 2, 19, '87.00', NULL, NULL),
(4265, 1028, 8, 26, '92.00', NULL, NULL),
(4266, 125, 7, 12, '186.00', NULL, NULL),
(4267, 846, 5, 19, '90.00', NULL, NULL),
(4268, 697, 9, 26, '185.00', NULL, NULL),
(4269, 168, 2, 28, '117.00', NULL, NULL),
(4270, 599, 6, 21, '58.00', NULL, NULL),
(4271, 776, 7, 12, '99.00', NULL, NULL),
(4272, 288, 2, 12, '21.00', NULL, NULL),
(4273, 956, 3, 23, '60.00', NULL, NULL),
(4274, 600, 9, 19, '32.00', NULL, NULL),
(4275, 449, 9, 15, '182.00', NULL, NULL),
(4276, 1041, 9, 26, '82.00', NULL, NULL),
(4277, 684, 6, 12, '13.00', NULL, NULL),
(4278, 176, 8, 7, '78.00', NULL, NULL),
(4279, 484, 1, 16, '20.00', NULL, NULL),
(4280, 354, 5, 12, '119.00', NULL, NULL),
(4281, 200, 6, 14, '150.00', NULL, NULL),
(4282, 529, 3, 6, '198.00', NULL, NULL),
(4283, 728, 3, 19, '60.00', NULL, NULL),
(4284, 594, 9, 7, '153.00', NULL, NULL),
(4285, 505, 1, 25, '138.00', NULL, NULL),
(4286, 204, 3, 14, '31.00', NULL, NULL),
(4287, 1011, 1, 20, '132.00', NULL, NULL),
(4288, 458, 5, 7, '127.00', NULL, NULL),
(4289, 974, 7, 26, '20.00', NULL, NULL),
(4290, 668, 10, 21, '80.00', NULL, NULL),
(4291, 514, 5, 30, '106.00', NULL, NULL),
(4292, 779, 5, 16, '124.00', NULL, NULL),
(4293, 818, 6, 11, '51.00', NULL, NULL),
(4294, 968, 6, 13, '145.00', NULL, NULL),
(4295, 405, 3, 22, '27.00', NULL, NULL),
(4296, 862, 8, 21, '154.00', NULL, NULL),
(4297, 314, 10, 12, '154.00', NULL, NULL),
(4298, 1112, 8, 6, '36.00', NULL, NULL),
(4299, 876, 8, 16, '70.00', NULL, NULL),
(4300, 1040, 6, 18, '94.00', NULL, NULL),
(4301, 366, 6, 14, '56.00', NULL, NULL),
(4302, 1007, 3, 29, '136.00', NULL, NULL),
(4303, 878, 1, 19, '189.00', NULL, NULL),
(4304, 201, 3, 13, '133.00', NULL, NULL),
(4305, 1008, 2, 29, '163.00', NULL, NULL),
(4306, 1119, 9, 8, '70.00', NULL, NULL),
(4307, 234, 1, 6, '134.00', NULL, NULL),
(4308, 1107, 2, 28, '183.00', NULL, NULL),
(4309, 169, 3, 10, '87.00', NULL, NULL),
(4310, 957, 6, 24, '42.00', NULL, NULL),
(4311, 1007, 1, 9, '71.00', NULL, NULL),
(4312, 744, 10, 22, '133.00', NULL, NULL),
(4313, 627, 10, 29, '122.00', NULL, NULL),
(4314, 278, 5, 27, '156.00', NULL, NULL),
(4315, 223, 8, 27, '122.00', NULL, NULL),
(4316, 354, 3, 22, '150.00', NULL, NULL),
(4317, 130, 8, 11, '92.00', NULL, NULL),
(4318, 939, 5, 8, '97.00', NULL, NULL),
(4319, 774, 7, 25, '64.00', NULL, NULL),
(4320, 870, 3, 19, '101.00', NULL, NULL),
(4321, 733, 6, 15, '48.00', NULL, NULL),
(4322, 582, 7, 21, '122.00', NULL, NULL),
(4323, 1037, 4, 13, '188.00', NULL, NULL),
(4324, 553, 3, 14, '132.00', NULL, NULL),
(4325, 286, 5, 30, '154.00', NULL, NULL),
(4326, 542, 6, 9, '112.00', NULL, NULL),
(4327, 546, 9, 22, '103.00', NULL, NULL),
(4328, 1123, 4, 23, '187.00', NULL, NULL),
(4329, 495, 8, 29, '135.00', NULL, NULL),
(4330, 859, 2, 21, '12.00', NULL, NULL),
(4331, 483, 2, 7, '75.00', NULL, NULL),
(4332, 169, 9, 24, '136.00', NULL, NULL),
(4333, 404, 4, 16, '152.00', NULL, NULL),
(4334, 773, 7, 16, '64.00', NULL, NULL),
(4335, 584, 2, 11, '50.00', NULL, NULL),
(4336, 684, 1, 29, '92.00', NULL, NULL),
(4337, 364, 8, 15, '11.00', NULL, NULL),
(4338, 823, 9, 20, '110.00', NULL, NULL),
(4339, 980, 9, 9, '197.00', NULL, NULL),
(4340, 577, 2, 28, '71.00', NULL, NULL),
(4341, 245, 3, 23, '161.00', NULL, NULL),
(4342, 1060, 8, 9, '192.00', NULL, NULL),
(4343, 136, 3, 12, '95.00', NULL, NULL),
(4344, 659, 3, 5, '46.00', NULL, NULL),
(4345, 196, 7, 25, '18.00', NULL, NULL),
(4346, 131, 1, 24, '16.00', NULL, NULL),
(4347, 1014, 5, 29, '46.00', NULL, NULL),
(4348, 893, 8, 12, '130.00', NULL, NULL),
(4349, 708, 9, 25, '122.00', NULL, NULL),
(4350, 961, 8, 5, '112.00', NULL, NULL),
(4351, 659, 1, 17, '142.00', NULL, NULL),
(4352, 741, 1, 16, '38.00', NULL, NULL),
(4353, 1027, 5, 14, '159.00', NULL, NULL),
(4354, 526, 9, 26, '102.00', NULL, NULL),
(4355, 683, 4, 23, '19.00', NULL, NULL),
(4356, 642, 2, 28, '12.00', NULL, NULL),
(4357, 990, 7, 22, '42.00', NULL, NULL),
(4358, 668, 7, 30, '40.00', NULL, NULL),
(4359, 268, 9, 17, '166.00', NULL, NULL),
(4360, 746, 8, 9, '90.00', NULL, NULL),
(4361, 564, 8, 25, '56.00', NULL, NULL),
(4362, 1122, 4, 18, '74.00', NULL, NULL),
(4363, 604, 2, 14, '172.00', NULL, NULL),
(4364, 553, 10, 16, '199.00', NULL, NULL),
(4365, 265, 2, 27, '55.00', NULL, NULL),
(4366, 1063, 8, 20, '144.00', NULL, NULL),
(4367, 1061, 3, 30, '146.00', NULL, NULL),
(4368, 668, 1, 11, '137.00', NULL, NULL),
(4369, 764, 2, 22, '27.00', NULL, NULL),
(4370, 314, 10, 5, '48.00', NULL, NULL),
(4371, 237, 8, 5, '118.00', NULL, NULL),
(4372, 397, 2, 11, '12.00', NULL, NULL),
(4373, 678, 9, 8, '138.00', NULL, NULL),
(4374, 640, 5, 8, '127.00', NULL, NULL),
(4375, 982, 6, 11, '117.00', NULL, NULL),
(4376, 187, 9, 22, '67.00', NULL, NULL),
(4377, 1053, 4, 11, '134.00', NULL, NULL),
(4378, 666, 4, 19, '86.00', NULL, NULL),
(4379, 794, 1, 6, '80.00', NULL, NULL),
(4380, 308, 1, 24, '199.00', NULL, NULL),
(4381, 200, 1, 14, '116.00', NULL, NULL),
(4382, 967, 2, 10, '21.00', NULL, NULL),
(4383, 572, 8, 17, '195.00', NULL, NULL),
(4384, 819, 4, 20, '194.00', NULL, NULL),
(4385, 1049, 1, 10, '38.00', NULL, NULL),
(4386, 285, 7, 23, '50.00', NULL, NULL),
(4387, 523, 3, 22, '171.00', NULL, NULL),
(4388, 157, 1, 17, '176.00', NULL, NULL),
(4389, 433, 7, 7, '107.00', NULL, NULL),
(4390, 404, 4, 14, '51.00', NULL, NULL),
(4391, 852, 2, 7, '37.00', NULL, NULL),
(4392, 518, 10, 10, '65.00', NULL, NULL),
(4393, 500, 2, 17, '31.00', NULL, NULL),
(4394, 618, 1, 25, '29.00', NULL, NULL),
(4395, 749, 9, 20, '135.00', NULL, NULL),
(4396, 602, 3, 21, '132.00', NULL, NULL),
(4397, 427, 10, 24, '142.00', NULL, NULL),
(4398, 1124, 4, 27, '66.00', NULL, NULL),
(4399, 1010, 1, 19, '133.00', NULL, NULL),
(4400, 172, 10, 18, '49.00', NULL, NULL),
(4401, 1074, 7, 15, '19.00', NULL, NULL),
(4402, 290, 9, 14, '147.00', NULL, NULL),
(4403, 599, 2, 10, '51.00', NULL, NULL),
(4404, 331, 2, 21, '189.00', NULL, NULL),
(4405, 219, 5, 12, '26.00', NULL, NULL),
(4406, 830, 6, 18, '17.00', NULL, NULL),
(4407, 791, 4, 17, '99.00', NULL, NULL),
(4408, 290, 7, 25, '193.00', NULL, NULL),
(4409, 820, 3, 22, '177.00', NULL, NULL),
(4410, 720, 10, 8, '42.00', NULL, NULL),
(4411, 697, 2, 21, '123.00', NULL, NULL),
(4412, 226, 2, 14, '166.00', NULL, NULL),
(4413, 542, 1, 19, '174.00', NULL, NULL),
(4414, 556, 4, 12, '197.00', NULL, NULL),
(4415, 996, 4, 26, '125.00', NULL, NULL),
(4416, 744, 9, 5, '14.00', NULL, NULL),
(4417, 868, 8, 23, '13.00', NULL, NULL),
(4418, 687, 9, 29, '147.00', NULL, NULL),
(4419, 711, 7, 17, '70.00', NULL, NULL),
(4420, 439, 1, 12, '96.00', NULL, NULL),
(4421, 590, 6, 9, '188.00', NULL, NULL),
(4422, 937, 5, 30, '122.00', NULL, NULL),
(4423, 149, 8, 29, '122.00', NULL, NULL),
(4424, 766, 8, 22, '71.00', NULL, NULL),
(4425, 790, 1, 9, '190.00', NULL, NULL),
(4426, 122, 10, 29, '53.00', NULL, NULL),
(4427, 337, 7, 27, '143.00', NULL, NULL),
(4428, 479, 10, 16, '35.00', NULL, NULL),
(4429, 525, 2, 5, '40.00', NULL, NULL),
(4430, 443, 6, 10, '49.00', NULL, NULL),
(4431, 1094, 8, 26, '99.00', NULL, NULL),
(4432, 524, 10, 20, '22.00', NULL, NULL),
(4433, 942, 3, 27, '51.00', NULL, NULL),
(4434, 477, 10, 10, '42.00', NULL, NULL),
(4435, 1043, 10, 21, '60.00', NULL, NULL),
(4436, 283, 1, 19, '20.00', NULL, NULL),
(4437, 771, 8, 14, '186.00', NULL, NULL),
(4438, 291, 3, 13, '193.00', NULL, NULL),
(4439, 1057, 10, 17, '15.00', NULL, NULL),
(4440, 722, 6, 11, '157.00', NULL, NULL),
(4441, 603, 2, 23, '132.00', NULL, NULL),
(4442, 456, 7, 8, '138.00', NULL, NULL),
(4443, 183, 10, 14, '49.00', NULL, NULL),
(4444, 925, 9, 5, '81.00', NULL, NULL),
(4445, 658, 2, 30, '75.00', NULL, NULL),
(4446, 122, 5, 19, '165.00', NULL, NULL),
(4447, 535, 6, 25, '53.00', NULL, NULL),
(4448, 222, 5, 30, '68.00', NULL, NULL),
(4449, 295, 2, 23, '10.00', NULL, NULL),
(4450, 277, 3, 29, '44.00', NULL, NULL),
(4451, 933, 3, 29, '128.00', NULL, NULL),
(4452, 998, 6, 16, '81.00', NULL, NULL),
(4453, 128, 10, 8, '72.00', NULL, NULL),
(4454, 589, 1, 25, '117.00', NULL, NULL),
(4455, 890, 6, 17, '23.00', NULL, NULL),
(4456, 165, 2, 27, '103.00', NULL, NULL),
(4457, 699, 7, 7, '57.00', NULL, NULL),
(4458, 452, 1, 28, '82.00', NULL, NULL),
(4459, 399, 4, 21, '38.00', NULL, NULL),
(4460, 204, 8, 12, '35.00', NULL, NULL),
(4461, 691, 6, 21, '183.00', NULL, NULL),
(4462, 1110, 9, 5, '122.00', NULL, NULL),
(4463, 1104, 7, 12, '175.00', NULL, NULL),
(4464, 1061, 9, 11, '84.00', NULL, NULL),
(4465, 770, 3, 17, '196.00', NULL, NULL),
(4466, 201, 3, 17, '22.00', NULL, NULL),
(4467, 1096, 8, 19, '61.00', NULL, NULL),
(4468, 1081, 9, 11, '123.00', NULL, NULL),
(4469, 1070, 10, 20, '172.00', NULL, NULL),
(4470, 705, 1, 20, '167.00', NULL, NULL),
(4471, 1101, 2, 6, '97.00', NULL, NULL),
(4472, 319, 5, 17, '92.00', NULL, NULL),
(4473, 282, 4, 19, '70.00', NULL, NULL),
(4474, 945, 4, 29, '86.00', NULL, NULL),
(4475, 621, 4, 22, '95.00', NULL, NULL),
(4476, 354, 4, 7, '98.00', NULL, NULL),
(4477, 290, 3, 22, '179.00', NULL, NULL),
(4478, 403, 2, 30, '77.00', NULL, NULL),
(4479, 842, 1, 5, '144.00', NULL, NULL),
(4480, 351, 7, 23, '27.00', NULL, NULL),
(4481, 397, 4, 10, '45.00', NULL, NULL),
(4482, 911, 7, 13, '113.00', NULL, NULL),
(4483, 1017, 10, 14, '101.00', NULL, NULL),
(4484, 1060, 2, 11, '46.00', NULL, NULL),
(4485, 1037, 5, 12, '43.00', NULL, NULL),
(4486, 824, 1, 30, '35.00', NULL, NULL),
(4487, 412, 9, 20, '48.00', NULL, NULL),
(4488, 189, 3, 16, '89.00', NULL, NULL),
(4489, 579, 1, 26, '83.00', NULL, NULL),
(4490, 204, 10, 30, '51.00', NULL, NULL),
(4491, 928, 8, 7, '175.00', NULL, NULL),
(4492, 471, 8, 8, '80.00', NULL, NULL),
(4493, 951, 7, 26, '85.00', NULL, NULL),
(4494, 359, 1, 23, '50.00', NULL, NULL),
(4495, 493, 1, 18, '154.00', NULL, NULL),
(4496, 859, 6, 16, '85.00', NULL, NULL),
(4497, 255, 4, 19, '128.00', NULL, NULL),
(4498, 685, 2, 26, '177.00', NULL, NULL),
(4499, 816, 4, 23, '187.00', NULL, NULL),
(4500, 806, 5, 7, '149.00', NULL, NULL),
(4501, 349, 6, 18, '122.00', NULL, NULL),
(4502, 1104, 8, 14, '46.00', NULL, NULL),
(4503, 556, 6, 8, '125.00', NULL, NULL),
(4504, 196, 2, 22, '171.00', NULL, NULL),
(4505, 926, 7, 18, '45.00', NULL, NULL),
(4506, 640, 6, 5, '159.00', NULL, NULL),
(4507, 1068, 4, 18, '52.00', NULL, NULL),
(4508, 757, 3, 26, '76.00', NULL, NULL),
(4509, 436, 4, 28, '192.00', NULL, NULL),
(4510, 1060, 6, 10, '182.00', NULL, NULL),
(4511, 884, 6, 20, '23.00', NULL, NULL),
(4512, 1116, 5, 28, '161.00', NULL, NULL),
(4513, 394, 6, 11, '153.00', NULL, NULL),
(4514, 727, 9, 20, '52.00', NULL, NULL),
(4515, 927, 1, 10, '148.00', NULL, NULL),
(4516, 809, 1, 13, '66.00', NULL, NULL),
(4517, 667, 9, 5, '116.00', NULL, NULL),
(4518, 1000, 3, 6, '51.00', NULL, NULL),
(4519, 845, 3, 19, '194.00', NULL, NULL),
(4520, 878, 10, 9, '113.00', NULL, NULL),
(4521, 1052, 2, 22, '116.00', NULL, NULL),
(4522, 1065, 8, 20, '150.00', NULL, NULL),
(4523, 1009, 4, 24, '131.00', NULL, NULL),
(4524, 303, 7, 25, '42.00', NULL, NULL),
(4525, 592, 3, 18, '35.00', NULL, NULL),
(4526, 1060, 1, 29, '48.00', NULL, NULL),
(4527, 242, 10, 13, '161.00', NULL, NULL),
(4528, 277, 7, 25, '73.00', NULL, NULL),
(4529, 222, 10, 24, '36.00', NULL, NULL),
(4530, 450, 3, 22, '125.00', NULL, NULL),
(4531, 264, 7, 22, '41.00', NULL, NULL),
(4532, 682, 1, 26, '152.00', NULL, NULL),
(4533, 500, 2, 30, '29.00', NULL, NULL),
(4534, 1031, 6, 16, '198.00', NULL, NULL),
(4535, 230, 7, 17, '162.00', NULL, NULL),
(4536, 888, 7, 15, '159.00', NULL, NULL),
(4537, 134, 9, 8, '33.00', NULL, NULL),
(4538, 914, 3, 7, '73.00', NULL, NULL),
(4539, 1106, 1, 16, '47.00', NULL, NULL),
(4540, 553, 6, 18, '50.00', NULL, NULL),
(4541, 352, 1, 8, '51.00', NULL, NULL),
(4542, 835, 1, 16, '135.00', NULL, NULL),
(4543, 145, 7, 29, '96.00', NULL, NULL),
(4544, 173, 10, 28, '98.00', NULL, NULL),
(4545, 903, 8, 21, '38.00', NULL, NULL),
(4546, 1121, 7, 23, '115.00', NULL, NULL),
(4547, 120, 10, 8, '14.00', NULL, NULL),
(4548, 965, 1, 25, '158.00', NULL, NULL),
(4549, 582, 8, 8, '92.00', NULL, NULL),
(4550, 154, 5, 25, '163.00', NULL, NULL),
(4551, 824, 6, 19, '159.00', NULL, NULL),
(4552, 815, 7, 22, '76.00', NULL, NULL),
(4553, 1057, 9, 23, '12.00', NULL, NULL),
(4554, 571, 3, 24, '52.00', NULL, NULL),
(4555, 211, 1, 6, '177.00', NULL, NULL),
(4556, 688, 5, 22, '159.00', NULL, NULL),
(4557, 471, 2, 24, '16.00', NULL, NULL),
(4558, 204, 7, 27, '74.00', NULL, NULL),
(4559, 1107, 10, 23, '116.00', NULL, NULL),
(4560, 439, 3, 16, '45.00', NULL, NULL),
(4561, 788, 10, 27, '169.00', NULL, NULL),
(4562, 838, 10, 5, '185.00', NULL, NULL),
(4563, 494, 1, 25, '188.00', NULL, NULL),
(4564, 640, 8, 15, '39.00', NULL, NULL),
(4565, 861, 5, 12, '52.00', NULL, NULL),
(4566, 382, 5, 10, '193.00', NULL, NULL),
(4567, 647, 7, 24, '144.00', NULL, NULL),
(4568, 395, 10, 22, '38.00', NULL, NULL),
(4569, 1015, 3, 9, '10.00', NULL, NULL),
(4570, 520, 10, 9, '73.00', NULL, NULL),
(4571, 573, 8, 20, '25.00', NULL, NULL),
(4572, 1060, 4, 15, '73.00', NULL, NULL),
(4573, 169, 3, 9, '39.00', NULL, NULL),
(4574, 383, 10, 12, '72.00', NULL, NULL),
(4575, 1102, 10, 9, '172.00', NULL, NULL),
(4576, 314, 9, 28, '195.00', NULL, NULL),
(4577, 1042, 8, 20, '119.00', NULL, NULL),
(4578, 800, 2, 11, '149.00', NULL, NULL),
(4579, 563, 9, 18, '24.00', NULL, NULL),
(4580, 723, 8, 11, '44.00', NULL, NULL),
(4581, 510, 2, 17, '96.00', NULL, NULL),
(4582, 505, 1, 13, '172.00', NULL, NULL),
(4583, 1041, 3, 15, '114.00', NULL, NULL),
(4584, 476, 1, 16, '63.00', NULL, NULL),
(4585, 802, 10, 9, '41.00', NULL, NULL),
(4586, 267, 3, 23, '181.00', NULL, NULL),
(4587, 689, 5, 19, '57.00', NULL, NULL),
(4588, 842, 6, 26, '102.00', NULL, NULL),
(4589, 529, 3, 21, '125.00', NULL, NULL),
(4590, 906, 6, 21, '165.00', NULL, NULL),
(4591, 323, 9, 16, '166.00', NULL, NULL),
(4592, 198, 1, 29, '88.00', NULL, NULL),
(4593, 752, 6, 21, '31.00', NULL, NULL),
(4594, 407, 6, 13, '171.00', NULL, NULL),
(4595, 402, 7, 29, '20.00', NULL, NULL),
(4596, 703, 9, 13, '114.00', NULL, NULL),
(4597, 442, 4, 10, '161.00', NULL, NULL),
(4598, 1052, 2, 18, '12.00', NULL, NULL),
(4599, 319, 8, 19, '70.00', NULL, NULL),
(4600, 838, 8, 10, '92.00', NULL, NULL),
(4601, 600, 8, 8, '57.00', NULL, NULL),
(4602, 711, 2, 14, '127.00', NULL, NULL),
(4603, 241, 3, 24, '113.00', NULL, NULL),
(4604, 485, 4, 12, '159.00', NULL, NULL),
(4605, 1003, 7, 8, '171.00', NULL, NULL),
(4606, 1099, 3, 5, '96.00', NULL, NULL),
(4607, 391, 8, 6, '90.00', NULL, NULL),
(4608, 1052, 10, 27, '132.00', NULL, NULL),
(4609, 502, 8, 10, '21.00', NULL, NULL),
(4610, 862, 10, 29, '108.00', NULL, NULL),
(4611, 920, 8, 19, '184.00', NULL, NULL),
(4612, 857, 5, 24, '163.00', NULL, NULL),
(4613, 856, 1, 16, '70.00', NULL, NULL),
(4614, 983, 1, 7, '150.00', NULL, NULL),
(4615, 409, 4, 22, '179.00', NULL, NULL),
(4616, 287, 1, 8, '53.00', NULL, NULL),
(4617, 900, 8, 17, '170.00', NULL, NULL),
(4618, 667, 2, 26, '199.00', NULL, NULL),
(4619, 393, 9, 30, '132.00', NULL, NULL),
(4620, 457, 2, 25, '188.00', NULL, NULL),
(4621, 649, 6, 19, '191.00', NULL, NULL),
(4622, 868, 7, 20, '12.00', NULL, NULL),
(4623, 189, 2, 14, '193.00', NULL, NULL),
(4624, 705, 1, 7, '73.00', NULL, NULL),
(4625, 525, 3, 15, '66.00', NULL, NULL),
(4626, 803, 2, 12, '135.00', NULL, NULL),
(4627, 729, 8, 8, '78.00', NULL, NULL),
(4628, 200, 3, 21, '51.00', NULL, NULL),
(4629, 347, 9, 9, '178.00', NULL, NULL),
(4630, 173, 2, 8, '79.00', NULL, NULL),
(4631, 1031, 1, 26, '157.00', NULL, NULL),
(4632, 839, 6, 7, '170.00', NULL, NULL),
(4633, 1052, 9, 29, '162.00', NULL, NULL),
(4634, 660, 1, 10, '114.00', NULL, NULL),
(4635, 1041, 8, 27, '25.00', NULL, NULL),
(4636, 310, 5, 17, '181.00', NULL, NULL),
(4637, 260, 9, 18, '134.00', NULL, NULL),
(4638, 350, 9, 30, '197.00', NULL, NULL),
(4639, 419, 5, 5, '29.00', NULL, NULL),
(4640, 464, 5, 13, '40.00', NULL, NULL),
(4641, 700, 1, 23, '27.00', NULL, NULL),
(4642, 586, 1, 13, '192.00', NULL, NULL),
(4643, 132, 5, 28, '21.00', NULL, NULL),
(4644, 276, 6, 25, '153.00', NULL, NULL),
(4645, 278, 7, 29, '49.00', NULL, NULL),
(4646, 250, 10, 19, '40.00', NULL, NULL),
(4647, 396, 5, 9, '17.00', NULL, NULL),
(4648, 819, 5, 19, '151.00', NULL, NULL),
(4649, 451, 6, 11, '43.00', NULL, NULL),
(4650, 508, 5, 10, '105.00', NULL, NULL),
(4651, 383, 1, 14, '177.00', NULL, NULL),
(4652, 345, 4, 10, '135.00', NULL, NULL),
(4653, 396, 8, 26, '73.00', NULL, NULL),
(4654, 725, 7, 8, '49.00', NULL, NULL),
(4655, 325, 5, 9, '20.00', NULL, NULL),
(4656, 537, 9, 24, '99.00', NULL, NULL),
(4657, 245, 6, 8, '100.00', NULL, NULL),
(4658, 654, 2, 29, '31.00', NULL, NULL),
(4659, 490, 2, 13, '180.00', NULL, NULL),
(4660, 448, 1, 27, '143.00', NULL, NULL),
(4661, 226, 8, 29, '55.00', NULL, NULL),
(4662, 183, 4, 24, '176.00', NULL, NULL),
(4663, 845, 3, 28, '114.00', NULL, NULL),
(4664, 872, 7, 11, '27.00', NULL, NULL),
(4665, 924, 7, 15, '111.00', NULL, NULL),
(4666, 868, 6, 21, '68.00', NULL, NULL),
(4667, 429, 6, 8, '134.00', NULL, NULL),
(4668, 474, 6, 12, '36.00', NULL, NULL),
(4669, 285, 3, 20, '61.00', NULL, NULL),
(4670, 1095, 4, 16, '41.00', NULL, NULL),
(4671, 239, 5, 30, '145.00', NULL, NULL),
(4672, 567, 3, 20, '177.00', NULL, NULL),
(4673, 576, 8, 10, '95.00', NULL, NULL),
(4674, 879, 10, 7, '46.00', NULL, NULL),
(4675, 941, 8, 8, '46.00', NULL, NULL),
(4676, 569, 10, 10, '112.00', NULL, NULL),
(4677, 665, 3, 29, '125.00', NULL, NULL),
(4678, 919, 2, 17, '72.00', NULL, NULL),
(4679, 870, 9, 17, '46.00', NULL, NULL),
(4680, 203, 6, 9, '98.00', NULL, NULL),
(4681, 174, 7, 20, '166.00', NULL, NULL),
(4682, 327, 1, 9, '92.00', NULL, NULL),
(4683, 164, 9, 6, '178.00', NULL, NULL),
(4684, 489, 3, 15, '109.00', NULL, NULL),
(4685, 614, 3, 21, '121.00', NULL, NULL),
(4686, 591, 2, 27, '103.00', NULL, NULL),
(4687, 232, 4, 19, '62.00', NULL, NULL),
(4688, 1068, 6, 5, '159.00', NULL, NULL),
(4689, 1060, 4, 30, '40.00', NULL, NULL),
(4690, 406, 1, 20, '184.00', NULL, NULL),
(4691, 505, 5, 8, '102.00', NULL, NULL),
(4692, 842, 4, 14, '122.00', NULL, NULL),
(4693, 798, 2, 29, '34.00', NULL, NULL),
(4694, 962, 9, 14, '20.00', NULL, NULL),
(4695, 1082, 7, 25, '197.00', NULL, NULL),
(4696, 702, 6, 27, '56.00', NULL, NULL),
(4697, 1076, 2, 8, '74.00', NULL, NULL),
(4698, 595, 2, 16, '63.00', NULL, NULL),
(4699, 598, 5, 24, '77.00', NULL, NULL),
(4700, 179, 5, 8, '197.00', NULL, NULL),
(4701, 670, 2, 18, '168.00', NULL, NULL),
(4702, 703, 4, 8, '87.00', NULL, NULL),
(4703, 250, 4, 8, '183.00', NULL, NULL),
(4704, 286, 10, 9, '51.00', NULL, NULL),
(4705, 331, 10, 7, '186.00', NULL, NULL),
(4706, 759, 5, 22, '185.00', NULL, NULL),
(4707, 504, 3, 11, '193.00', NULL, NULL),
(4708, 786, 8, 12, '103.00', NULL, NULL),
(4709, 419, 2, 16, '12.00', NULL, NULL),
(4710, 886, 5, 25, '166.00', NULL, NULL),
(4711, 981, 7, 17, '57.00', NULL, NULL),
(4712, 850, 7, 5, '157.00', NULL, NULL),
(4713, 825, 10, 8, '16.00', NULL, NULL),
(4714, 728, 2, 23, '94.00', NULL, NULL),
(4715, 318, 1, 16, '108.00', NULL, NULL),
(4716, 721, 1, 18, '186.00', NULL, NULL),
(4717, 681, 2, 8, '70.00', NULL, NULL),
(4718, 1047, 6, 9, '126.00', NULL, NULL),
(4719, 220, 6, 12, '181.00', NULL, NULL),
(4720, 962, 8, 29, '99.00', NULL, NULL),
(4721, 995, 8, 19, '138.00', NULL, NULL),
(4722, 537, 1, 16, '73.00', NULL, NULL),
(4723, 987, 8, 12, '64.00', NULL, NULL),
(4724, 940, 3, 10, '12.00', NULL, NULL),
(4725, 850, 1, 7, '65.00', NULL, NULL),
(4726, 394, 4, 24, '164.00', NULL, NULL),
(4727, 373, 6, 11, '42.00', NULL, NULL),
(4728, 877, 4, 7, '104.00', NULL, NULL),
(4729, 1006, 4, 13, '195.00', NULL, NULL),
(4730, 969, 3, 13, '29.00', NULL, NULL),
(4731, 771, 2, 7, '150.00', NULL, NULL),
(4732, 649, 8, 6, '131.00', NULL, NULL),
(4733, 973, 5, 10, '78.00', NULL, NULL),
(4734, 422, 9, 26, '15.00', NULL, NULL),
(4735, 428, 10, 5, '33.00', NULL, NULL),
(4736, 632, 10, 11, '112.00', NULL, NULL),
(4737, 947, 10, 12, '124.00', NULL, NULL),
(4738, 239, 7, 8, '34.00', NULL, NULL),
(4739, 974, 4, 6, '43.00', NULL, NULL),
(4740, 672, 2, 9, '80.00', NULL, NULL),
(4741, 308, 4, 6, '97.00', NULL, NULL),
(4742, 597, 9, 20, '188.00', NULL, NULL),
(4743, 1023, 7, 6, '42.00', NULL, NULL),
(4744, 440, 5, 12, '102.00', NULL, NULL),
(4745, 266, 10, 28, '193.00', NULL, NULL),
(4746, 184, 10, 23, '160.00', NULL, NULL),
(4747, 486, 6, 26, '154.00', NULL, NULL),
(4748, 597, 4, 8, '180.00', NULL, NULL),
(4749, 627, 5, 9, '121.00', NULL, NULL),
(4750, 1039, 3, 29, '116.00', NULL, NULL),
(4751, 324, 3, 16, '102.00', NULL, NULL),
(4752, 546, 4, 24, '117.00', NULL, NULL),
(4753, 1019, 3, 10, '14.00', NULL, NULL),
(4754, 154, 9, 26, '151.00', NULL, NULL),
(4755, 817, 9, 18, '168.00', NULL, NULL),
(4756, 805, 10, 19, '147.00', NULL, NULL),
(4757, 794, 10, 28, '56.00', NULL, NULL),
(4758, 1104, 10, 25, '143.00', NULL, NULL),
(4759, 916, 6, 6, '58.00', NULL, NULL),
(4760, 346, 4, 18, '181.00', NULL, NULL),
(4761, 841, 5, 12, '144.00', NULL, NULL),
(4762, 941, 10, 22, '181.00', NULL, NULL),
(4763, 698, 10, 28, '103.00', NULL, NULL),
(4764, 275, 8, 19, '120.00', NULL, NULL),
(4765, 511, 8, 13, '146.00', NULL, NULL),
(4766, 354, 9, 21, '28.00', NULL, NULL),
(4767, 262, 10, 13, '40.00', NULL, NULL),
(4768, 677, 4, 6, '116.00', NULL, NULL),
(4769, 737, 5, 25, '178.00', NULL, NULL),
(4770, 601, 7, 16, '196.00', NULL, NULL),
(4771, 213, 8, 16, '143.00', NULL, NULL),
(4772, 159, 3, 25, '118.00', NULL, NULL),
(4773, 1059, 1, 5, '108.00', NULL, NULL),
(4774, 761, 8, 15, '101.00', NULL, NULL),
(4775, 141, 2, 25, '83.00', NULL, NULL),
(4776, 122, 9, 14, '196.00', NULL, NULL),
(4777, 499, 4, 5, '148.00', NULL, NULL),
(4778, 746, 4, 8, '147.00', NULL, NULL),
(4779, 200, 2, 7, '99.00', NULL, NULL),
(4780, 585, 7, 24, '108.00', NULL, NULL),
(4781, 330, 2, 17, '26.00', NULL, NULL),
(4782, 562, 6, 15, '117.00', NULL, NULL),
(4783, 924, 10, 21, '124.00', NULL, NULL),
(4784, 453, 8, 28, '168.00', NULL, NULL),
(4785, 942, 1, 11, '160.00', NULL, NULL),
(4786, 767, 1, 14, '48.00', NULL, NULL),
(4787, 483, 8, 21, '191.00', NULL, NULL),
(4788, 142, 2, 9, '81.00', NULL, NULL),
(4789, 195, 10, 25, '31.00', NULL, NULL),
(4790, 532, 2, 8, '123.00', NULL, NULL),
(4791, 365, 4, 12, '42.00', NULL, NULL),
(4792, 782, 6, 15, '17.00', NULL, NULL),
(4793, 1056, 4, 16, '103.00', NULL, NULL),
(4794, 136, 9, 25, '149.00', NULL, NULL),
(4795, 880, 1, 8, '88.00', NULL, NULL),
(4796, 453, 1, 9, '76.00', NULL, NULL),
(4797, 639, 6, 8, '31.00', NULL, NULL),
(4798, 753, 6, 16, '188.00', NULL, NULL),
(4799, 725, 1, 22, '71.00', NULL, NULL),
(4800, 678, 8, 19, '32.00', NULL, NULL),
(4801, 229, 3, 12, '42.00', NULL, NULL),
(4802, 719, 5, 26, '120.00', NULL, NULL),
(4803, 744, 3, 20, '80.00', NULL, NULL),
(4804, 905, 8, 27, '162.00', NULL, NULL),
(4805, 782, 6, 11, '192.00', NULL, NULL),
(4806, 978, 2, 27, '185.00', NULL, NULL),
(4807, 676, 8, 7, '43.00', NULL, NULL),
(4808, 708, 7, 14, '97.00', NULL, NULL),
(4809, 308, 9, 10, '195.00', NULL, NULL),
(4810, 1072, 9, 15, '66.00', NULL, NULL),
(4811, 997, 9, 15, '77.00', NULL, NULL),
(4812, 614, 1, 17, '135.00', NULL, NULL),
(4813, 1069, 3, 5, '79.00', NULL, NULL),
(4814, 359, 2, 23, '80.00', NULL, NULL),
(4815, 864, 9, 22, '141.00', NULL, NULL),
(4816, 576, 6, 22, '150.00', NULL, NULL),
(4817, 264, 9, 27, '79.00', NULL, NULL),
(4818, 397, 2, 18, '48.00', NULL, NULL),
(4819, 471, 10, 17, '52.00', NULL, NULL),
(4820, 750, 4, 25, '86.00', NULL, NULL),
(4821, 912, 2, 13, '53.00', NULL, NULL),
(4822, 159, 2, 9, '22.00', NULL, NULL),
(4823, 133, 10, 14, '31.00', NULL, NULL),
(4824, 217, 10, 10, '20.00', NULL, NULL),
(4825, 485, 3, 10, '27.00', NULL, NULL),
(4826, 1090, 8, 24, '109.00', NULL, NULL),
(4827, 733, 1, 25, '79.00', NULL, NULL),
(4828, 756, 10, 20, '59.00', NULL, NULL),
(4829, 785, 3, 13, '74.00', NULL, NULL),
(4830, 339, 7, 9, '124.00', NULL, NULL),
(4831, 265, 10, 27, '110.00', NULL, NULL),
(4832, 328, 3, 19, '130.00', NULL, NULL),
(4833, 798, 1, 24, '14.00', NULL, NULL),
(4834, 898, 2, 13, '38.00', NULL, NULL),
(4835, 1007, 2, 21, '80.00', NULL, NULL),
(4836, 535, 8, 12, '21.00', NULL, NULL),
(4837, 690, 5, 17, '20.00', NULL, NULL),
(4838, 787, 7, 29, '112.00', NULL, NULL),
(4839, 1011, 5, 24, '61.00', NULL, NULL),
(4840, 1023, 2, 7, '50.00', NULL, NULL),
(4841, 250, 9, 17, '158.00', NULL, NULL),
(4842, 353, 3, 7, '131.00', NULL, NULL),
(4843, 919, 5, 10, '107.00', NULL, NULL),
(4844, 164, 2, 10, '174.00', NULL, NULL),
(4845, 962, 9, 23, '180.00', NULL, NULL),
(4846, 404, 3, 5, '169.00', NULL, NULL),
(4847, 1105, 2, 7, '135.00', NULL, NULL),
(4848, 547, 1, 26, '156.00', NULL, NULL),
(4849, 662, 7, 24, '28.00', NULL, NULL),
(4850, 381, 2, 10, '191.00', NULL, NULL),
(4851, 586, 10, 25, '172.00', NULL, NULL),
(4852, 938, 9, 23, '70.00', NULL, NULL),
(4853, 488, 9, 18, '179.00', NULL, NULL),
(4854, 380, 8, 16, '60.00', NULL, NULL),
(4855, 1021, 9, 25, '22.00', NULL, NULL),
(4856, 271, 4, 25, '69.00', NULL, NULL),
(4857, 880, 8, 29, '154.00', NULL, NULL),
(4858, 1009, 2, 25, '139.00', NULL, NULL),
(4859, 1109, 2, 18, '176.00', NULL, NULL),
(4860, 942, 4, 28, '117.00', NULL, NULL),
(4861, 252, 5, 11, '20.00', NULL, NULL),
(4862, 872, 1, 24, '10.00', NULL, NULL),
(4863, 365, 8, 24, '169.00', NULL, NULL),
(4864, 610, 3, 27, '23.00', NULL, NULL),
(4865, 844, 7, 22, '23.00', NULL, NULL),
(4866, 295, 10, 28, '71.00', NULL, NULL),
(4867, 363, 7, 15, '193.00', NULL, NULL),
(4868, 1014, 1, 29, '106.00', NULL, NULL),
(4869, 1068, 4, 22, '90.00', NULL, NULL),
(4870, 490, 3, 19, '42.00', NULL, NULL),
(4871, 184, 1, 18, '163.00', NULL, NULL),
(4872, 325, 3, 15, '82.00', NULL, NULL),
(4873, 684, 7, 22, '23.00', NULL, NULL),
(4874, 403, 3, 29, '163.00', NULL, NULL),
(4875, 808, 6, 26, '90.00', NULL, NULL),
(4876, 386, 9, 17, '175.00', NULL, NULL),
(4877, 652, 7, 11, '103.00', NULL, NULL),
(4878, 1022, 6, 14, '148.00', NULL, NULL),
(4879, 1028, 10, 19, '114.00', NULL, NULL),
(4880, 362, 3, 13, '157.00', NULL, NULL),
(4881, 984, 5, 23, '156.00', NULL, NULL),
(4882, 400, 2, 13, '83.00', NULL, NULL),
(4883, 213, 10, 7, '15.00', NULL, NULL),
(4884, 1111, 1, 7, '119.00', NULL, NULL),
(4885, 144, 1, 20, '27.00', NULL, NULL),
(4886, 284, 10, 8, '101.00', NULL, NULL),
(4887, 158, 6, 5, '199.00', NULL, NULL),
(4888, 1020, 3, 10, '154.00', NULL, NULL),
(4889, 434, 9, 22, '29.00', NULL, NULL),
(4890, 410, 9, 28, '50.00', NULL, NULL),
(4891, 121, 5, 28, '15.00', NULL, NULL),
(4892, 159, 10, 20, '42.00', NULL, NULL),
(4893, 536, 10, 9, '122.00', NULL, NULL),
(4894, 1100, 1, 29, '11.00', NULL, NULL),
(4895, 130, 6, 9, '113.00', NULL, NULL),
(4896, 1117, 8, 8, '83.00', NULL, NULL),
(4897, 865, 5, 10, '112.00', NULL, NULL),
(4898, 755, 10, 5, '45.00', NULL, NULL),
(4899, 866, 1, 24, '14.00', NULL, NULL),
(4900, 642, 7, 10, '166.00', NULL, NULL),
(4901, 209, 10, 24, '84.00', NULL, NULL),
(4902, 731, 10, 18, '10.00', NULL, NULL),
(4903, 264, 2, 8, '26.00', NULL, NULL),
(4904, 538, 2, 20, '108.00', NULL, NULL),
(4905, 1095, 8, 18, '71.00', NULL, NULL),
(4906, 1085, 8, 7, '133.00', NULL, NULL),
(4907, 776, 9, 13, '76.00', NULL, NULL),
(4908, 224, 6, 9, '78.00', NULL, NULL),
(4909, 578, 3, 17, '89.00', NULL, NULL),
(4910, 269, 8, 18, '142.00', NULL, NULL),
(4911, 1001, 7, 17, '165.00', NULL, NULL),
(4912, 366, 8, 26, '99.00', NULL, NULL),
(4913, 909, 7, 10, '118.00', NULL, NULL),
(4914, 292, 1, 18, '56.00', NULL, NULL),
(4915, 931, 2, 13, '147.00', NULL, NULL),
(4916, 621, 7, 30, '128.00', NULL, NULL),
(4917, 870, 7, 16, '166.00', NULL, NULL),
(4918, 944, 8, 9, '116.00', NULL, NULL),
(4919, 719, 8, 5, '44.00', NULL, NULL),
(4920, 1104, 10, 30, '20.00', NULL, NULL),
(4921, 575, 9, 28, '173.00', NULL, NULL),
(4922, 865, 8, 17, '83.00', NULL, NULL),
(4923, 838, 7, 22, '133.00', NULL, NULL),
(4924, 926, 6, 29, '75.00', NULL, NULL),
(4925, 198, 3, 27, '196.00', NULL, NULL),
(4926, 552, 3, 13, '67.00', NULL, NULL),
(4927, 628, 3, 8, '38.00', NULL, NULL),
(4928, 905, 4, 16, '80.00', NULL, NULL),
(4929, 131, 2, 27, '170.00', NULL, NULL),
(4930, 860, 7, 8, '32.00', NULL, NULL),
(4931, 720, 6, 11, '118.00', NULL, NULL),
(4932, 296, 2, 5, '55.00', NULL, NULL),
(4933, 122, 4, 21, '46.00', NULL, NULL),
(4934, 599, 2, 20, '124.00', NULL, NULL),
(4935, 410, 3, 22, '38.00', NULL, NULL),
(4936, 850, 3, 15, '150.00', NULL, NULL),
(4937, 433, 2, 8, '119.00', NULL, NULL),
(4938, 513, 1, 29, '70.00', NULL, NULL),
(4939, 491, 2, 26, '136.00', NULL, NULL),
(4940, 580, 5, 14, '12.00', NULL, NULL),
(4941, 664, 3, 12, '102.00', NULL, NULL),
(4942, 642, 3, 25, '101.00', NULL, NULL),
(4943, 871, 2, 14, '97.00', NULL, NULL),
(4944, 878, 10, 19, '17.00', NULL, NULL),
(4945, 484, 9, 16, '33.00', NULL, NULL),
(4946, 823, 9, 27, '68.00', NULL, NULL),
(4947, 381, 3, 19, '43.00', NULL, NULL),
(4948, 788, 4, 16, '125.00', NULL, NULL),
(4949, 264, 7, 10, '19.00', NULL, NULL),
(4950, 401, 3, 18, '185.00', NULL, NULL),
(4951, 736, 4, 7, '116.00', NULL, NULL),
(4952, 918, 7, 19, '81.00', NULL, NULL),
(4953, 312, 7, 15, '68.00', NULL, NULL),
(4954, 1026, 9, 22, '87.00', NULL, NULL),
(4955, 650, 4, 6, '119.00', NULL, NULL),
(4956, 1120, 1, 20, '96.00', NULL, NULL),
(4957, 665, 9, 29, '144.00', NULL, NULL),
(4958, 233, 8, 18, '128.00', NULL, NULL),
(4959, 771, 3, 11, '156.00', NULL, NULL),
(4960, 325, 3, 24, '55.00', NULL, NULL),
(4961, 123, 4, 19, '135.00', NULL, NULL),
(4962, 235, 9, 22, '74.00', NULL, NULL),
(4963, 249, 2, 10, '88.00', NULL, NULL),
(4964, 529, 6, 13, '153.00', NULL, NULL),
(4965, 639, 9, 27, '20.00', NULL, NULL),
(4966, 224, 2, 16, '74.00', NULL, NULL),
(4967, 878, 1, 28, '154.00', NULL, NULL),
(4968, 730, 6, 29, '94.00', NULL, NULL),
(4969, 601, 9, 7, '104.00', NULL, NULL),
(4970, 627, 2, 24, '97.00', NULL, NULL),
(4971, 122, 5, 27, '120.00', NULL, NULL),
(4972, 451, 10, 25, '189.00', NULL, NULL),
(4973, 1024, 8, 8, '37.00', NULL, NULL),
(4974, 149, 3, 8, '19.00', NULL, NULL),
(4975, 1095, 6, 10, '149.00', NULL, NULL),
(4976, 883, 3, 28, '193.00', NULL, NULL),
(4977, 475, 3, 12, '173.00', NULL, NULL),
(4978, 425, 5, 11, '144.00', NULL, NULL),
(4979, 508, 6, 25, '167.00', NULL, NULL),
(4980, 600, 3, 28, '67.00', NULL, NULL),
(4981, 198, 2, 12, '60.00', NULL, NULL),
(4982, 399, 5, 16, '33.00', NULL, NULL),
(4983, 518, 2, 25, '136.00', NULL, NULL),
(4984, 350, 2, 19, '125.00', NULL, NULL),
(4985, 354, 1, 16, '118.00', NULL, NULL),
(4986, 934, 7, 11, '49.00', NULL, NULL),
(4987, 1075, 5, 29, '147.00', NULL, NULL),
(4988, 948, 7, 18, '92.00', NULL, NULL),
(4989, 410, 5, 19, '28.00', NULL, NULL),
(4990, 1070, 1, 21, '165.00', NULL, NULL),
(4991, 485, 9, 17, '158.00', NULL, NULL),
(4992, 417, 6, 20, '116.00', NULL, NULL),
(4993, 1080, 1, 18, '134.00', NULL, NULL),
(4994, 367, 3, 16, '41.00', NULL, NULL),
(4995, 937, 9, 26, '127.00', NULL, NULL),
(4996, 681, 5, 11, '146.00', NULL, NULL),
(4997, 135, 3, 21, '94.00', NULL, NULL),
(4998, 302, 1, 5, '26.00', NULL, NULL),
(4999, 118, 8, 14, '69.00', NULL, NULL),
(5000, 260, 6, 16, '200.00', NULL, NULL),
(5001, 284, 5, 7, '185.00', NULL, NULL),
(5002, 422, 2, 6, '106.00', NULL, NULL),
(5003, 348, 8, 20, '172.00', NULL, NULL),
(5004, 1044, 3, 22, '73.00', NULL, NULL),
(5005, 861, 3, 27, '35.00', NULL, NULL),
(5006, 326, 8, 5, '107.00', NULL, NULL),
(5007, 1062, 3, 23, '133.00', NULL, NULL),
(5008, 845, 1, 29, '18.00', NULL, NULL),
(5009, 861, 7, 29, '135.00', NULL, NULL),
(5010, 260, 3, 15, '100.00', NULL, NULL),
(5011, 832, 5, 5, '52.00', NULL, NULL),
(5012, 752, 10, 30, '114.00', NULL, NULL),
(5013, 969, 7, 28, '40.00', NULL, NULL),
(5014, 187, 7, 11, '52.00', NULL, NULL),
(5015, 504, 3, 28, '19.00', NULL, NULL),
(5016, 1068, 8, 20, '157.00', NULL, NULL),
(5017, 577, 9, 8, '189.00', NULL, NULL),
(5018, 462, 6, 24, '161.00', NULL, NULL),
(5019, 843, 10, 13, '55.00', NULL, NULL),
(5020, 353, 7, 19, '108.00', NULL, NULL),
(5021, 951, 1, 23, '195.00', NULL, NULL),
(5022, 726, 2, 28, '90.00', NULL, NULL),
(5023, 876, 7, 13, '91.00', NULL, NULL),
(5024, 919, 8, 13, '124.00', NULL, NULL),
(5025, 543, 1, 11, '90.00', NULL, NULL),
(5026, 321, 9, 26, '57.00', NULL, NULL),
(5027, 157, 4, 18, '94.00', NULL, NULL),
(5028, 742, 7, 9, '166.00', NULL, NULL),
(5029, 652, 10, 24, '75.00', NULL, NULL),
(5030, 608, 5, 8, '70.00', NULL, NULL),
(5031, 658, 2, 7, '11.00', NULL, NULL),
(5032, 1053, 7, 22, '96.00', NULL, NULL),
(5033, 696, 7, 15, '197.00', NULL, NULL),
(5034, 775, 6, 30, '48.00', NULL, NULL),
(5035, 130, 5, 9, '35.00', NULL, NULL),
(5036, 648, 6, 18, '61.00', NULL, NULL),
(5037, 804, 2, 30, '159.00', NULL, NULL),
(5038, 414, 7, 19, '70.00', NULL, NULL),
(5039, 705, 7, 11, '79.00', NULL, NULL),
(5040, 1015, 9, 7, '97.00', NULL, NULL),
(5041, 452, 2, 18, '151.00', NULL, NULL),
(5042, 658, 2, 16, '85.00', NULL, NULL),
(5043, 523, 9, 24, '37.00', NULL, NULL),
(5044, 434, 5, 15, '131.00', NULL, NULL),
(5045, 451, 1, 30, '180.00', NULL, NULL),
(5046, 231, 9, 12, '190.00', NULL, NULL),
(5047, 361, 2, 11, '53.00', NULL, NULL),
(5048, 919, 6, 16, '146.00', NULL, NULL),
(5049, 1050, 8, 8, '78.00', NULL, NULL),
(5050, 760, 8, 27, '28.00', NULL, NULL),
(5051, 478, 9, 9, '64.00', NULL, NULL),
(5052, 1059, 3, 10, '81.00', NULL, NULL),
(5053, 317, 2, 24, '187.00', NULL, NULL),
(5054, 416, 3, 5, '153.00', NULL, NULL),
(5055, 421, 3, 9, '167.00', NULL, NULL),
(5056, 664, 5, 17, '103.00', NULL, NULL),
(5057, 144, 8, 21, '187.00', NULL, NULL),
(5058, 808, 2, 8, '196.00', NULL, NULL),
(5059, 269, 10, 22, '101.00', NULL, NULL),
(5060, 1094, 3, 23, '135.00', NULL, NULL),
(5061, 924, 9, 17, '67.00', NULL, NULL),
(5062, 902, 4, 14, '41.00', NULL, NULL),
(5063, 839, 8, 10, '32.00', NULL, NULL),
(5064, 480, 8, 27, '175.00', NULL, NULL),
(5065, 1009, 10, 27, '108.00', NULL, NULL),
(5066, 1122, 1, 17, '69.00', NULL, NULL),
(5067, 115, 9, 6, '79.00', NULL, NULL),
(5068, 717, 10, 21, '119.00', NULL, NULL),
(5069, 739, 8, 25, '117.00', NULL, NULL),
(5070, 988, 8, 8, '44.00', NULL, NULL),
(5071, 961, 5, 15, '40.00', NULL, NULL),
(5072, 473, 8, 23, '128.00', NULL, NULL),
(5073, 136, 4, 10, '185.00', NULL, NULL),
(5074, 1077, 1, 5, '147.00', NULL, NULL),
(5075, 1121, 7, 18, '162.00', NULL, NULL),
(5076, 241, 1, 21, '26.00', NULL, NULL),
(5077, 320, 8, 18, '128.00', NULL, NULL),
(5078, 857, 8, 15, '133.00', NULL, NULL),
(5079, 809, 5, 29, '97.00', NULL, NULL),
(5080, 643, 5, 10, '93.00', NULL, NULL),
(5081, 872, 3, 20, '158.00', NULL, NULL),
(5082, 940, 7, 25, '113.00', NULL, NULL),
(5083, 936, 6, 29, '158.00', NULL, NULL),
(5084, 391, 9, 19, '14.00', NULL, NULL),
(5085, 1025, 9, 10, '164.00', NULL, NULL),
(5086, 981, 8, 22, '133.00', NULL, NULL),
(5087, 839, 2, 22, '165.00', NULL, NULL),
(5088, 240, 7, 5, '22.00', NULL, NULL),
(5089, 487, 4, 30, '37.00', NULL, NULL),
(5090, 504, 8, 8, '172.00', NULL, NULL),
(5091, 330, 10, 26, '198.00', NULL, NULL),
(5092, 917, 10, 20, '144.00', NULL, NULL),
(5093, 474, 2, 12, '199.00', NULL, NULL),
(5094, 659, 5, 6, '184.00', NULL, NULL),
(5095, 244, 7, 23, '189.00', NULL, NULL),
(5096, 1047, 9, 13, '76.00', NULL, NULL),
(5097, 534, 2, 20, '96.00', NULL, NULL),
(5098, 981, 3, 16, '105.00', NULL, NULL),
(5099, 766, 8, 23, '183.00', NULL, NULL),
(5100, 1069, 10, 8, '85.00', NULL, NULL),
(5101, 928, 4, 19, '103.00', NULL, NULL),
(5102, 1039, 1, 7, '21.00', NULL, NULL),
(5103, 488, 8, 12, '97.00', NULL, NULL),
(5104, 1056, 7, 9, '144.00', NULL, NULL),
(5105, 541, 4, 19, '96.00', NULL, NULL),
(5106, 927, 10, 26, '52.00', NULL, NULL),
(5107, 226, 2, 20, '24.00', NULL, NULL),
(5108, 554, 2, 30, '169.00', NULL, NULL),
(5109, 460, 4, 20, '170.00', NULL, NULL),
(5110, 781, 7, 28, '176.00', NULL, NULL),
(5111, 344, 2, 29, '192.00', NULL, NULL),
(5112, 617, 6, 22, '54.00', NULL, NULL),
(5113, 651, 6, 6, '112.00', NULL, NULL),
(5114, 689, 2, 15, '165.00', NULL, NULL),
(5115, 318, 7, 26, '108.00', NULL, NULL),
(5116, 259, 7, 10, '23.00', NULL, NULL),
(5117, 897, 2, 5, '44.00', NULL, NULL),
(5118, 850, 2, 18, '66.00', NULL, NULL),
(5119, 374, 4, 20, '61.00', NULL, NULL),
(5120, 666, 10, 25, '122.00', NULL, NULL),
(5121, 730, 6, 10, '176.00', NULL, NULL),
(5122, 177, 7, 12, '187.00', NULL, NULL),
(5123, 927, 8, 24, '68.00', NULL, NULL),
(5124, 717, 10, 15, '135.00', NULL, NULL),
(5125, 753, 3, 24, '51.00', NULL, NULL),
(5126, 872, 2, 11, '21.00', NULL, NULL),
(5127, 823, 8, 21, '29.00', NULL, NULL),
(5128, 743, 1, 20, '54.00', NULL, NULL),
(5129, 307, 7, 8, '175.00', NULL, NULL),
(5130, 688, 1, 15, '124.00', NULL, NULL),
(5131, 1048, 6, 23, '173.00', NULL, NULL),
(5132, 629, 6, 29, '16.00', NULL, NULL),
(5133, 606, 7, 20, '143.00', NULL, NULL),
(5134, 237, 7, 27, '114.00', NULL, NULL),
(5135, 1089, 5, 21, '156.00', NULL, NULL),
(5136, 789, 10, 19, '121.00', NULL, NULL),
(5137, 1071, 5, 16, '14.00', NULL, NULL),
(5138, 1056, 10, 21, '37.00', NULL, NULL),
(5139, 387, 4, 23, '68.00', NULL, NULL),
(5140, 530, 8, 25, '71.00', NULL, NULL),
(5141, 1058, 3, 29, '82.00', NULL, NULL),
(5142, 819, 4, 17, '186.00', NULL, NULL),
(5143, 1007, 8, 29, '198.00', NULL, NULL),
(5144, 1061, 10, 7, '135.00', NULL, NULL),
(5145, 1096, 7, 26, '188.00', NULL, NULL),
(5146, 263, 4, 17, '107.00', NULL, NULL),
(5147, 431, 8, 26, '121.00', NULL, NULL),
(5148, 869, 2, 27, '81.00', NULL, NULL),
(5149, 426, 8, 13, '169.00', NULL, NULL),
(5150, 546, 1, 15, '44.00', NULL, NULL),
(5151, 393, 5, 27, '127.00', NULL, NULL),
(5152, 1024, 1, 30, '50.00', NULL, NULL),
(5153, 944, 7, 9, '84.00', NULL, NULL),
(5154, 856, 4, 5, '113.00', NULL, NULL),
(5155, 883, 5, 19, '37.00', NULL, NULL),
(5156, 800, 4, 17, '35.00', NULL, NULL),
(5157, 1050, 9, 6, '185.00', NULL, NULL),
(5158, 1066, 6, 21, '130.00', NULL, NULL),
(5159, 192, 1, 25, '21.00', NULL, NULL),
(5160, 167, 10, 8, '140.00', NULL, NULL),
(5161, 729, 4, 22, '129.00', NULL, NULL),
(5162, 989, 9, 15, '151.00', NULL, NULL),
(5163, 707, 5, 23, '69.00', NULL, NULL),
(5164, 911, 8, 6, '93.00', NULL, NULL),
(5165, 1087, 3, 26, '160.00', NULL, NULL),
(5166, 702, 10, 7, '68.00', NULL, NULL),
(5167, 870, 2, 25, '139.00', NULL, NULL),
(5168, 529, 3, 21, '132.00', NULL, NULL),
(5169, 1018, 6, 23, '10.00', NULL, NULL),
(5170, 768, 8, 15, '162.00', NULL, NULL),
(5171, 153, 5, 5, '74.00', NULL, NULL),
(5172, 1072, 3, 13, '146.00', NULL, NULL),
(5173, 217, 8, 30, '145.00', NULL, NULL),
(5174, 360, 9, 21, '111.00', NULL, NULL),
(5175, 1094, 6, 26, '151.00', NULL, NULL),
(5176, 899, 9, 20, '126.00', NULL, NULL),
(5177, 627, 6, 8, '86.00', NULL, NULL),
(5178, 634, 1, 18, '154.00', NULL, NULL),
(5179, 529, 6, 14, '63.00', NULL, NULL),
(5180, 771, 6, 14, '122.00', NULL, NULL),
(5181, 658, 5, 18, '85.00', NULL, NULL),
(5182, 282, 1, 15, '77.00', NULL, NULL),
(5183, 617, 6, 21, '183.00', NULL, NULL),
(5184, 177, 10, 27, '99.00', NULL, NULL),
(5185, 197, 7, 30, '101.00', NULL, NULL),
(5186, 422, 6, 12, '194.00', NULL, NULL),
(5187, 343, 3, 23, '10.00', NULL, NULL),
(5188, 640, 7, 10, '136.00', NULL, NULL),
(5189, 969, 4, 24, '126.00', NULL, NULL),
(5190, 1095, 3, 22, '188.00', NULL, NULL),
(5191, 285, 2, 7, '55.00', NULL, NULL),
(5192, 463, 1, 6, '74.00', NULL, NULL),
(5193, 347, 8, 29, '145.00', NULL, NULL),
(5194, 710, 3, 9, '46.00', NULL, NULL),
(5195, 925, 4, 15, '54.00', NULL, NULL),
(5196, 344, 10, 7, '159.00', NULL, NULL),
(5197, 272, 2, 26, '51.00', NULL, NULL),
(5198, 1045, 6, 25, '165.00', NULL, NULL),
(5199, 174, 1, 19, '37.00', NULL, NULL),
(5200, 273, 8, 11, '67.00', NULL, NULL),
(5201, 755, 1, 21, '105.00', NULL, NULL),
(5202, 402, 7, 11, '195.00', NULL, NULL),
(5203, 421, 2, 30, '47.00', NULL, NULL),
(5204, 859, 4, 26, '31.00', NULL, NULL),
(5205, 511, 1, 18, '92.00', NULL, NULL),
(5206, 880, 10, 19, '96.00', NULL, NULL),
(5207, 911, 2, 17, '143.00', NULL, NULL),
(5208, 635, 9, 25, '150.00', NULL, NULL),
(5209, 276, 9, 23, '70.00', NULL, NULL),
(5210, 398, 8, 17, '191.00', NULL, NULL),
(5211, 517, 6, 5, '175.00', NULL, NULL),
(5212, 587, 1, 12, '50.00', NULL, NULL),
(5213, 1085, 7, 25, '179.00', NULL, NULL),
(5214, 274, 1, 29, '101.00', NULL, NULL),
(5215, 991, 6, 11, '163.00', NULL, NULL),
(5216, 635, 3, 28, '181.00', NULL, NULL),
(5217, 702, 2, 14, '109.00', NULL, NULL),
(5218, 509, 6, 25, '160.00', NULL, NULL),
(5219, 783, 1, 5, '81.00', NULL, NULL),
(5220, 188, 5, 29, '146.00', NULL, NULL),
(5221, 1072, 9, 18, '156.00', NULL, NULL),
(5222, 1029, 8, 20, '112.00', NULL, NULL),
(5223, 126, 6, 25, '133.00', NULL, NULL),
(5224, 451, 1, 8, '39.00', NULL, NULL),
(5225, 1091, 10, 14, '29.00', NULL, NULL),
(5226, 943, 1, 8, '61.00', NULL, NULL),
(5227, 1021, 9, 25, '117.00', NULL, NULL),
(5228, 664, 3, 9, '20.00', NULL, NULL),
(5229, 155, 5, 28, '140.00', NULL, NULL),
(5230, 977, 6, 6, '128.00', NULL, NULL),
(5231, 540, 4, 7, '76.00', NULL, NULL),
(5232, 610, 9, 23, '26.00', NULL, NULL),
(5233, 737, 1, 11, '57.00', NULL, NULL),
(5234, 936, 6, 19, '43.00', NULL, NULL),
(5235, 286, 8, 5, '137.00', NULL, NULL),
(5236, 1107, 9, 12, '55.00', NULL, NULL),
(5237, 481, 8, 9, '147.00', NULL, NULL),
(5238, 228, 8, 6, '69.00', NULL, NULL),
(5239, 1052, 6, 12, '106.00', NULL, NULL),
(5240, 941, 8, 23, '157.00', NULL, NULL),
(5241, 586, 3, 11, '11.00', NULL, NULL),
(5242, 1063, 6, 8, '144.00', NULL, NULL),
(5243, 1086, 6, 20, '22.00', NULL, NULL),
(5244, 574, 8, 15, '36.00', NULL, NULL),
(5245, 1046, 6, 12, '148.00', NULL, NULL),
(5246, 740, 7, 23, '134.00', NULL, NULL),
(5247, 415, 5, 19, '107.00', NULL, NULL),
(5248, 767, 7, 21, '78.00', NULL, NULL),
(5249, 445, 10, 11, '81.00', NULL, NULL),
(5250, 836, 2, 16, '101.00', NULL, NULL),
(5251, 768, 5, 22, '105.00', NULL, NULL),
(5252, 321, 4, 19, '200.00', NULL, NULL),
(5253, 371, 2, 29, '58.00', NULL, NULL),
(5254, 905, 5, 7, '196.00', NULL, NULL),
(5255, 703, 6, 6, '34.00', NULL, NULL),
(5256, 414, 2, 9, '21.00', NULL, NULL),
(5257, 222, 3, 22, '170.00', NULL, NULL),
(5258, 911, 7, 28, '101.00', NULL, NULL),
(5259, 328, 2, 5, '63.00', NULL, NULL),
(5260, 131, 8, 16, '94.00', NULL, NULL),
(5261, 772, 1, 20, '184.00', NULL, NULL),
(5262, 793, 2, 6, '68.00', NULL, NULL),
(5263, 943, 3, 25, '135.00', NULL, NULL),
(5264, 941, 10, 22, '36.00', NULL, NULL),
(5265, 960, 8, 27, '165.00', NULL, NULL),
(5266, 930, 3, 24, '179.00', NULL, NULL),
(5267, 581, 6, 13, '93.00', NULL, NULL),
(5268, 591, 2, 19, '137.00', NULL, NULL),
(5269, 983, 3, 24, '128.00', NULL, NULL),
(5270, 879, 8, 18, '175.00', NULL, NULL),
(5271, 925, 9, 8, '23.00', NULL, NULL),
(5272, 266, 2, 18, '16.00', NULL, NULL),
(5273, 710, 10, 28, '120.00', NULL, NULL),
(5274, 319, 2, 13, '131.00', NULL, NULL),
(5275, 902, 6, 23, '128.00', NULL, NULL),
(5276, 217, 10, 11, '43.00', NULL, NULL),
(5277, 508, 7, 15, '190.00', NULL, NULL),
(5278, 663, 3, 13, '105.00', NULL, NULL),
(5279, 775, 10, 14, '119.00', NULL, NULL),
(5280, 625, 9, 6, '34.00', NULL, NULL),
(5281, 920, 9, 11, '97.00', NULL, NULL),
(5282, 666, 1, 21, '46.00', NULL, NULL),
(5283, 769, 6, 18, '42.00', NULL, NULL),
(5284, 297, 3, 18, '112.00', NULL, NULL),
(5285, 358, 7, 18, '197.00', NULL, NULL),
(5286, 988, 10, 13, '170.00', NULL, NULL),
(5287, 1045, 4, 30, '46.00', NULL, NULL),
(5288, 679, 6, 18, '90.00', NULL, NULL),
(5289, 802, 1, 28, '32.00', NULL, NULL),
(5290, 273, 10, 26, '182.00', NULL, NULL),
(5291, 646, 9, 17, '139.00', NULL, NULL),
(5292, 1056, 9, 16, '96.00', NULL, NULL),
(5293, 689, 8, 10, '82.00', NULL, NULL),
(5294, 152, 2, 20, '130.00', NULL, NULL),
(5295, 902, 8, 22, '131.00', NULL, NULL),
(5296, 214, 5, 21, '28.00', NULL, NULL),
(5297, 317, 7, 7, '129.00', NULL, NULL),
(5298, 661, 6, 17, '149.00', NULL, NULL),
(5299, 963, 6, 11, '57.00', NULL, NULL),
(5300, 202, 4, 30, '146.00', NULL, NULL),
(5301, 386, 6, 5, '147.00', NULL, NULL),
(5302, 211, 3, 16, '184.00', NULL, NULL),
(5303, 714, 5, 7, '166.00', NULL, NULL),
(5304, 1020, 10, 15, '84.00', NULL, NULL),
(5305, 961, 10, 22, '128.00', NULL, NULL),
(5306, 721, 3, 28, '153.00', NULL, NULL),
(5307, 131, 6, 25, '79.00', NULL, NULL),
(5308, 126, 4, 16, '122.00', NULL, NULL),
(5309, 593, 2, 29, '184.00', NULL, NULL),
(5310, 616, 6, 13, '86.00', NULL, NULL),
(5311, 846, 2, 20, '125.00', NULL, NULL),
(5312, 1092, 6, 13, '138.00', NULL, NULL),
(5313, 559, 6, 9, '73.00', NULL, NULL),
(5314, 391, 4, 27, '195.00', NULL, NULL),
(5315, 800, 10, 26, '125.00', NULL, NULL),
(5316, 437, 3, 28, '70.00', NULL, NULL),
(5317, 721, 2, 30, '136.00', NULL, NULL),
(5318, 406, 5, 12, '112.00', NULL, NULL),
(5319, 349, 5, 7, '125.00', NULL, NULL),
(5320, 999, 6, 13, '112.00', NULL, NULL),
(5321, 184, 6, 5, '85.00', NULL, NULL),
(5322, 989, 3, 18, '154.00', NULL, NULL),
(5323, 242, 4, 27, '130.00', NULL, NULL),
(5324, 974, 1, 18, '25.00', NULL, NULL),
(5325, 443, 1, 30, '193.00', NULL, NULL),
(5326, 261, 1, 29, '101.00', NULL, NULL),
(5327, 1068, 10, 14, '60.00', NULL, NULL),
(5328, 632, 8, 19, '94.00', NULL, NULL),
(5329, 686, 4, 13, '32.00', NULL, NULL),
(5330, 942, 7, 21, '152.00', NULL, NULL),
(5331, 408, 2, 17, '179.00', NULL, NULL),
(5332, 944, 10, 11, '112.00', NULL, NULL),
(5333, 839, 10, 18, '110.00', NULL, NULL),
(5334, 328, 1, 19, '135.00', NULL, NULL),
(5335, 389, 4, 9, '47.00', NULL, NULL),
(5336, 887, 2, 22, '190.00', NULL, NULL),
(5337, 1100, 5, 27, '130.00', NULL, NULL),
(5338, 935, 8, 16, '167.00', NULL, NULL),
(5339, 498, 9, 17, '78.00', NULL, NULL),
(5340, 294, 8, 27, '159.00', NULL, NULL),
(5341, 275, 3, 8, '137.00', NULL, NULL),
(5342, 217, 3, 26, '118.00', NULL, NULL),
(5343, 700, 2, 19, '31.00', NULL, NULL),
(5344, 329, 5, 28, '41.00', NULL, NULL),
(5345, 850, 3, 19, '104.00', NULL, NULL),
(5346, 578, 9, 26, '84.00', NULL, NULL),
(5347, 845, 5, 13, '128.00', NULL, NULL),
(5348, 986, 2, 11, '111.00', NULL, NULL),
(5349, 544, 5, 9, '199.00', NULL, NULL),
(5350, 921, 6, 28, '153.00', NULL, NULL),
(5351, 367, 2, 7, '145.00', NULL, NULL),
(5352, 438, 5, 11, '179.00', NULL, NULL),
(5353, 1073, 6, 29, '148.00', NULL, NULL),
(5354, 406, 5, 21, '107.00', NULL, NULL),
(5355, 1018, 5, 20, '188.00', NULL, NULL),
(5356, 999, 3, 20, '45.00', NULL, NULL),
(5357, 840, 4, 6, '93.00', NULL, NULL),
(5358, 809, 4, 24, '81.00', NULL, NULL),
(5359, 769, 7, 22, '147.00', NULL, NULL),
(5360, 704, 7, 14, '85.00', NULL, NULL),
(5361, 285, 4, 16, '122.00', NULL, NULL),
(5362, 134, 6, 24, '72.00', NULL, NULL),
(5363, 312, 5, 13, '193.00', NULL, NULL),
(5364, 1096, 2, 13, '93.00', NULL, NULL),
(5365, 1071, 7, 24, '104.00', NULL, NULL),
(5366, 872, 5, 19, '20.00', NULL, NULL),
(5367, 764, 8, 17, '58.00', NULL, NULL),
(5368, 454, 7, 15, '160.00', NULL, NULL),
(5369, 410, 4, 13, '124.00', NULL, NULL),
(5370, 361, 3, 7, '153.00', NULL, NULL),
(5371, 466, 9, 28, '35.00', NULL, NULL),
(5372, 473, 10, 12, '54.00', NULL, NULL),
(5373, 307, 9, 16, '118.00', NULL, NULL),
(5374, 658, 10, 25, '103.00', NULL, NULL),
(5375, 189, 9, 21, '38.00', NULL, NULL),
(5376, 1003, 2, 6, '17.00', NULL, NULL),
(5377, 732, 10, 15, '84.00', NULL, NULL),
(5378, 1072, 8, 11, '126.00', NULL, NULL),
(5379, 778, 5, 19, '129.00', NULL, NULL),
(5380, 139, 2, 26, '48.00', NULL, NULL),
(5381, 278, 10, 6, '170.00', NULL, NULL),
(5382, 753, 3, 15, '140.00', NULL, NULL),
(5383, 529, 4, 23, '94.00', NULL, NULL),
(5384, 343, 8, 30, '192.00', NULL, NULL),
(5385, 1093, 2, 25, '45.00', NULL, NULL),
(5386, 467, 2, 27, '92.00', NULL, NULL),
(5387, 446, 10, 25, '54.00', NULL, NULL),
(5388, 461, 3, 23, '52.00', NULL, NULL),
(5389, 783, 1, 27, '63.00', NULL, NULL),
(5390, 389, 1, 8, '30.00', NULL, NULL),
(5391, 243, 10, 28, '188.00', NULL, NULL),
(5392, 509, 5, 17, '15.00', NULL, NULL),
(5393, 146, 6, 18, '131.00', NULL, NULL),
(5394, 439, 5, 18, '152.00', NULL, NULL),
(5395, 264, 1, 9, '129.00', NULL, NULL),
(5396, 403, 9, 12, '67.00', NULL, NULL),
(5397, 1087, 10, 26, '180.00', NULL, NULL),
(5398, 1033, 1, 22, '86.00', NULL, NULL),
(5399, 447, 7, 8, '32.00', NULL, NULL),
(5400, 232, 1, 13, '49.00', NULL, NULL),
(5401, 468, 10, 19, '74.00', NULL, NULL),
(5402, 380, 10, 26, '171.00', NULL, NULL),
(5403, 143, 2, 14, '16.00', NULL, NULL),
(5404, 752, 7, 18, '56.00', NULL, NULL),
(5405, 1052, 3, 19, '95.00', NULL, NULL),
(5406, 797, 8, 28, '70.00', NULL, NULL),
(5407, 685, 6, 24, '30.00', NULL, NULL),
(5408, 1103, 5, 19, '75.00', NULL, NULL),
(5409, 629, 10, 16, '17.00', NULL, NULL),
(5410, 620, 9, 24, '100.00', NULL, NULL),
(5411, 618, 1, 7, '98.00', NULL, NULL),
(5412, 154, 5, 18, '126.00', NULL, NULL),
(5413, 594, 2, 12, '139.00', NULL, NULL),
(5414, 369, 7, 18, '139.00', NULL, NULL),
(5415, 701, 4, 13, '109.00', NULL, NULL),
(5416, 509, 4, 7, '190.00', NULL, NULL),
(5417, 996, 5, 25, '139.00', NULL, NULL),
(5418, 1126, 1, 15, '0.00', '2023-03-08 14:15:12', '2023-03-08 14:15:12'),
(5419, 1127, 1, 5, '158.00', '2023-03-08 14:15:12', '2023-03-08 14:15:12'),
(5420, 1128, 1, 27, '75.00', '2023-03-08 14:15:12', '2023-03-08 14:15:12'),
(5421, 1129, 1, 9, '38.00', '2023-03-08 14:15:12', '2023-03-08 14:15:12'),
(5422, 1130, 1, 12, '104.00', '2023-03-08 14:15:12', '2023-03-08 14:15:12'),
(5423, 1131, 1, 17, '96.00', '2023-03-08 14:15:12', '2023-03-08 14:15:12'),
(5424, 1132, 1, 16, '94.00', '2023-03-08 14:15:12', '2023-03-08 14:15:12'),
(5425, 1133, 1, 12, '108.00', '2023-03-08 14:20:19', '2023-03-08 14:20:19'),
(5426, 1133, 2, 6, '58.00', '2023-03-08 14:20:19', '2023-03-08 14:20:19'),
(5427, 1134, 1, 7, '71.00', '2023-03-08 14:20:19', '2023-03-08 14:20:19'),
(5428, 1134, 2, 18, '134.00', '2023-03-08 14:20:19', '2023-03-08 14:20:19'),
(5429, 1134, 3, 10, '66.00', '2023-03-08 14:20:19', '2023-03-08 14:20:19'),
(5430, 1134, 4, 23, '158.00', '2023-03-08 14:20:19', '2023-03-08 14:20:19'),
(5431, 1134, 5, 19, '43.00', '2023-03-08 14:20:19', '2023-03-08 14:20:19'),
(5432, 1135, 1, 12, '168.00', '2023-03-08 14:20:19', '2023-03-08 14:20:19'),
(5433, 1135, 2, 7, '39.00', '2023-03-08 14:20:19', '2023-03-08 14:20:19'),
(5434, 1135, 3, 11, '71.00', '2023-03-08 14:20:19', '2023-03-08 14:20:19'),
(5435, 1135, 4, 25, '163.00', '2023-03-08 14:20:19', '2023-03-08 14:20:19'),
(5436, 1135, 5, 26, '151.00', '2023-03-08 14:20:19', '2023-03-08 14:20:19'),
(5437, 1135, 6, 18, '126.00', '2023-03-08 14:20:19', '2023-03-08 14:20:19'),
(5438, 1136, 1, 15, '79.00', '2023-03-08 14:20:19', '2023-03-08 14:20:19'),
(5439, 1136, 2, 18, '85.00', '2023-03-08 14:20:19', '2023-03-08 14:20:19'),
(5440, 1136, 3, 24, '54.00', '2023-03-08 14:20:19', '2023-03-08 14:20:19'),
(5441, 1137, 1, 7, '27.00', '2023-03-08 14:20:19', '2023-03-08 14:20:19'),
(5442, 1137, 2, 20, '184.00', '2023-03-08 14:20:19', '2023-03-08 14:20:19'),
(5443, 1137, 3, 20, '97.00', '2023-03-08 14:20:19', '2023-03-08 14:20:19');
INSERT INTO `set_reps` (`id`, `idTrainings_Exercise`, `num_of_set`, `num_of_reps`, `weight`, `updated_at`, `created_at`) VALUES
(5444, 1137, 4, 21, '29.00', '2023-03-08 14:20:19', '2023-03-08 14:20:19'),
(5445, 1137, 5, 14, '114.00', '2023-03-08 14:20:19', '2023-03-08 14:20:19'),
(5446, 1137, 6, 27, '51.00', '2023-03-08 14:20:19', '2023-03-08 14:20:19'),
(5447, 1137, 7, 11, '160.00', '2023-03-08 14:20:19', '2023-03-08 14:20:19'),
(5448, 1137, 8, 28, '117.00', '2023-03-08 14:20:19', '2023-03-08 14:20:19'),
(5449, 1137, 9, 21, '152.00', '2023-03-08 14:20:19', '2023-03-08 14:20:19'),
(5450, 1138, 1, 20, '24.00', '2023-03-08 14:20:19', '2023-03-08 14:20:19'),
(5451, 1138, 2, 26, '83.00', '2023-03-08 14:20:19', '2023-03-08 14:20:19'),
(5452, 1138, 3, 23, '103.00', '2023-03-08 14:20:19', '2023-03-08 14:20:19'),
(5453, 1138, 4, 28, '158.00', '2023-03-08 14:20:19', '2023-03-08 14:20:19'),
(5454, 1139, 1, 21, '66.00', '2023-03-08 14:20:20', '2023-03-08 14:20:20'),
(5455, 1139, 2, 13, '55.00', '2023-03-08 14:20:20', '2023-03-08 14:20:20'),
(5456, 1139, 3, 29, '83.00', '2023-03-08 14:20:20', '2023-03-08 14:20:20'),
(5457, 1139, 4, 21, '92.00', '2023-03-08 14:20:20', '2023-03-08 14:20:20'),
(5458, 1139, 5, 19, '83.00', '2023-03-08 14:20:20', '2023-03-08 14:20:20'),
(5459, 1139, 6, 30, '125.00', '2023-03-08 14:20:20', '2023-03-08 14:20:20'),
(5460, 1139, 7, 5, '29.00', '2023-03-08 14:20:20', '2023-03-08 14:20:20'),
(5461, 1139, 8, 23, '52.00', '2023-03-08 14:20:20', '2023-03-08 14:20:20'),
(5462, 1140, 1, 15, '0.00', '2023-03-08 14:20:44', '2023-03-08 14:20:44'),
(5463, 1141, 1, 5, '158.00', '2023-03-08 14:20:44', '2023-03-08 14:20:44'),
(5464, 1142, 1, 12, '104.00', '2023-03-08 14:20:44', '2023-03-08 14:20:44'),
(5465, 1143, 1, 27, '75.00', '2023-03-08 14:20:44', '2023-03-08 14:20:44'),
(5466, 1144, 1, 9, '38.00', '2023-03-08 14:20:44', '2023-03-08 14:20:44'),
(5467, 1145, 1, 24, '34.00', '2023-03-08 14:20:44', '2023-03-08 14:20:44'),
(5468, 1145, 2, 26, '183.00', '2023-03-08 14:20:44', '2023-03-08 14:20:44'),
(5469, 1145, 3, 14, '29.00', '2023-03-08 14:20:44', '2023-03-08 14:20:44'),
(5470, 1145, 4, 27, '197.00', '2023-03-08 14:20:44', '2023-03-08 14:20:44'),
(5471, 1145, 5, 20, '160.00', '2023-03-08 14:20:44', '2023-03-08 14:20:44'),
(5472, 1145, 6, 14, '48.00', '2023-03-08 14:20:44', '2023-03-08 14:20:44'),
(5473, 1145, 7, 21, '78.00', '2023-03-08 14:20:44', '2023-03-08 14:20:44'),
(5474, 1146, 1, 12, '37.00', '2023-03-08 14:20:44', '2023-03-08 14:20:44'),
(5475, 1146, 2, 21, '114.00', '2023-03-08 14:20:44', '2023-03-08 14:20:44'),
(5476, 1146, 3, 28, '157.00', '2023-03-08 14:20:44', '2023-03-08 14:20:44'),
(5477, 1146, 4, 25, '18.00', '2023-03-08 14:20:44', '2023-03-08 14:20:44'),
(5478, 1146, 5, 22, '171.00', '2023-03-08 14:20:44', '2023-03-08 14:20:44'),
(5479, 1147, 1, 12, '108.00', '2023-03-08 14:21:23', '2023-03-08 14:21:23'),
(5480, 1147, 2, 6, '58.00', '2023-03-08 14:21:23', '2023-03-08 14:21:23'),
(5481, 1148, 1, 24, '34.00', '2023-03-08 14:21:23', '2023-03-08 14:21:23'),
(5482, 1148, 2, 26, '183.00', '2023-03-08 14:21:23', '2023-03-08 14:21:23'),
(5483, 1148, 3, 14, '29.00', '2023-03-08 14:21:23', '2023-03-08 14:21:23'),
(5484, 1148, 4, 27, '197.00', '2023-03-08 14:21:23', '2023-03-08 14:21:23'),
(5485, 1148, 5, 20, '160.00', '2023-03-08 14:21:23', '2023-03-08 14:21:23'),
(5486, 1148, 6, 14, '48.00', '2023-03-08 14:21:23', '2023-03-08 14:21:23'),
(5487, 1148, 7, 21, '78.00', '2023-03-08 14:21:23', '2023-03-08 14:21:23'),
(5488, 1149, 1, 12, '168.00', '2023-03-08 14:21:23', '2023-03-08 14:21:23'),
(5489, 1149, 2, 7, '39.00', '2023-03-08 14:21:23', '2023-03-08 14:21:23'),
(5490, 1149, 3, 11, '71.00', '2023-03-08 14:21:23', '2023-03-08 14:21:23'),
(5491, 1149, 4, 25, '163.00', '2023-03-08 14:21:23', '2023-03-08 14:21:23'),
(5492, 1149, 5, 26, '151.00', '2023-03-08 14:21:23', '2023-03-08 14:21:23'),
(5493, 1149, 6, 18, '126.00', '2023-03-08 14:21:23', '2023-03-08 14:21:23'),
(5494, 1150, 1, 15, '79.00', '2023-03-08 14:21:23', '2023-03-08 14:21:23'),
(5495, 1150, 2, 18, '85.00', '2023-03-08 14:21:23', '2023-03-08 14:21:23'),
(5496, 1150, 3, 24, '54.00', '2023-03-08 14:21:23', '2023-03-08 14:21:23'),
(5497, 1151, 1, 7, '27.00', '2023-03-08 14:21:23', '2023-03-08 14:21:23'),
(5498, 1151, 2, 20, '184.00', '2023-03-08 14:21:23', '2023-03-08 14:21:23'),
(5499, 1151, 3, 20, '97.00', '2023-03-08 14:21:23', '2023-03-08 14:21:23'),
(5500, 1151, 4, 21, '29.00', '2023-03-08 14:21:23', '2023-03-08 14:21:23'),
(5501, 1151, 5, 14, '114.00', '2023-03-08 14:21:23', '2023-03-08 14:21:23'),
(5502, 1151, 6, 27, '51.00', '2023-03-08 14:21:23', '2023-03-08 14:21:23'),
(5503, 1151, 7, 11, '160.00', '2023-03-08 14:21:23', '2023-03-08 14:21:23'),
(5504, 1151, 8, 28, '117.00', '2023-03-08 14:21:23', '2023-03-08 14:21:23'),
(5505, 1151, 9, 21, '152.00', '2023-03-08 14:21:23', '2023-03-08 14:21:23'),
(5506, 1152, 1, 26, '77.00', '2023-03-08 14:21:23', '2023-03-08 14:21:23'),
(5507, 1152, 2, 27, '179.00', '2023-03-08 14:21:23', '2023-03-08 14:21:23'),
(5508, 1152, 3, 13, '141.00', '2023-03-08 14:21:23', '2023-03-08 14:21:23'),
(5509, 1152, 4, 7, '41.00', '2023-03-08 14:21:23', '2023-03-08 14:21:23'),
(5510, 1152, 5, 20, '40.00', '2023-03-08 14:21:23', '2023-03-08 14:21:23'),
(5511, 1152, 6, 18, '55.00', '2023-03-08 14:21:23', '2023-03-08 14:21:23'),
(5512, 1152, 7, 28, '89.00', '2023-03-08 14:21:23', '2023-03-08 14:21:23'),
(5513, 1152, 8, 11, '54.00', '2023-03-08 14:21:23', '2023-03-08 14:21:23'),
(5514, 1153, 1, 21, '66.00', '2023-03-08 14:21:23', '2023-03-08 14:21:23'),
(5515, 1153, 2, 13, '55.00', '2023-03-08 14:21:23', '2023-03-08 14:21:23'),
(5516, 1153, 3, 29, '83.00', '2023-03-08 14:21:23', '2023-03-08 14:21:23'),
(5517, 1153, 4, 21, '92.00', '2023-03-08 14:21:23', '2023-03-08 14:21:23'),
(5518, 1153, 5, 19, '83.00', '2023-03-08 14:21:23', '2023-03-08 14:21:23'),
(5519, 1153, 6, 30, '125.00', '2023-03-08 14:21:23', '2023-03-08 14:21:23'),
(5520, 1153, 7, 5, '29.00', '2023-03-08 14:21:23', '2023-03-08 14:21:23'),
(5521, 1153, 8, 23, '52.00', '2023-03-08 14:21:23', '2023-03-08 14:21:23'),
(5522, 1154, 1, 12, '108.00', '2023-03-08 14:22:27', '2023-03-08 14:22:27'),
(5523, 1154, 2, 6, '58.00', '2023-03-08 14:22:27', '2023-03-08 14:22:27'),
(5524, 1155, 1, 24, '34.00', '2023-03-08 14:22:27', '2023-03-08 14:22:27'),
(5525, 1155, 2, 26, '183.00', '2023-03-08 14:22:27', '2023-03-08 14:22:27'),
(5526, 1155, 3, 14, '29.00', '2023-03-08 14:22:27', '2023-03-08 14:22:27'),
(5527, 1155, 4, 27, '197.00', '2023-03-08 14:22:27', '2023-03-08 14:22:27'),
(5528, 1155, 5, 20, '160.00', '2023-03-08 14:22:27', '2023-03-08 14:22:27'),
(5529, 1155, 6, 14, '48.00', '2023-03-08 14:22:27', '2023-03-08 14:22:27'),
(5530, 1155, 7, 21, '78.00', '2023-03-08 14:22:27', '2023-03-08 14:22:27'),
(5531, 1156, 1, 12, '168.00', '2023-03-08 14:22:27', '2023-03-08 14:22:27'),
(5532, 1156, 2, 7, '39.00', '2023-03-08 14:22:27', '2023-03-08 14:22:27'),
(5533, 1156, 3, 11, '71.00', '2023-03-08 14:22:27', '2023-03-08 14:22:27'),
(5534, 1156, 4, 25, '163.00', '2023-03-08 14:22:27', '2023-03-08 14:22:27'),
(5535, 1156, 5, 26, '151.00', '2023-03-08 14:22:27', '2023-03-08 14:22:27'),
(5536, 1156, 6, 18, '126.00', '2023-03-08 14:22:27', '2023-03-08 14:22:27'),
(5537, 1157, 1, 15, '79.00', '2023-03-08 14:22:27', '2023-03-08 14:22:27'),
(5538, 1157, 2, 18, '85.00', '2023-03-08 14:22:27', '2023-03-08 14:22:27'),
(5539, 1157, 3, 24, '54.00', '2023-03-08 14:22:27', '2023-03-08 14:22:27'),
(5540, 1158, 1, 7, '27.00', '2023-03-08 14:22:27', '2023-03-08 14:22:27'),
(5541, 1158, 2, 20, '184.00', '2023-03-08 14:22:27', '2023-03-08 14:22:27'),
(5542, 1158, 3, 20, '97.00', '2023-03-08 14:22:28', '2023-03-08 14:22:28'),
(5543, 1158, 4, 21, '29.00', '2023-03-08 14:22:28', '2023-03-08 14:22:28'),
(5544, 1158, 5, 14, '114.00', '2023-03-08 14:22:28', '2023-03-08 14:22:28'),
(5545, 1158, 6, 27, '51.00', '2023-03-08 14:22:28', '2023-03-08 14:22:28'),
(5546, 1158, 7, 11, '160.00', '2023-03-08 14:22:28', '2023-03-08 14:22:28'),
(5547, 1158, 8, 28, '117.00', '2023-03-08 14:22:28', '2023-03-08 14:22:28'),
(5548, 1158, 9, 21, '152.00', '2023-03-08 14:22:28', '2023-03-08 14:22:28'),
(5549, 1159, 1, 26, '77.00', '2023-03-08 14:22:28', '2023-03-08 14:22:28'),
(5550, 1159, 2, 27, '179.00', '2023-03-08 14:22:28', '2023-03-08 14:22:28'),
(5551, 1159, 3, 13, '141.00', '2023-03-08 14:22:28', '2023-03-08 14:22:28'),
(5552, 1159, 4, 7, '41.00', '2023-03-08 14:22:28', '2023-03-08 14:22:28'),
(5553, 1159, 5, 20, '40.00', '2023-03-08 14:22:28', '2023-03-08 14:22:28'),
(5554, 1159, 6, 18, '55.00', '2023-03-08 14:22:28', '2023-03-08 14:22:28'),
(5555, 1159, 7, 28, '89.00', '2023-03-08 14:22:28', '2023-03-08 14:22:28'),
(5556, 1159, 8, 11, '54.00', '2023-03-08 14:22:28', '2023-03-08 14:22:28'),
(5557, 1160, 1, 21, '66.00', '2023-03-08 14:22:28', '2023-03-08 14:22:28'),
(5558, 1160, 2, 13, '55.00', '2023-03-08 14:22:28', '2023-03-08 14:22:28'),
(5559, 1160, 3, 29, '83.00', '2023-03-08 14:22:28', '2023-03-08 14:22:28'),
(5560, 1160, 4, 21, '92.00', '2023-03-08 14:22:28', '2023-03-08 14:22:28'),
(5561, 1160, 5, 19, '83.00', '2023-03-08 14:22:28', '2023-03-08 14:22:28'),
(5562, 1160, 6, 30, '125.00', '2023-03-08 14:22:28', '2023-03-08 14:22:28'),
(5563, 1160, 7, 5, '29.00', '2023-03-08 14:22:28', '2023-03-08 14:22:28'),
(5564, 1160, 8, 23, '52.00', '2023-03-08 14:22:28', '2023-03-08 14:22:28'),
(5565, 1161, 1, 12, '108.00', '2023-03-08 14:23:04', '2023-03-08 14:23:04'),
(5566, 1161, 2, 6, '58.00', '2023-03-08 14:23:04', '2023-03-08 14:23:04'),
(5567, 1162, 1, 24, '34.00', '2023-03-08 14:23:04', '2023-03-08 14:23:04'),
(5568, 1162, 2, 26, '183.00', '2023-03-08 14:23:04', '2023-03-08 14:23:04'),
(5569, 1162, 3, 14, '29.00', '2023-03-08 14:23:04', '2023-03-08 14:23:04'),
(5570, 1162, 4, 27, '197.00', '2023-03-08 14:23:04', '2023-03-08 14:23:04'),
(5571, 1162, 5, 20, '160.00', '2023-03-08 14:23:04', '2023-03-08 14:23:04'),
(5572, 1162, 6, 14, '48.00', '2023-03-08 14:23:04', '2023-03-08 14:23:04'),
(5573, 1162, 7, 21, '78.00', '2023-03-08 14:23:04', '2023-03-08 14:23:04'),
(5574, 1163, 1, 12, '168.00', '2023-03-08 14:23:04', '2023-03-08 14:23:04'),
(5575, 1163, 2, 7, '39.00', '2023-03-08 14:23:04', '2023-03-08 14:23:04'),
(5576, 1163, 3, 11, '71.00', '2023-03-08 14:23:04', '2023-03-08 14:23:04'),
(5577, 1163, 4, 25, '163.00', '2023-03-08 14:23:04', '2023-03-08 14:23:04'),
(5578, 1163, 5, 26, '151.00', '2023-03-08 14:23:04', '2023-03-08 14:23:04'),
(5579, 1163, 6, 18, '126.00', '2023-03-08 14:23:04', '2023-03-08 14:23:04'),
(5580, 1164, 1, 15, '79.00', '2023-03-08 14:23:04', '2023-03-08 14:23:04'),
(5581, 1164, 2, 18, '85.00', '2023-03-08 14:23:04', '2023-03-08 14:23:04'),
(5582, 1164, 3, 24, '54.00', '2023-03-08 14:23:04', '2023-03-08 14:23:04'),
(5583, 1165, 1, 7, '27.00', '2023-03-08 14:23:04', '2023-03-08 14:23:04'),
(5584, 1165, 2, 20, '184.00', '2023-03-08 14:23:04', '2023-03-08 14:23:04'),
(5585, 1165, 3, 20, '97.00', '2023-03-08 14:23:04', '2023-03-08 14:23:04'),
(5586, 1165, 4, 21, '29.00', '2023-03-08 14:23:04', '2023-03-08 14:23:04'),
(5587, 1165, 5, 14, '114.00', '2023-03-08 14:23:04', '2023-03-08 14:23:04'),
(5588, 1165, 6, 27, '51.00', '2023-03-08 14:23:04', '2023-03-08 14:23:04'),
(5589, 1165, 7, 11, '160.00', '2023-03-08 14:23:04', '2023-03-08 14:23:04'),
(5590, 1165, 8, 28, '117.00', '2023-03-08 14:23:04', '2023-03-08 14:23:04'),
(5591, 1165, 9, 21, '152.00', '2023-03-08 14:23:04', '2023-03-08 14:23:04'),
(5592, 1166, 1, 26, '77.00', '2023-03-08 14:23:04', '2023-03-08 14:23:04'),
(5593, 1166, 2, 27, '179.00', '2023-03-08 14:23:04', '2023-03-08 14:23:04'),
(5594, 1166, 3, 13, '141.00', '2023-03-08 14:23:04', '2023-03-08 14:23:04'),
(5595, 1166, 4, 7, '41.00', '2023-03-08 14:23:04', '2023-03-08 14:23:04'),
(5596, 1166, 5, 20, '40.00', '2023-03-08 14:23:04', '2023-03-08 14:23:04'),
(5597, 1166, 6, 18, '55.00', '2023-03-08 14:23:04', '2023-03-08 14:23:04'),
(5598, 1166, 7, 28, '89.00', '2023-03-08 14:23:04', '2023-03-08 14:23:04'),
(5599, 1166, 8, 11, '54.00', '2023-03-08 14:23:04', '2023-03-08 14:23:04'),
(5600, 1167, 1, 21, '66.00', '2023-03-08 14:23:04', '2023-03-08 14:23:04'),
(5601, 1167, 2, 13, '55.00', '2023-03-08 14:23:04', '2023-03-08 14:23:04'),
(5602, 1167, 3, 29, '83.00', '2023-03-08 14:23:04', '2023-03-08 14:23:04'),
(5603, 1167, 4, 21, '92.00', '2023-03-08 14:23:04', '2023-03-08 14:23:04'),
(5604, 1167, 5, 19, '83.00', '2023-03-08 14:23:04', '2023-03-08 14:23:04'),
(5605, 1167, 6, 30, '125.00', '2023-03-08 14:23:04', '2023-03-08 14:23:04'),
(5606, 1167, 7, 5, '29.00', '2023-03-08 14:23:04', '2023-03-08 14:23:04'),
(5607, 1167, 8, 23, '52.00', '2023-03-08 14:23:04', '2023-03-08 14:23:04'),
(5608, 1168, 1, 12, '108.00', '2023-03-08 14:23:15', '2023-03-08 14:23:15'),
(5609, 1168, 2, 6, '58.00', '2023-03-08 14:23:15', '2023-03-08 14:23:15'),
(5610, 1169, 1, 24, '34.00', '2023-03-08 14:23:15', '2023-03-08 14:23:15'),
(5611, 1169, 2, 26, '183.00', '2023-03-08 14:23:15', '2023-03-08 14:23:15'),
(5612, 1169, 3, 14, '29.00', '2023-03-08 14:23:15', '2023-03-08 14:23:15'),
(5613, 1169, 4, 27, '197.00', '2023-03-08 14:23:15', '2023-03-08 14:23:15'),
(5614, 1169, 5, 20, '160.00', '2023-03-08 14:23:15', '2023-03-08 14:23:15'),
(5615, 1169, 6, 14, '48.00', '2023-03-08 14:23:15', '2023-03-08 14:23:15'),
(5616, 1169, 7, 21, '78.00', '2023-03-08 14:23:15', '2023-03-08 14:23:15'),
(5617, 1170, 1, 12, '168.00', '2023-03-08 14:23:15', '2023-03-08 14:23:15'),
(5618, 1170, 2, 7, '39.00', '2023-03-08 14:23:15', '2023-03-08 14:23:15'),
(5619, 1170, 3, 11, '71.00', '2023-03-08 14:23:15', '2023-03-08 14:23:15'),
(5620, 1170, 4, 25, '163.00', '2023-03-08 14:23:15', '2023-03-08 14:23:15'),
(5621, 1170, 5, 26, '151.00', '2023-03-08 14:23:15', '2023-03-08 14:23:15'),
(5622, 1170, 6, 18, '126.00', '2023-03-08 14:23:15', '2023-03-08 14:23:15'),
(5623, 1171, 1, 15, '79.00', '2023-03-08 14:23:15', '2023-03-08 14:23:15'),
(5624, 1171, 2, 18, '85.00', '2023-03-08 14:23:15', '2023-03-08 14:23:15'),
(5625, 1171, 3, 24, '54.00', '2023-03-08 14:23:15', '2023-03-08 14:23:15'),
(5626, 1172, 1, 7, '27.00', '2023-03-08 14:23:15', '2023-03-08 14:23:15'),
(5627, 1172, 2, 20, '184.00', '2023-03-08 14:23:15', '2023-03-08 14:23:15'),
(5628, 1172, 3, 20, '97.00', '2023-03-08 14:23:15', '2023-03-08 14:23:15'),
(5629, 1172, 4, 21, '29.00', '2023-03-08 14:23:15', '2023-03-08 14:23:15'),
(5630, 1172, 5, 14, '114.00', '2023-03-08 14:23:15', '2023-03-08 14:23:15'),
(5631, 1172, 6, 27, '51.00', '2023-03-08 14:23:15', '2023-03-08 14:23:15'),
(5632, 1172, 7, 11, '160.00', '2023-03-08 14:23:15', '2023-03-08 14:23:15'),
(5633, 1172, 8, 28, '117.00', '2023-03-08 14:23:15', '2023-03-08 14:23:15'),
(5634, 1172, 9, 21, '152.00', '2023-03-08 14:23:15', '2023-03-08 14:23:15'),
(5635, 1173, 1, 26, '77.00', '2023-03-08 14:23:15', '2023-03-08 14:23:15'),
(5636, 1173, 2, 27, '179.00', '2023-03-08 14:23:15', '2023-03-08 14:23:15'),
(5637, 1173, 3, 13, '141.00', '2023-03-08 14:23:15', '2023-03-08 14:23:15'),
(5638, 1173, 4, 7, '41.00', '2023-03-08 14:23:15', '2023-03-08 14:23:15'),
(5639, 1173, 5, 20, '40.00', '2023-03-08 14:23:15', '2023-03-08 14:23:15'),
(5640, 1173, 6, 18, '55.00', '2023-03-08 14:23:15', '2023-03-08 14:23:15'),
(5641, 1173, 7, 28, '89.00', '2023-03-08 14:23:15', '2023-03-08 14:23:15'),
(5642, 1173, 8, 11, '54.00', '2023-03-08 14:23:15', '2023-03-08 14:23:15'),
(5643, 1174, 1, 21, '66.00', '2023-03-08 14:23:15', '2023-03-08 14:23:15'),
(5644, 1174, 2, 13, '55.00', '2023-03-08 14:23:15', '2023-03-08 14:23:15'),
(5645, 1174, 3, 29, '83.00', '2023-03-08 14:23:15', '2023-03-08 14:23:15'),
(5646, 1174, 4, 21, '92.00', '2023-03-08 14:23:15', '2023-03-08 14:23:15'),
(5647, 1174, 5, 19, '83.00', '2023-03-08 14:23:15', '2023-03-08 14:23:15'),
(5648, 1174, 6, 30, '125.00', '2023-03-08 14:23:15', '2023-03-08 14:23:15'),
(5649, 1174, 7, 5, '29.00', '2023-03-08 14:23:15', '2023-03-08 14:23:15'),
(5650, 1174, 8, 23, '52.00', '2023-03-08 14:23:15', '2023-03-08 14:23:15'),
(5651, 1175, 1, 15, '69.00', '2023-03-08 14:23:26', '2023-03-08 14:23:26'),
(5652, 1176, 1, 5, '158.00', '2023-03-08 14:23:26', '2023-03-08 14:23:26'),
(5653, 1177, 1, 12, '104.00', '2023-03-08 14:23:26', '2023-03-08 14:23:26'),
(5654, 1178, 1, 27, '75.00', '2023-03-08 14:23:26', '2023-03-08 14:23:26'),
(5655, 1179, 1, 9, '38.00', '2023-03-08 14:23:26', '2023-03-08 14:23:26'),
(5656, 1180, 1, 24, '34.00', '2023-03-08 14:23:26', '2023-03-08 14:23:26'),
(5657, 1180, 2, 26, '183.00', '2023-03-08 14:23:26', '2023-03-08 14:23:26'),
(5658, 1180, 3, 14, '29.00', '2023-03-08 14:23:26', '2023-03-08 14:23:26'),
(5659, 1180, 4, 27, '197.00', '2023-03-08 14:23:26', '2023-03-08 14:23:26'),
(5660, 1180, 5, 20, '160.00', '2023-03-08 14:23:26', '2023-03-08 14:23:26'),
(5661, 1180, 6, 14, '48.00', '2023-03-08 14:23:26', '2023-03-08 14:23:26'),
(5662, 1180, 7, 21, '78.00', '2023-03-08 14:23:26', '2023-03-08 14:23:26'),
(5663, 1181, 1, 12, '37.00', '2023-03-08 14:23:26', '2023-03-08 14:23:26'),
(5664, 1181, 2, 21, '114.00', '2023-03-08 14:23:26', '2023-03-08 14:23:26'),
(5665, 1181, 3, 28, '157.00', '2023-03-08 14:23:26', '2023-03-08 14:23:26'),
(5666, 1181, 4, 25, '18.00', '2023-03-08 14:23:26', '2023-03-08 14:23:26'),
(5667, 1181, 5, 22, '171.00', '2023-03-08 14:23:26', '2023-03-08 14:23:26'),
(5824, 1221, 1, 12, '108.00', '2023-03-08 17:12:23', '2023-03-08 17:12:23'),
(5825, 1221, 2, 6, '58.00', '2023-03-08 17:12:23', '2023-03-08 17:12:23'),
(5826, 1222, 1, 5, '80.00', '2023-03-08 17:12:23', '2023-03-08 17:12:23'),
(5827, 1222, 2, 17, '138.00', '2023-03-08 17:12:23', '2023-03-08 17:12:23'),
(5828, 1222, 3, 27, '87.00', '2023-03-08 17:12:23', '2023-03-08 17:12:23'),
(5829, 1222, 4, 25, '158.00', '2023-03-08 17:12:23', '2023-03-08 17:12:23'),
(5830, 1223, 1, 12, '168.00', '2023-03-08 17:12:23', '2023-03-08 17:12:23'),
(5831, 1223, 2, 7, '39.00', '2023-03-08 17:12:23', '2023-03-08 17:12:23'),
(5832, 1223, 3, 11, '71.00', '2023-03-08 17:12:23', '2023-03-08 17:12:23'),
(5833, 1223, 4, 25, '163.00', '2023-03-08 17:12:23', '2023-03-08 17:12:23'),
(5834, 1223, 5, 26, '151.00', '2023-03-08 17:12:23', '2023-03-08 17:12:23'),
(5835, 1223, 6, 18, '126.00', '2023-03-08 17:12:23', '2023-03-08 17:12:23'),
(5836, 1224, 1, 26, '147.00', '2023-03-08 17:12:23', '2023-03-08 17:12:23'),
(5837, 1224, 2, 6, '53.00', '2023-03-08 17:12:23', '2023-03-08 17:12:23'),
(5838, 1224, 3, 26, '16.00', '2023-03-08 17:12:23', '2023-03-08 17:12:23'),
(5839, 1224, 4, 20, '153.00', '2023-03-08 17:12:23', '2023-03-08 17:12:23'),
(5840, 1224, 5, 25, '73.00', '2023-03-08 17:12:23', '2023-03-08 17:12:23'),
(5841, 1224, 6, 13, '147.00', '2023-03-08 17:12:23', '2023-03-08 17:12:23'),
(5842, 1225, 1, 17, '85.00', '2023-03-08 17:12:23', '2023-03-08 17:12:23'),
(5843, 1225, 2, 16, '92.00', '2023-03-08 17:12:23', '2023-03-08 17:12:23'),
(5844, 1225, 3, 25, '140.00', '2023-03-08 17:12:23', '2023-03-08 17:12:23'),
(5845, 1225, 4, 27, '167.00', '2023-03-08 17:12:23', '2023-03-08 17:12:23'),
(5846, 1225, 5, 5, '92.00', '2023-03-08 17:12:23', '2023-03-08 17:12:23'),
(5847, 1225, 6, 19, '12.00', '2023-03-08 17:12:23', '2023-03-08 17:12:23'),
(5848, 1225, 7, 23, '33.00', '2023-03-08 17:12:23', '2023-03-08 17:12:23'),
(5849, 1225, 8, 20, '23.00', '2023-03-08 17:12:23', '2023-03-08 17:12:23'),
(5850, 1226, 1, 20, '24.00', '2023-03-08 17:12:23', '2023-03-08 17:12:23'),
(5851, 1226, 2, 26, '83.00', '2023-03-08 17:12:23', '2023-03-08 17:12:23'),
(5852, 1226, 3, 23, '103.00', '2023-03-08 17:12:23', '2023-03-08 17:12:23'),
(5853, 1226, 4, 28, '158.00', '2023-03-08 17:12:23', '2023-03-08 17:12:23'),
(5854, 1227, 1, 21, '66.00', '2023-03-08 17:12:23', '2023-03-08 17:12:23'),
(5855, 1227, 2, 13, '55.00', '2023-03-08 17:12:23', '2023-03-08 17:12:23'),
(5856, 1227, 3, 29, '83.00', '2023-03-08 17:12:23', '2023-03-08 17:12:23'),
(5857, 1227, 4, 21, '92.00', '2023-03-08 17:12:23', '2023-03-08 17:12:23'),
(5858, 1227, 5, 19, '83.00', '2023-03-08 17:12:23', '2023-03-08 17:12:23'),
(5859, 1227, 6, 30, '125.00', '2023-03-08 17:12:23', '2023-03-08 17:12:23'),
(5860, 1227, 7, 5, '29.00', '2023-03-08 17:12:23', '2023-03-08 17:12:23'),
(5861, 1227, 8, 23, '52.00', '2023-03-08 17:12:23', '2023-03-08 17:12:23'),
(5862, 1228, 1, 29, '140.00', '2023-03-08 17:58:22', '2023-03-08 17:58:22'),
(5863, 1228, 2, 24, '164.00', '2023-03-08 17:58:22', '2023-03-08 17:58:22'),
(5864, 1228, 3, 10, '66.00', '2023-03-08 17:58:22', '2023-03-08 17:58:22'),
(5865, 1228, 4, 15, '171.00', '2023-03-08 17:58:22', '2023-03-08 17:58:22'),
(5866, 1228, 5, 22, '19.00', '2023-03-08 17:58:22', '2023-03-08 17:58:22'),
(5867, 1228, 6, 24, '53.00', '2023-03-08 17:58:22', '2023-03-08 17:58:22'),
(5868, 1228, 7, 17, '96.00', '2023-03-08 17:58:22', '2023-03-08 17:58:22'),
(5869, 1229, 1, 5, '158.00', '2023-03-08 17:58:22', '2023-03-08 17:58:22'),
(5870, 1229, 2, 13, '158.00', '2023-03-08 17:58:22', '2023-03-08 17:58:22'),
(5871, 1229, 3, 11, '158.00', '2023-03-08 17:58:22', '2023-03-08 17:58:22'),
(5872, 1229, 4, 9, '158.00', '2023-03-08 17:58:22', '2023-03-08 17:58:22'),
(5873, 1230, 1, 9, '38.00', '2023-03-08 17:58:22', '2023-03-08 17:58:22'),
(5874, 1230, 2, 13, '38.00', '2023-03-08 17:58:22', '2023-03-08 17:58:22'),
(5875, 1230, 3, 11, '38.00', '2023-03-08 17:58:22', '2023-03-08 17:58:22'),
(5876, 1230, 4, 9, '38.00', '2023-03-08 17:58:22', '2023-03-08 17:58:22'),
(5877, 1231, 1, 12, '104.00', '2023-03-08 17:58:22', '2023-03-08 17:58:22'),
(5878, 1231, 2, 13, '104.00', '2023-03-08 17:58:22', '2023-03-08 17:58:22'),
(5879, 1231, 3, 11, '104.00', '2023-03-08 17:58:22', '2023-03-08 17:58:22'),
(5880, 1231, 4, 9, '104.00', '2023-03-08 17:58:22', '2023-03-08 17:58:22'),
(5881, 1232, 1, 27, '75.00', '2023-03-08 17:58:22', '2023-03-08 17:58:22'),
(5882, 1232, 2, 13, '75.00', '2023-03-08 17:58:22', '2023-03-08 17:58:22'),
(5883, 1232, 3, 11, '75.00', '2023-03-08 17:58:22', '2023-03-08 17:58:22'),
(5884, 1232, 4, 9, '75.00', '2023-03-08 17:58:22', '2023-03-08 17:58:22'),
(5885, 1233, 1, 16, '94.00', '2023-03-08 17:58:22', '2023-03-08 17:58:22'),
(5886, 1233, 2, 13, '94.00', '2023-03-08 17:58:22', '2023-03-08 17:58:22'),
(5887, 1233, 3, 11, '94.00', '2023-03-08 17:58:22', '2023-03-08 17:58:22'),
(5888, 1233, 4, 9, '94.00', '2023-03-08 17:58:22', '2023-03-08 17:58:22'),
(5889, 1234, 1, 17, '188.00', '2023-03-08 17:58:22', '2023-03-08 17:58:22'),
(5890, 1234, 2, 12, '197.00', '2023-03-08 17:58:22', '2023-03-08 17:58:22'),
(5891, 1234, 3, 20, '150.00', '2023-03-08 17:58:22', '2023-03-08 17:58:22'),
(5892, 1234, 4, 17, '119.00', '2023-03-08 17:58:22', '2023-03-08 17:58:22'),
(5893, 1234, 5, 23, '177.00', '2023-03-08 17:58:22', '2023-03-08 17:58:22'),
(5894, 1235, 1, 29, '49.00', '2023-03-08 18:29:20', '2023-03-08 18:29:20'),
(5895, 1235, 2, 13, '188.00', '2023-03-08 18:29:20', '2023-03-08 18:29:20'),
(5896, 1235, 3, 12, '43.00', '2023-03-08 18:29:20', '2023-03-08 18:29:20'),
(5897, 1235, 4, 9, '43.00', '2023-03-08 18:29:20', '2023-03-08 18:29:20'),
(5898, 1236, 1, 6, '161.00', '2023-03-08 18:29:20', '2023-03-08 18:29:20'),
(5899, 1236, 2, 16, '60.00', '2023-03-08 18:29:20', '2023-03-08 18:29:20'),
(5900, 1236, 3, 16, '181.00', '2023-03-08 18:29:20', '2023-03-08 18:29:20'),
(5901, 1236, 4, 13, '114.00', '2023-03-08 18:29:20', '2023-03-08 18:29:20'),
(5902, 1236, 5, 8, '87.00', '2023-03-08 18:29:20', '2023-03-08 18:29:20'),
(5903, 1236, 6, 6, '34.00', '2023-03-08 18:29:20', '2023-03-08 18:29:20'),
(5904, 1237, 1, 7, '182.00', '2023-03-08 18:29:20', '2023-03-08 18:29:20'),
(5905, 1237, 2, 6, '93.00', '2023-03-08 18:29:20', '2023-03-08 18:29:20'),
(5906, 1237, 3, 11, '93.00', '2023-03-08 18:29:20', '2023-03-08 18:29:20'),
(5907, 1237, 4, 9, '93.00', '2023-03-08 18:29:20', '2023-03-08 18:29:20'),
(5908, 1238, 1, 14, '155.00', '2023-03-08 18:29:20', '2023-03-08 18:29:20'),
(5909, 1238, 2, 28, '88.00', '2023-03-08 18:29:20', '2023-03-08 18:29:20'),
(5910, 1238, 3, 7, '113.00', '2023-03-08 18:29:20', '2023-03-08 18:29:20'),
(5911, 1238, 4, 21, '169.00', '2023-03-08 18:29:20', '2023-03-08 18:29:20'),
(5912, 1238, 5, 23, '163.00', '2023-03-08 18:29:20', '2023-03-08 18:29:20'),
(5913, 1239, 1, 15, '186.00', '2023-03-08 18:29:20', '2023-03-08 18:29:20'),
(5914, 1239, 2, 11, '177.00', '2023-03-08 18:29:20', '2023-03-08 18:29:20'),
(5915, 1239, 3, 25, '188.00', '2023-03-08 18:29:20', '2023-03-08 18:29:20'),
(5916, 1239, 4, 6, '106.00', '2023-03-08 18:29:20', '2023-03-08 18:29:20'),
(5917, 1239, 5, 22, '45.00', '2023-03-08 18:29:20', '2023-03-08 18:29:20'),
(5918, 1239, 6, 13, '74.00', '2023-03-08 18:29:20', '2023-03-08 18:29:20'),
(6217, 1329, 1, 5, '143.00', '2023-03-14 16:47:39', '2023-03-14 16:47:39'),
(6218, 1329, 2, 8, '52.00', '2023-03-14 16:47:39', '2023-03-14 16:47:39'),
(6219, 1329, 3, 10, '186.00', '2023-03-14 16:47:39', '2023-03-14 16:47:39'),
(6220, 1329, 4, 30, '146.00', '2023-03-14 16:47:39', '2023-03-14 16:47:39'),
(6221, 1329, 5, 11, '84.00', '2023-03-14 16:47:39', '2023-03-14 16:47:39'),
(6222, 1329, 6, 7, '135.00', '2023-03-14 16:47:39', '2023-03-14 16:47:39'),
(6223, 1330, 1, 22, '71.00', '2023-03-14 16:47:39', '2023-03-14 16:47:39'),
(6224, 1330, 2, 27, '125.00', '2023-03-14 16:47:39', '2023-03-14 16:47:39'),
(6225, 1330, 3, 12, '154.00', '2023-03-14 16:47:39', '2023-03-14 16:47:39'),
(6226, 1330, 4, 5, '48.00', '2023-03-14 16:47:39', '2023-03-14 16:47:39'),
(6227, 1330, 5, 28, '195.00', '2023-03-14 16:47:39', '2023-03-14 16:47:39'),
(6228, 1331, 1, 12, '168.00', '2023-03-14 16:47:39', '2023-03-14 16:47:39'),
(6229, 1331, 2, 7, '39.00', '2023-03-14 16:47:39', '2023-03-14 16:47:39'),
(6230, 1331, 3, 11, '71.00', '2023-03-14 16:47:39', '2023-03-14 16:47:39'),
(6231, 1331, 4, 25, '163.00', '2023-03-14 16:47:39', '2023-03-14 16:47:39'),
(6232, 1331, 5, 26, '151.00', '2023-03-14 16:47:39', '2023-03-14 16:47:39'),
(6233, 1331, 6, 18, '126.00', '2023-03-14 16:47:39', '2023-03-14 16:47:39'),
(6234, 1332, 1, 11, '36.00', '2023-03-14 16:47:39', '2023-03-14 16:47:39'),
(6235, 1332, 2, 11, '160.00', '2023-03-14 16:47:39', '2023-03-14 16:47:39'),
(6236, 1332, 3, 10, '94.00', '2023-03-14 16:47:39', '2023-03-14 16:47:39'),
(6237, 1332, 4, 25, '102.00', '2023-03-14 16:47:39', '2023-03-14 16:47:39'),
(6238, 1332, 5, 29, '40.00', '2023-03-14 16:47:39', '2023-03-14 16:47:39'),
(6239, 1332, 6, 14, '172.00', '2023-03-14 16:47:39', '2023-03-14 16:47:39'),
(6240, 1332, 7, 11, '162.00', '2023-03-14 16:47:39', '2023-03-14 16:47:39'),
(6241, 1332, 8, 8, '197.00', '2023-03-14 16:47:39', '2023-03-14 16:47:39'),
(6242, 1333, 1, 25, '124.00', '2023-03-14 16:47:39', '2023-03-14 16:47:39'),
(6243, 1333, 2, 30, '35.00', '2023-03-14 16:47:39', '2023-03-14 16:47:39'),
(6244, 1333, 3, 10, '38.00', '2023-03-14 16:47:39', '2023-03-14 16:47:39'),
(6245, 1333, 4, 9, '38.00', '2023-03-14 16:47:39', '2023-03-14 16:47:39'),
(6246, 1334, 1, 16, '128.00', '2023-03-14 16:47:39', '2023-03-14 16:47:39'),
(6247, 1334, 2, 9, '44.00', '2023-03-14 16:47:39', '2023-03-14 16:47:39'),
(6248, 1334, 3, 7, '21.00', '2023-03-14 16:47:39', '2023-03-14 16:47:39'),
(6249, 1334, 4, 21, '118.00', '2023-03-14 16:47:39', '2023-03-14 16:47:39'),
(6250, 1334, 5, 10, '70.00', '2023-03-14 16:47:39', '2023-03-14 16:47:39'),
(6251, 1334, 6, 9, '197.00', '2023-03-14 16:47:39', '2023-03-14 16:47:39'),
(6252, 1336, 1, 15, '69.00', '2023-03-16 14:21:30', '2023-03-16 14:21:30'),
(6253, 1336, 2, 13, '69.00', '2023-03-16 14:21:30', '2023-03-16 14:21:30'),
(6254, 1336, 3, 11, '69.00', '2023-03-16 14:21:30', '2023-03-16 14:21:30'),
(6255, 1336, 4, 9, '69.00', '2023-03-16 14:21:30', '2023-03-16 14:21:30'),
(6256, 1337, 1, 22, '71.00', '2023-03-16 14:21:30', '2023-03-16 14:21:30'),
(6257, 1337, 2, 27, '125.00', '2023-03-16 14:21:30', '2023-03-16 14:21:30'),
(6258, 1337, 3, 12, '154.00', '2023-03-16 14:21:30', '2023-03-16 14:21:30'),
(6259, 1337, 4, 5, '48.00', '2023-03-16 14:21:30', '2023-03-16 14:21:30'),
(6260, 1337, 5, 28, '195.00', '2023-03-16 14:21:30', '2023-03-16 14:21:30'),
(6261, 1338, 1, 9, '38.00', '2023-03-16 14:21:30', '2023-03-16 14:21:30'),
(6262, 1338, 2, 13, '38.00', '2023-03-16 14:21:30', '2023-03-16 14:21:30'),
(6263, 1338, 3, 11, '38.00', '2023-03-16 14:21:30', '2023-03-16 14:21:30'),
(6264, 1338, 4, 9, '38.00', '2023-03-16 14:21:30', '2023-03-16 14:21:30'),
(6265, 1339, 1, 24, '150.00', '2023-03-16 14:21:30', '2023-03-16 14:21:30'),
(6266, 1339, 2, 8, '171.00', '2023-03-16 14:21:30', '2023-03-16 14:21:30'),
(6267, 1339, 3, 27, '107.00', '2023-03-16 14:21:30', '2023-03-16 14:21:30'),
(6268, 1339, 4, 13, '82.00', '2023-03-16 14:21:30', '2023-03-16 14:21:30'),
(6269, 1339, 5, 21, '109.00', '2023-03-16 14:21:30', '2023-03-16 14:21:30'),
(6270, 1339, 6, 18, '61.00', '2023-03-16 14:21:30', '2023-03-16 14:21:30'),
(6271, 1339, 7, 29, '163.00', '2023-03-16 14:21:30', '2023-03-16 14:21:30'),
(6272, 1340, 1, 18, '12.00', '2023-03-16 14:21:30', '2023-03-16 14:21:30'),
(6273, 1340, 2, 23, '147.00', '2023-03-16 14:21:30', '2023-03-16 14:21:30'),
(6274, 1340, 3, 19, '147.00', '2023-03-16 14:21:30', '2023-03-16 14:21:30'),
(6275, 1340, 4, 11, '153.00', '2023-03-16 14:21:30', '2023-03-16 14:21:30'),
(6276, 1340, 5, 24, '164.00', '2023-03-16 14:21:30', '2023-03-16 14:21:30'),
(6277, 1341, 1, 17, '188.00', '2023-03-16 14:21:30', '2023-03-16 14:21:30'),
(6278, 1341, 2, 12, '197.00', '2023-03-16 14:21:30', '2023-03-16 14:21:30'),
(6279, 1341, 3, 20, '150.00', '2023-03-16 14:21:30', '2023-03-16 14:21:30'),
(6280, 1341, 4, 17, '119.00', '2023-03-16 14:21:30', '2023-03-16 14:21:30'),
(6281, 1341, 5, 23, '177.00', '2023-03-16 14:21:30', '2023-03-16 14:21:30'),
(6282, 1342, 1, 13, '73.00', '2023-03-16 14:21:30', '2023-03-16 14:21:30'),
(6283, 1342, 2, 17, '181.00', '2023-03-16 14:21:30', '2023-03-16 14:21:30'),
(6284, 1342, 3, 11, '181.00', '2023-03-16 14:21:30', '2023-03-16 14:21:30'),
(6285, 1342, 4, 9, '181.00', '2023-03-16 14:21:30', '2023-03-16 14:21:30'),
(6286, 1344, 1, 15, '0.00', '2023-03-16 17:23:41', '2023-03-16 17:23:41'),
(6287, 1344, 2, 13, '0.00', '2023-03-16 17:23:41', '2023-03-16 17:23:41'),
(6288, 1344, 3, 11, '0.00', '2023-03-16 17:23:41', '2023-03-16 17:23:41'),
(6289, 1344, 4, 9, '0.00', '2023-03-16 17:23:41', '2023-03-16 17:23:41'),
(6290, 1345, 1, 15, '0.00', '2023-03-16 17:23:41', '2023-03-16 17:23:41'),
(6291, 1345, 2, 13, '0.00', '2023-03-16 17:23:41', '2023-03-16 17:23:41'),
(6292, 1345, 3, 11, '0.00', '2023-03-16 17:23:41', '2023-03-16 17:23:41'),
(6293, 1345, 4, 9, '0.00', '2023-03-16 17:23:41', '2023-03-16 17:23:41'),
(6294, 1346, 1, 15, '0.00', '2023-03-16 17:23:41', '2023-03-16 17:23:41'),
(6295, 1346, 2, 13, '0.00', '2023-03-16 17:23:41', '2023-03-16 17:23:41'),
(6296, 1346, 3, 11, '0.00', '2023-03-16 17:23:41', '2023-03-16 17:23:41'),
(6297, 1346, 4, 9, '0.00', '2023-03-16 17:23:41', '2023-03-16 17:23:41'),
(6298, 1347, 1, 15, '0.00', '2023-03-16 17:23:41', '2023-03-16 17:23:41'),
(6299, 1347, 2, 13, '0.00', '2023-03-16 17:23:41', '2023-03-16 17:23:41'),
(6300, 1347, 3, 11, '0.00', '2023-03-16 17:23:41', '2023-03-16 17:23:41'),
(6301, 1347, 4, 9, '0.00', '2023-03-16 17:23:41', '2023-03-16 17:23:41'),
(6302, 1348, 1, 15, '0.00', '2023-03-16 17:23:41', '2023-03-16 17:23:41'),
(6303, 1348, 2, 13, '0.00', '2023-03-16 17:23:41', '2023-03-16 17:23:41'),
(6304, 1348, 3, 11, '0.00', '2023-03-16 17:23:41', '2023-03-16 17:23:41'),
(6305, 1348, 4, 9, '0.00', '2023-03-16 17:23:41', '2023-03-16 17:23:41'),
(6306, 1349, 1, 15, '0.00', '2023-03-16 17:23:41', '2023-03-16 17:23:41'),
(6307, 1349, 2, 13, '0.00', '2023-03-16 17:23:41', '2023-03-16 17:23:41'),
(6308, 1349, 3, 11, '0.00', '2023-03-16 17:23:41', '2023-03-16 17:23:41'),
(6309, 1349, 4, 9, '0.00', '2023-03-16 17:23:41', '2023-03-16 17:23:41'),
(6310, 1350, 1, 15, '0.00', '2023-03-16 17:23:41', '2023-03-16 17:23:41'),
(6311, 1350, 2, 13, '0.00', '2023-03-16 17:23:41', '2023-03-16 17:23:41'),
(6312, 1350, 3, 11, '0.00', '2023-03-16 17:23:41', '2023-03-16 17:23:41'),
(6313, 1350, 4, 9, '0.00', '2023-03-16 17:23:41', '2023-03-16 17:23:41'),
(6314, 1351, 1, 15, '0.00', '2023-03-16 17:23:41', '2023-03-16 17:23:41'),
(6315, 1351, 2, 13, '0.00', '2023-03-16 17:23:41', '2023-03-16 17:23:41'),
(6316, 1351, 3, 11, '0.00', '2023-03-16 17:23:41', '2023-03-16 17:23:41'),
(6317, 1351, 4, 9, '0.00', '2023-03-16 17:23:41', '2023-03-16 17:23:41'),
(6346, 1360, 1, 10, '10.00', '2023-03-17 11:32:18', '2023-03-17 11:32:18'),
(6347, 1360, 2, 26, '170.00', '2023-03-17 11:32:18', '2023-03-17 11:32:18'),
(6348, 1360, 3, 16, '60.00', '2023-03-17 11:32:18', '2023-03-17 11:32:18'),
(6349, 1360, 4, 24, '33.00', '2023-03-17 11:32:18', '2023-03-17 11:32:18'),
(6350, 1361, 1, 22, '71.00', '2023-03-17 11:32:18', '2023-03-17 11:32:18'),
(6351, 1361, 2, 27, '125.00', '2023-03-17 11:32:18', '2023-03-17 11:32:18'),
(6352, 1361, 3, 12, '154.00', '2023-03-17 11:32:18', '2023-03-17 11:32:18'),
(6353, 1361, 4, 5, '48.00', '2023-03-17 11:32:18', '2023-03-17 11:32:18'),
(6354, 1361, 5, 28, '195.00', '2023-03-17 11:32:18', '2023-03-17 11:32:18'),
(6355, 1362, 1, 12, '168.00', '2023-03-17 11:32:18', '2023-03-17 11:32:18'),
(6356, 1362, 2, 7, '39.00', '2023-03-17 11:32:18', '2023-03-17 11:32:18'),
(6357, 1362, 3, 11, '71.00', '2023-03-17 11:32:18', '2023-03-17 11:32:18'),
(6358, 1362, 4, 25, '163.00', '2023-03-17 11:32:18', '2023-03-17 11:32:18'),
(6359, 1362, 5, 26, '151.00', '2023-03-17 11:32:18', '2023-03-17 11:32:18'),
(6360, 1362, 6, 18, '126.00', '2023-03-17 11:32:18', '2023-03-17 11:32:18'),
(6361, 1363, 1, 27, '11.00', '2023-03-17 11:32:18', '2023-03-17 11:32:18'),
(6362, 1363, 2, 27, '26.00', '2023-03-17 11:32:18', '2023-03-17 11:32:18'),
(6363, 1363, 3, 18, '54.00', '2023-03-17 11:32:18', '2023-03-17 11:32:18'),
(6364, 1363, 4, 28, '164.00', '2023-03-17 11:32:18', '2023-03-17 11:32:18'),
(6365, 1363, 5, 25, '35.00', '2023-03-17 11:32:18', '2023-03-17 11:32:18'),
(6366, 1363, 6, 25, '83.00', '2023-03-17 11:32:18', '2023-03-17 11:32:18'),
(6367, 1363, 7, 30, '197.00', '2023-03-17 11:32:18', '2023-03-17 11:32:18'),
(6368, 1363, 8, 19, '125.00', '2023-03-17 11:32:18', '2023-03-17 11:32:18'),
(6369, 1364, 1, 14, '28.00', '2023-03-17 11:32:18', '2023-03-17 11:32:18'),
(6370, 1364, 2, 8, '22.00', '2023-03-17 11:32:18', '2023-03-17 11:32:18'),
(6371, 1364, 3, 18, '116.00', '2023-03-17 11:32:18', '2023-03-17 11:32:18'),
(6372, 1364, 4, 17, '200.00', '2023-03-17 11:32:18', '2023-03-17 11:32:18'),
(6373, 1364, 5, 6, '158.00', '2023-03-17 11:32:18', '2023-03-17 11:32:18'),
(6374, 1364, 6, 22, '33.00', '2023-03-17 11:32:18', '2023-03-17 11:32:18'),
(6375, 1365, 1, 26, '77.00', '2023-03-17 11:32:18', '2023-03-17 11:32:18'),
(6376, 1365, 2, 27, '179.00', '2023-03-17 11:32:18', '2023-03-17 11:32:18'),
(6377, 1365, 3, 13, '141.00', '2023-03-17 11:32:18', '2023-03-17 11:32:18'),
(6378, 1365, 4, 7, '41.00', '2023-03-17 11:32:18', '2023-03-17 11:32:18'),
(6379, 1365, 5, 20, '40.00', '2023-03-17 11:32:18', '2023-03-17 11:32:18'),
(6380, 1365, 6, 18, '55.00', '2023-03-17 11:32:18', '2023-03-17 11:32:18'),
(6381, 1365, 7, 28, '89.00', '2023-03-17 11:32:18', '2023-03-17 11:32:18'),
(6382, 1365, 8, 11, '54.00', '2023-03-17 11:32:18', '2023-03-17 11:32:18'),
(6383, 1366, 1, 21, '66.00', '2023-03-17 11:32:18', '2023-03-17 11:32:18'),
(6384, 1366, 2, 13, '55.00', '2023-03-17 11:32:18', '2023-03-17 11:32:18'),
(6385, 1366, 3, 29, '83.00', '2023-03-17 11:32:18', '2023-03-17 11:32:18'),
(6386, 1366, 4, 21, '92.00', '2023-03-17 11:32:18', '2023-03-17 11:32:18'),
(6387, 1366, 5, 19, '83.00', '2023-03-17 11:32:18', '2023-03-17 11:32:18'),
(6388, 1366, 6, 30, '125.00', '2023-03-17 11:32:18', '2023-03-17 11:32:18'),
(6389, 1366, 7, 5, '29.00', '2023-03-17 11:32:18', '2023-03-17 11:32:18'),
(6390, 1366, 8, 23, '52.00', '2023-03-17 11:32:18', '2023-03-17 11:32:18'),
(6391, 1368, 1, 30, '0.00', '2023-03-17 14:52:33', '2023-03-17 14:52:33'),
(6392, 1368, 2, 30, '0.00', '2023-03-17 14:52:33', '2023-03-17 14:52:33'),
(6393, 1368, 3, 30, '0.00', '2023-03-17 14:52:33', '2023-03-17 14:52:33'),
(6394, 1368, 4, 30, '0.00', '2023-03-17 14:52:33', '2023-03-17 14:52:33'),
(6395, 1369, 1, 25, '0.00', '2023-03-17 14:52:33', '2023-03-17 14:52:33'),
(6396, 1369, 2, 25, '0.00', '2023-03-17 14:52:33', '2023-03-17 14:52:33'),
(6397, 1369, 3, 25, '0.00', '2023-03-17 14:52:33', '2023-03-17 14:52:33'),
(6398, 1369, 4, 25, '0.00', '2023-03-17 14:52:33', '2023-03-17 14:52:33'),
(6399, 1370, 1, 20, '0.00', '2023-03-17 14:52:33', '2023-03-17 14:52:33'),
(6400, 1370, 2, 20, '0.00', '2023-03-17 14:52:33', '2023-03-17 14:52:33'),
(6401, 1370, 3, 20, '0.00', '2023-03-17 14:52:33', '2023-03-17 14:52:33'),
(6402, 1370, 4, 20, '0.00', '2023-03-17 14:52:33', '2023-03-17 14:52:33'),
(6403, 1371, 1, 15, '0.00', '2023-03-17 14:52:33', '2023-03-17 14:52:33'),
(6404, 1371, 2, 15, '0.00', '2023-03-17 14:52:33', '2023-03-17 14:52:33'),
(6405, 1371, 3, 15, '0.00', '2023-03-17 14:52:33', '2023-03-17 14:52:33'),
(6406, 1371, 4, 15, '0.00', '2023-03-17 14:52:33', '2023-03-17 14:52:33'),
(6407, 1372, 1, 15, '0.00', '2023-03-17 14:52:33', '2023-03-17 14:52:33'),
(6408, 1372, 2, 15, '0.00', '2023-03-17 14:52:33', '2023-03-17 14:52:33'),
(6409, 1372, 3, 15, '0.00', '2023-03-17 14:52:33', '2023-03-17 14:52:33'),
(6410, 1372, 4, 15, '0.00', '2023-03-17 14:52:33', '2023-03-17 14:52:33'),
(6411, 1373, 1, 15, '0.00', '2023-03-17 14:52:33', '2023-03-17 14:52:33'),
(6412, 1373, 2, 15, '0.00', '2023-03-17 14:52:33', '2023-03-17 14:52:33'),
(6413, 1373, 3, 15, '0.00', '2023-03-17 14:52:33', '2023-03-17 14:52:33'),
(6414, 1373, 4, 15, '0.00', '2023-03-17 14:52:33', '2023-03-17 14:52:33'),
(6415, 1374, 1, 15, '0.00', '2023-03-17 14:52:33', '2023-03-17 14:52:33'),
(6416, 1374, 2, 15, '0.00', '2023-03-17 14:52:33', '2023-03-17 14:52:33'),
(6417, 1374, 3, 15, '0.00', '2023-03-17 14:52:33', '2023-03-17 14:52:33'),
(6418, 1374, 4, 15, '0.00', '2023-03-17 14:52:33', '2023-03-17 14:52:33'),
(6419, 1375, 1, 15, '0.00', '2023-03-17 14:52:33', '2023-03-17 14:52:33'),
(6420, 1375, 2, 15, '0.00', '2023-03-17 14:52:33', '2023-03-17 14:52:33'),
(6421, 1375, 3, 15, '0.00', '2023-03-17 14:52:33', '2023-03-17 14:52:33'),
(6422, 1375, 4, 15, '0.00', '2023-03-17 14:52:33', '2023-03-17 14:52:33'),
(6423, 1377, 1, 15, '0.00', '2023-03-17 15:35:18', '2023-03-17 15:35:18'),
(6424, 1377, 2, 12, '0.00', '2023-03-17 15:35:18', '2023-03-17 15:35:18'),
(6425, 1377, 3, 12, '0.00', '2023-03-17 15:35:18', '2023-03-17 15:35:18'),
(6426, 1377, 4, 10, '0.00', '2023-03-17 15:35:18', '2023-03-17 15:35:18'),
(6427, 1378, 1, 15, '0.00', '2023-03-17 15:35:18', '2023-03-17 15:35:18'),
(6428, 1378, 2, 12, '0.00', '2023-03-17 15:35:18', '2023-03-17 15:35:18'),
(6429, 1378, 3, 12, '0.00', '2023-03-17 15:35:18', '2023-03-17 15:35:18'),
(6430, 1378, 4, 10, '0.00', '2023-03-17 15:35:18', '2023-03-17 15:35:18'),
(6431, 1379, 1, 15, '0.00', '2023-03-17 15:35:18', '2023-03-17 15:35:18'),
(6432, 1379, 2, 12, '0.00', '2023-03-17 15:35:18', '2023-03-17 15:35:18'),
(6433, 1379, 3, 12, '0.00', '2023-03-17 15:35:18', '2023-03-17 15:35:18'),
(6434, 1379, 4, 10, '0.00', '2023-03-17 15:35:18', '2023-03-17 15:35:18'),
(6435, 1380, 1, 15, '0.00', '2023-03-17 15:35:18', '2023-03-17 15:35:18'),
(6436, 1380, 2, 12, '0.00', '2023-03-17 15:35:18', '2023-03-17 15:35:18'),
(6437, 1380, 3, 12, '0.00', '2023-03-17 15:35:18', '2023-03-17 15:35:18'),
(6438, 1380, 4, 10, '0.00', '2023-03-17 15:35:18', '2023-03-17 15:35:18'),
(6439, 1381, 1, 15, '0.00', '2023-03-17 15:35:18', '2023-03-17 15:35:18'),
(6440, 1381, 2, 12, '0.00', '2023-03-17 15:35:18', '2023-03-17 15:35:18'),
(6441, 1381, 3, 12, '0.00', '2023-03-17 15:35:18', '2023-03-17 15:35:18'),
(6442, 1381, 4, 10, '0.00', '2023-03-17 15:35:18', '2023-03-17 15:35:18'),
(6443, 1382, 1, 15, '0.00', '2023-03-17 15:35:18', '2023-03-17 15:35:18'),
(6444, 1382, 2, 12, '0.00', '2023-03-17 15:35:18', '2023-03-17 15:35:18'),
(6445, 1382, 3, 12, '0.00', '2023-03-17 15:35:18', '2023-03-17 15:35:18'),
(6446, 1382, 4, 10, '0.00', '2023-03-17 15:35:18', '2023-03-17 15:35:18'),
(6447, 1383, 1, 15, '0.00', '2023-03-17 15:35:18', '2023-03-17 15:35:18'),
(6448, 1383, 2, 12, '0.00', '2023-03-17 15:35:18', '2023-03-17 15:35:18'),
(6449, 1383, 3, 12, '0.00', '2023-03-17 15:35:18', '2023-03-17 15:35:18'),
(6450, 1383, 4, 10, '0.00', '2023-03-17 15:35:18', '2023-03-17 15:35:18'),
(6451, 1385, 1, 15, '69.00', '2023-03-21 10:41:06', '2023-03-21 10:41:06'),
(6452, 1385, 2, 13, '69.00', '2023-03-21 10:41:06', '2023-03-21 10:41:06'),
(6453, 1385, 3, 11, '69.00', '2023-03-21 10:41:06', '2023-03-21 10:41:06'),
(6454, 1385, 4, 9, '69.00', '2023-03-21 10:41:06', '2023-03-21 10:41:06'),
(6455, 1386, 1, 22, '71.00', '2023-03-21 10:41:06', '2023-03-21 10:41:06'),
(6456, 1386, 2, 27, '125.00', '2023-03-21 10:41:06', '2023-03-21 10:41:06'),
(6457, 1386, 3, 12, '154.00', '2023-03-21 10:41:06', '2023-03-21 10:41:06'),
(6458, 1386, 4, 5, '48.00', '2023-03-21 10:41:06', '2023-03-21 10:41:06'),
(6459, 1386, 5, 28, '195.00', '2023-03-21 10:41:06', '2023-03-21 10:41:06'),
(6460, 1387, 1, 18, '12.00', '2023-03-21 10:41:06', '2023-03-21 10:41:06'),
(6461, 1387, 2, 23, '147.00', '2023-03-21 10:41:06', '2023-03-21 10:41:06'),
(6462, 1387, 3, 19, '147.00', '2023-03-21 10:41:06', '2023-03-21 10:41:06'),
(6463, 1387, 4, 11, '153.00', '2023-03-21 10:41:06', '2023-03-21 10:41:06'),
(6464, 1387, 5, 24, '164.00', '2023-03-21 10:41:06', '2023-03-21 10:41:06'),
(6465, 1388, 1, 27, '75.00', '2023-03-21 10:41:06', '2023-03-21 10:41:06'),
(6466, 1388, 2, 13, '75.00', '2023-03-21 10:41:06', '2023-03-21 10:41:06'),
(6467, 1388, 3, 11, '75.00', '2023-03-21 10:41:06', '2023-03-21 10:41:06'),
(6468, 1388, 4, 9, '75.00', '2023-03-21 10:41:06', '2023-03-21 10:41:06'),
(6469, 1389, 1, 21, '25.00', '2023-03-21 10:41:06', '2023-03-21 10:41:06'),
(6470, 1389, 2, 30, '59.00', '2023-03-21 10:41:06', '2023-03-21 10:41:06'),
(6471, 1389, 3, 5, '108.00', '2023-03-21 10:41:06', '2023-03-21 10:41:06'),
(6472, 1389, 4, 10, '81.00', '2023-03-21 10:41:06', '2023-03-21 10:41:06'),
(6473, 1390, 1, 17, '188.00', '2023-03-21 10:41:06', '2023-03-21 10:41:06'),
(6474, 1390, 2, 12, '197.00', '2023-03-21 10:41:06', '2023-03-21 10:41:06'),
(6475, 1390, 3, 20, '150.00', '2023-03-21 10:41:06', '2023-03-21 10:41:06'),
(6476, 1390, 4, 17, '119.00', '2023-03-21 10:41:06', '2023-03-21 10:41:06'),
(6477, 1390, 5, 23, '177.00', '2023-03-21 10:41:06', '2023-03-21 10:41:06'),
(6478, 1391, 1, 24, '34.00', '2023-03-21 10:41:06', '2023-03-21 10:41:06'),
(6479, 1391, 2, 26, '183.00', '2023-03-21 10:41:06', '2023-03-21 10:41:06'),
(6480, 1391, 3, 14, '29.00', '2023-03-21 10:41:06', '2023-03-21 10:41:06'),
(6481, 1391, 4, 27, '197.00', '2023-03-21 10:41:06', '2023-03-21 10:41:06'),
(6482, 1391, 5, 20, '160.00', '2023-03-21 10:41:06', '2023-03-21 10:41:06'),
(6483, 1391, 6, 14, '48.00', '2023-03-21 10:41:06', '2023-03-21 10:41:06'),
(6484, 1391, 7, 21, '78.00', '2023-03-21 10:41:06', '2023-03-21 10:41:06'),
(6485, 1393, 1, 21, '96.00', '2023-03-30 10:31:22', '2023-03-30 10:31:22'),
(6486, 1393, 2, 22, '57.00', '2023-03-30 10:31:22', '2023-03-30 10:31:22'),
(6487, 1393, 3, 12, '96.00', '2023-03-30 10:31:22', '2023-03-30 10:31:22'),
(6488, 1393, 4, 10, '96.00', '2023-03-30 10:31:22', '2023-03-30 10:31:22'),
(6489, 1394, 1, 16, '25.00', '2023-03-30 10:31:22', '2023-03-30 10:31:22'),
(6490, 1394, 2, 27, '83.00', '2023-03-30 10:31:22', '2023-03-30 10:31:22'),
(6491, 1394, 3, 12, '119.00', '2023-03-30 10:31:22', '2023-03-30 10:31:22'),
(6492, 1394, 4, 26, '177.00', '2023-03-30 10:31:22', '2023-03-30 10:31:22'),
(6493, 1394, 5, 11, '124.00', '2023-03-30 10:31:22', '2023-03-30 10:31:22'),
(6494, 1394, 6, 13, '87.00', '2023-03-30 10:31:22', '2023-03-30 10:31:22'),
(6495, 1394, 7, 29, '16.00', '2023-03-30 10:31:22', '2023-03-30 10:31:22'),
(6496, 1394, 8, 16, '17.00', '2023-03-30 10:31:22', '2023-03-30 10:31:22'),
(6497, 1395, 1, 14, '198.00', '2023-03-30 10:31:22', '2023-03-30 10:31:22'),
(6498, 1395, 2, 19, '155.00', '2023-03-30 10:31:22', '2023-03-30 10:31:22'),
(6499, 1395, 3, 13, '190.00', '2023-03-30 10:31:22', '2023-03-30 10:31:22'),
(6500, 1395, 4, 18, '119.00', '2023-03-30 10:31:22', '2023-03-30 10:31:22'),
(6501, 1395, 5, 8, '11.00', '2023-03-30 10:31:22', '2023-03-30 10:31:22'),
(6502, 1395, 6, 30, '98.00', '2023-03-30 10:31:22', '2023-03-30 10:31:22'),
(6503, 1395, 7, 7, '167.00', '2023-03-30 10:31:22', '2023-03-30 10:31:22'),
(6504, 1395, 8, 11, '12.00', '2023-03-30 10:31:22', '2023-03-30 10:31:22'),
(6505, 1395, 9, 10, '45.00', '2023-03-30 10:31:22', '2023-03-30 10:31:22'),
(6506, 1395, 10, 18, '48.00', '2023-03-30 10:31:22', '2023-03-30 10:31:22'),
(6507, 1396, 1, 29, '49.00', '2023-03-30 10:31:22', '2023-03-30 10:31:22'),
(6508, 1396, 2, 13, '188.00', '2023-03-30 10:31:22', '2023-03-30 10:31:22'),
(6509, 1396, 3, 12, '43.00', '2023-03-30 10:31:22', '2023-03-30 10:31:22'),
(6510, 1396, 4, 9, '43.00', '2023-03-30 10:31:22', '2023-03-30 10:31:22'),
(6511, 1397, 1, 12, '120.00', '2023-03-30 10:31:22', '2023-03-30 10:31:22'),
(6512, 1397, 2, 6, '126.00', '2023-03-30 10:31:22', '2023-03-30 10:31:22'),
(6513, 1397, 3, 28, '151.00', '2023-03-30 10:31:22', '2023-03-30 10:31:22'),
(6514, 1397, 4, 25, '42.00', '2023-03-30 10:31:22', '2023-03-30 10:31:22'),
(6515, 1397, 5, 17, '89.00', '2023-03-30 10:31:22', '2023-03-30 10:31:22'),
(6516, 1397, 6, 26, '84.00', '2023-03-30 10:31:22', '2023-03-30 10:31:22'),
(6517, 1398, 1, 20, '153.00', '2023-03-30 10:31:22', '2023-03-30 10:31:22'),
(6518, 1398, 2, 8, '102.00', '2023-03-30 10:31:22', '2023-03-30 10:31:22'),
(6519, 1398, 3, 28, '102.00', '2023-03-30 10:31:22', '2023-03-30 10:31:22'),
(6520, 1398, 4, 9, '86.00', '2023-03-30 10:31:22', '2023-03-30 10:31:22'),
(6521, 1398, 5, 30, '123.00', '2023-03-30 10:31:22', '2023-03-30 10:31:22'),
(6522, 1398, 6, 12, '17.00', '2023-03-30 10:31:22', '2023-03-30 10:31:22'),
(6523, 1398, 7, 21, '142.00', '2023-03-30 10:31:22', '2023-03-30 10:31:22'),
(6524, 1398, 8, 23, '134.00', '2023-03-30 10:31:22', '2023-03-30 10:31:22'),
(6525, 1400, 1, 30, '0.00', '2023-03-31 12:40:45', '2023-03-31 12:40:45'),
(6526, 1400, 2, 25, '0.00', '2023-03-31 12:40:45', '2023-03-31 12:40:45'),
(6527, 1400, 3, 20, '0.00', '2023-03-31 12:40:45', '2023-03-31 12:40:45'),
(6528, 1400, 4, 15, '0.00', '2023-03-31 12:40:45', '2023-03-31 12:40:45'),
(6529, 1401, 1, 30, '0.00', '2023-03-31 12:40:45', '2023-03-31 12:40:45'),
(6530, 1401, 2, 25, '0.00', '2023-03-31 12:40:45', '2023-03-31 12:40:45'),
(6531, 1401, 3, 20, '0.00', '2023-03-31 12:40:45', '2023-03-31 12:40:45'),
(6532, 1401, 4, 15, '0.00', '2023-03-31 12:40:45', '2023-03-31 12:40:45'),
(6533, 1402, 1, 30, '0.00', '2023-03-31 12:40:45', '2023-03-31 12:40:45'),
(6534, 1402, 2, 25, '0.00', '2023-03-31 12:40:45', '2023-03-31 12:40:45'),
(6535, 1402, 3, 20, '0.00', '2023-03-31 12:40:45', '2023-03-31 12:40:45'),
(6536, 1402, 4, 15, '0.00', '2023-03-31 12:40:45', '2023-03-31 12:40:45'),
(6537, 1403, 1, 30, '0.00', '2023-03-31 12:40:45', '2023-03-31 12:40:45'),
(6538, 1403, 2, 25, '0.00', '2023-03-31 12:40:45', '2023-03-31 12:40:45'),
(6539, 1403, 3, 20, '0.00', '2023-03-31 12:40:45', '2023-03-31 12:40:45'),
(6540, 1403, 4, 15, '0.00', '2023-03-31 12:40:45', '2023-03-31 12:40:45'),
(6541, 1404, 1, 30, '0.00', '2023-03-31 12:40:45', '2023-03-31 12:40:45'),
(6542, 1404, 2, 25, '0.00', '2023-03-31 12:40:45', '2023-03-31 12:40:45'),
(6543, 1404, 3, 20, '0.00', '2023-03-31 12:40:45', '2023-03-31 12:40:45'),
(6544, 1404, 4, 15, '0.00', '2023-03-31 12:40:45', '2023-03-31 12:40:45'),
(6545, 1405, 1, 30, '0.00', '2023-03-31 12:40:45', '2023-03-31 12:40:45'),
(6546, 1405, 2, 25, '0.00', '2023-03-31 12:40:45', '2023-03-31 12:40:45'),
(6547, 1405, 3, 20, '0.00', '2023-03-31 12:40:45', '2023-03-31 12:40:45'),
(6548, 1405, 4, 15, '0.00', '2023-03-31 12:40:45', '2023-03-31 12:40:45'),
(6549, 1406, 1, 30, '0.00', '2023-03-31 12:40:45', '2023-03-31 12:40:45'),
(6550, 1406, 2, 25, '0.00', '2023-03-31 12:40:45', '2023-03-31 12:40:45'),
(6551, 1406, 3, 20, '0.00', '2023-03-31 12:40:45', '2023-03-31 12:40:45'),
(6552, 1406, 4, 15, '0.00', '2023-03-31 12:40:45', '2023-03-31 12:40:45'),
(6553, 1408, 1, 29, '84.00', '2023-03-31 13:00:13', '2023-03-31 13:00:13'),
(6554, 1408, 2, 29, '127.00', '2023-03-31 13:00:13', '2023-03-31 13:00:13'),
(6555, 1408, 3, 25, '28.00', '2023-03-31 13:00:13', '2023-03-31 13:00:13'),
(6556, 1408, 4, 8, '56.00', '2023-03-31 13:00:13', '2023-03-31 13:00:13'),
(6557, 1408, 5, 28, '100.00', '2023-03-31 13:00:13', '2023-03-31 13:00:13'),
(6558, 1409, 1, 24, '34.00', '2023-03-31 13:00:13', '2023-03-31 13:00:13'),
(6559, 1409, 2, 26, '183.00', '2023-03-31 13:00:13', '2023-03-31 13:00:13'),
(6560, 1409, 3, 14, '29.00', '2023-03-31 13:00:13', '2023-03-31 13:00:13'),
(6561, 1409, 4, 27, '197.00', '2023-03-31 13:00:13', '2023-03-31 13:00:13'),
(6562, 1410, 1, 12, '168.00', '2023-03-31 13:00:13', '2023-03-31 13:00:13'),
(6563, 1410, 2, 7, '39.00', '2023-03-31 13:00:13', '2023-03-31 13:00:13'),
(6564, 1410, 3, 11, '71.00', '2023-03-31 13:00:13', '2023-03-31 13:00:13'),
(6565, 1410, 4, 25, '163.00', '2023-03-31 13:00:13', '2023-03-31 13:00:13'),
(6566, 1410, 5, 26, '151.00', '2023-03-31 13:00:13', '2023-03-31 13:00:13'),
(6567, 1410, 6, 18, '126.00', '2023-03-31 13:00:13', '2023-03-31 13:00:13'),
(6568, 1411, 1, 14, '28.00', '2023-03-31 13:00:13', '2023-03-31 13:00:13'),
(6569, 1411, 2, 8, '22.00', '2023-03-31 13:00:13', '2023-03-31 13:00:13'),
(6570, 1411, 3, 18, '116.00', '2023-03-31 13:00:13', '2023-03-31 13:00:13'),
(6571, 1411, 4, 17, '200.00', '2023-03-31 13:00:13', '2023-03-31 13:00:13'),
(6572, 1411, 5, 6, '158.00', '2023-03-31 13:00:13', '2023-03-31 13:00:13'),
(6573, 1411, 6, 22, '33.00', '2023-03-31 13:00:13', '2023-03-31 13:00:13'),
(6574, 1412, 1, 23, '69.00', '2023-03-31 13:00:13', '2023-03-31 13:00:13'),
(6575, 1412, 2, 23, '10.00', '2023-03-31 13:00:13', '2023-03-31 13:00:13'),
(6576, 1412, 3, 28, '71.00', '2023-03-31 13:00:13', '2023-03-31 13:00:13'),
(6577, 1412, 4, 10, '69.00', '2023-03-31 13:00:13', '2023-03-31 13:00:13'),
(6578, 1413, 1, 15, '96.00', '2023-03-31 13:00:13', '2023-03-31 13:00:13'),
(6579, 1413, 2, 6, '147.00', '2023-03-31 13:00:13', '2023-03-31 13:00:13'),
(6580, 1413, 3, 15, '85.00', '2023-03-31 13:00:13', '2023-03-31 13:00:13'),
(6581, 1413, 4, 15, '200.00', '2023-03-31 13:00:13', '2023-03-31 13:00:13'),
(6582, 1413, 5, 16, '103.00', '2023-03-31 13:00:13', '2023-03-31 13:00:13'),
(6583, 1413, 6, 9, '144.00', '2023-03-31 13:00:13', '2023-03-31 13:00:13'),
(6584, 1413, 7, 21, '37.00', '2023-03-31 13:00:13', '2023-03-31 13:00:13'),
(6585, 1413, 8, 16, '96.00', '2023-03-31 13:00:13', '2023-03-31 13:00:13'),
(6586, 1415, 1, 23, '179.00', '2023-03-31 13:00:52', '2023-03-31 13:00:52'),
(6587, 1415, 2, 27, '40.00', '2023-03-31 13:00:52', '2023-03-31 13:00:52'),
(6588, 1415, 3, 17, '171.00', '2023-03-31 13:00:52', '2023-03-31 13:00:52'),
(6589, 1415, 4, 7, '114.00', '2023-03-31 13:00:52', '2023-03-31 13:00:52'),
(6590, 1415, 5, 7, '123.00', '2023-03-31 13:00:52', '2023-03-31 13:00:52'),
(6591, 1416, 1, 27, '52.00', '2023-03-31 13:00:52', '2023-03-31 13:00:52'),
(6592, 1416, 2, 6, '60.00', '2023-03-31 13:00:52', '2023-03-31 13:00:52'),
(6593, 1416, 3, 17, '142.00', '2023-03-31 13:00:52', '2023-03-31 13:00:52'),
(6594, 1416, 4, 15, '55.00', '2023-03-31 13:00:52', '2023-03-31 13:00:52'),
(6595, 1417, 1, 18, '123.00', '2023-03-31 13:00:52', '2023-03-31 13:00:52'),
(6596, 1417, 2, 24, '68.00', '2023-03-31 13:00:52', '2023-03-31 13:00:52'),
(6597, 1417, 3, 23, '191.00', '2023-03-31 13:00:52', '2023-03-31 13:00:52'),
(6598, 1417, 4, 7, '57.00', '2023-03-31 13:00:52', '2023-03-31 13:00:52');
INSERT INTO `set_reps` (`id`, `idTrainings_Exercise`, `num_of_set`, `num_of_reps`, `weight`, `updated_at`, `created_at`) VALUES
(6599, 1418, 1, 15, '85.00', '2023-03-31 13:00:52', '2023-03-31 13:00:52'),
(6600, 1418, 2, 13, '87.00', '2023-03-31 13:00:52', '2023-03-31 13:00:52'),
(6601, 1418, 3, 11, '90.00', '2023-03-31 13:00:52', '2023-03-31 13:00:52'),
(6602, 1418, 4, 9, '90.00', '2023-03-31 13:00:52', '2023-03-31 13:00:52'),
(6603, 1419, 1, 18, '12.00', '2023-03-31 13:00:52', '2023-03-31 13:00:52'),
(6604, 1419, 2, 23, '147.00', '2023-03-31 13:00:52', '2023-03-31 13:00:52'),
(6605, 1419, 3, 19, '147.00', '2023-03-31 13:00:52', '2023-03-31 13:00:52'),
(6606, 1419, 4, 11, '153.00', '2023-03-31 13:00:52', '2023-03-31 13:00:52'),
(6607, 1419, 5, 24, '164.00', '2023-03-31 13:00:52', '2023-03-31 13:00:52'),
(6608, 1420, 1, 16, '94.00', '2023-03-31 13:00:52', '2023-03-31 13:00:52'),
(6609, 1420, 2, 13, '94.00', '2023-03-31 13:00:52', '2023-03-31 13:00:52'),
(6610, 1420, 3, 11, '94.00', '2023-03-31 13:00:52', '2023-03-31 13:00:52'),
(6611, 1420, 4, 9, '94.00', '2023-03-31 13:00:52', '2023-03-31 13:00:52'),
(6612, 1421, 1, 7, '93.00', '2023-03-31 13:00:52', '2023-03-31 13:00:52'),
(6613, 1421, 2, 23, '68.00', '2023-03-31 13:00:52', '2023-03-31 13:00:52'),
(6614, 1421, 3, 11, '14.00', '2023-03-31 13:00:52', '2023-03-31 13:00:52'),
(6615, 1421, 4, 16, '38.00', '2023-03-31 13:00:52', '2023-03-31 13:00:52'),
(6616, 1421, 5, 23, '39.00', '2023-03-31 13:00:52', '2023-03-31 13:00:52'),
(6617, 1421, 6, 7, '37.00', '2023-03-31 13:00:52', '2023-03-31 13:00:52'),
(6618, 1423, 1, 21, '96.00', '2023-03-31 13:10:52', '2023-03-31 13:10:52'),
(6619, 1423, 2, 22, '57.00', '2023-03-31 13:10:52', '2023-03-31 13:10:52'),
(6620, 1423, 3, 12, '96.00', '2023-03-31 13:10:52', '2023-03-31 13:10:52'),
(6621, 1423, 4, 10, '96.00', '2023-03-31 13:10:52', '2023-03-31 13:10:52'),
(6622, 1424, 1, 5, '85.00', '2023-03-31 13:10:52', '2023-03-31 13:10:52'),
(6623, 1424, 2, 21, '90.00', '2023-03-31 13:10:52', '2023-03-31 13:10:52'),
(6624, 1424, 3, 24, '134.00', '2023-03-31 13:10:52', '2023-03-31 13:10:52'),
(6625, 1424, 4, 13, '11.00', '2023-03-31 13:10:52', '2023-03-31 13:10:52'),
(6626, 1424, 5, 20, '22.00', '2023-03-31 13:10:52', '2023-03-31 13:10:52'),
(6627, 1425, 1, 5, '104.00', '2023-03-31 13:10:52', '2023-03-31 13:10:52'),
(6628, 1425, 2, 12, '156.00', '2023-03-31 13:10:52', '2023-03-31 13:10:52'),
(6629, 1425, 3, 7, '16.00', '2023-03-31 13:10:52', '2023-03-31 13:10:52'),
(6630, 1425, 4, 10, '104.00', '2023-03-31 13:10:52', '2023-03-31 13:10:52'),
(6631, 1426, 1, 28, '40.00', '2023-03-31 13:10:52', '2023-03-31 13:10:52'),
(6632, 1426, 2, 21, '190.00', '2023-03-31 13:10:52', '2023-03-31 13:10:52'),
(6633, 1426, 3, 28, '93.00', '2023-03-31 13:10:52', '2023-03-31 13:10:52'),
(6634, 1426, 4, 22, '73.00', '2023-03-31 13:10:52', '2023-03-31 13:10:52'),
(6635, 1426, 5, 20, '194.00', '2023-03-31 13:10:52', '2023-03-31 13:10:52'),
(6636, 1426, 6, 19, '151.00', '2023-03-31 13:10:52', '2023-03-31 13:10:52'),
(6637, 1426, 7, 17, '186.00', '2023-03-31 13:10:52', '2023-03-31 13:10:52'),
(6638, 1427, 1, 25, '68.00', '2023-03-31 13:10:52', '2023-03-31 13:10:52'),
(6639, 1427, 2, 26, '12.00', '2023-03-31 13:10:52', '2023-03-31 13:10:52'),
(6640, 1427, 3, 24, '161.00', '2023-03-31 13:10:52', '2023-03-31 13:10:52'),
(6641, 1427, 4, 30, '24.00', '2023-03-31 13:10:52', '2023-03-31 13:10:52'),
(6642, 1427, 5, 6, '185.00', '2023-03-31 13:10:52', '2023-03-31 13:10:52'),
(6643, 1427, 6, 17, '97.00', '2023-03-31 13:10:52', '2023-03-31 13:10:52'),
(6644, 1427, 7, 22, '179.00', '2023-03-31 13:10:52', '2023-03-31 13:10:52'),
(6645, 1428, 1, 15, '176.00', '2023-03-31 13:10:52', '2023-03-31 13:10:52'),
(6646, 1428, 2, 20, '193.00', '2023-03-31 13:10:52', '2023-03-31 13:10:52'),
(6647, 1428, 3, 16, '39.00', '2023-03-31 13:10:52', '2023-03-31 13:10:52'),
(6648, 1428, 4, 5, '105.00', '2023-03-31 13:10:52', '2023-03-31 13:10:52'),
(6649, 1428, 5, 22, '54.00', '2023-03-31 13:10:52', '2023-03-31 13:10:52'),
(6650, 1428, 6, 21, '183.00', '2023-03-31 13:10:52', '2023-03-31 13:10:52'),
(6651, 1429, 1, 14, '155.00', '2023-03-31 13:10:52', '2023-03-31 13:10:52'),
(6652, 1429, 2, 28, '88.00', '2023-03-31 13:10:52', '2023-03-31 13:10:52'),
(6653, 1429, 3, 7, '113.00', '2023-03-31 13:10:52', '2023-03-31 13:10:52'),
(6654, 1429, 4, 21, '169.00', '2023-03-31 13:10:52', '2023-03-31 13:10:52'),
(6655, 1429, 5, 23, '163.00', '2023-03-31 13:10:52', '2023-03-31 13:10:52'),
(6656, 1430, 1, 18, '180.00', '2023-03-31 13:10:52', '2023-03-31 13:10:52'),
(6657, 1430, 2, 10, '186.00', '2023-03-31 13:10:52', '2023-03-31 13:10:52'),
(6658, 1430, 3, 30, '197.00', '2023-03-31 13:10:52', '2023-03-31 13:10:52'),
(6659, 1430, 4, 18, '175.00', '2023-03-31 13:10:52', '2023-03-31 13:10:52'),
(6660, 1430, 5, 6, '111.00', '2023-03-31 13:10:52', '2023-03-31 13:10:52'),
(6661, 1430, 6, 5, '88.00', '2023-03-31 13:10:52', '2023-03-31 13:10:52'),
(6662, 1430, 7, 12, '101.00', '2023-03-31 13:10:52', '2023-03-31 13:10:52'),
(6663, 1430, 8, 9, '44.00', '2023-03-31 13:10:52', '2023-03-31 13:10:52'),
(6664, 1430, 9, 24, '57.00', '2023-03-31 13:10:52', '2023-03-31 13:10:52'),
(6665, 1430, 10, 9, '47.00', '2023-03-31 13:10:52', '2023-03-31 13:10:52'),
(6666, 1430, 11, 8, '30.00', '2023-03-31 13:10:52', '2023-03-31 13:10:52'),
(6667, 1432, 1, 16, '80.00', '2023-03-31 13:11:45', '2023-03-31 13:11:45'),
(6668, 1432, 2, 28, '176.00', '2023-03-31 13:11:45', '2023-03-31 13:11:45'),
(6669, 1432, 3, 12, '80.00', '2023-03-31 13:11:45', '2023-03-31 13:11:45'),
(6670, 1432, 4, 10, '80.00', '2023-03-31 13:11:45', '2023-03-31 13:11:45'),
(6671, 1433, 1, 22, '71.00', '2023-03-31 13:11:45', '2023-03-31 13:11:45'),
(6672, 1433, 2, 27, '125.00', '2023-03-31 13:11:45', '2023-03-31 13:11:45'),
(6673, 1433, 3, 12, '154.00', '2023-03-31 13:11:45', '2023-03-31 13:11:45'),
(6674, 1433, 4, 5, '48.00', '2023-03-31 13:11:45', '2023-03-31 13:11:45'),
(6675, 1433, 5, 28, '195.00', '2023-03-31 13:11:45', '2023-03-31 13:11:45'),
(6676, 1434, 1, 12, '168.00', '2023-03-31 13:11:45', '2023-03-31 13:11:45'),
(6677, 1434, 2, 7, '39.00', '2023-03-31 13:11:45', '2023-03-31 13:11:45'),
(6678, 1434, 3, 11, '71.00', '2023-03-31 13:11:45', '2023-03-31 13:11:45'),
(6679, 1434, 4, 25, '163.00', '2023-03-31 13:11:45', '2023-03-31 13:11:45'),
(6680, 1434, 5, 26, '151.00', '2023-03-31 13:11:45', '2023-03-31 13:11:45'),
(6681, 1434, 6, 18, '126.00', '2023-03-31 13:11:45', '2023-03-31 13:11:45'),
(6682, 1435, 1, 16, '154.00', '2023-03-31 13:11:45', '2023-03-31 13:11:45'),
(6683, 1435, 2, 26, '20.00', '2023-03-31 13:11:45', '2023-03-31 13:11:45'),
(6684, 1435, 3, 29, '55.00', '2023-03-31 13:11:45', '2023-03-31 13:11:45'),
(6685, 1435, 4, 25, '117.00', '2023-03-31 13:11:45', '2023-03-31 13:11:45'),
(6686, 1436, 1, 14, '28.00', '2023-03-31 13:11:45', '2023-03-31 13:11:45'),
(6687, 1436, 2, 8, '22.00', '2023-03-31 13:11:45', '2023-03-31 13:11:45'),
(6688, 1436, 3, 18, '116.00', '2023-03-31 13:11:45', '2023-03-31 13:11:45'),
(6689, 1436, 4, 17, '200.00', '2023-03-31 13:11:45', '2023-03-31 13:11:45'),
(6690, 1436, 5, 6, '158.00', '2023-03-31 13:11:45', '2023-03-31 13:11:45'),
(6691, 1436, 6, 22, '33.00', '2023-03-31 13:11:45', '2023-03-31 13:11:45'),
(6692, 1437, 1, 6, '192.00', '2023-03-31 13:11:45', '2023-03-31 13:11:45'),
(6693, 1437, 2, 19, '30.00', '2023-03-31 13:11:45', '2023-03-31 13:11:45'),
(6694, 1437, 3, 12, '37.00', '2023-03-31 13:11:45', '2023-03-31 13:11:45'),
(6695, 1437, 4, 22, '174.00', '2023-03-31 13:11:45', '2023-03-31 13:11:45'),
(6696, 1437, 5, 26, '130.00', '2023-03-31 13:11:45', '2023-03-31 13:11:45'),
(6697, 1437, 6, 24, '105.00', '2023-03-31 13:11:45', '2023-03-31 13:11:45'),
(6698, 1437, 7, 28, '176.00', '2023-03-31 13:11:45', '2023-03-31 13:11:45'),
(6699, 1438, 1, 29, '164.00', '2023-03-31 13:11:45', '2023-03-31 13:11:45'),
(6700, 1438, 2, 21, '148.00', '2023-03-31 13:11:45', '2023-03-31 13:11:45'),
(6701, 1438, 3, 28, '111.00', '2023-03-31 13:11:45', '2023-03-31 13:11:45'),
(6702, 1438, 4, 6, '120.00', '2023-03-31 13:11:45', '2023-03-31 13:11:45'),
(6703, 1438, 5, 26, '100.00', '2023-03-31 13:11:45', '2023-03-31 13:11:45'),
(6704, 1440, 1, 29, '140.00', '2023-03-31 13:12:43', '2023-03-31 13:12:43'),
(6705, 1440, 2, 24, '164.00', '2023-03-31 13:12:43', '2023-03-31 13:12:43'),
(6706, 1440, 3, 10, '66.00', '2023-03-31 13:12:43', '2023-03-31 13:12:43'),
(6707, 1440, 4, 15, '171.00', '2023-03-31 13:12:43', '2023-03-31 13:12:43'),
(6708, 1440, 5, 22, '19.00', '2023-03-31 13:12:43', '2023-03-31 13:12:43'),
(6709, 1440, 6, 24, '53.00', '2023-03-31 13:12:43', '2023-03-31 13:12:43'),
(6710, 1440, 7, 17, '96.00', '2023-03-31 13:12:43', '2023-03-31 13:12:43'),
(6711, 1441, 1, 22, '71.00', '2023-03-31 13:12:43', '2023-03-31 13:12:43'),
(6712, 1441, 2, 27, '125.00', '2023-03-31 13:12:43', '2023-03-31 13:12:43'),
(6713, 1441, 3, 12, '154.00', '2023-03-31 13:12:43', '2023-03-31 13:12:43'),
(6714, 1441, 4, 5, '48.00', '2023-03-31 13:12:43', '2023-03-31 13:12:43'),
(6715, 1441, 5, 28, '195.00', '2023-03-31 13:12:43', '2023-03-31 13:12:43'),
(6716, 1442, 1, 28, '186.00', '2023-03-31 13:12:43', '2023-03-31 13:12:43'),
(6717, 1442, 2, 5, '179.00', '2023-03-31 13:12:43', '2023-03-31 13:12:43'),
(6718, 1442, 3, 14, '170.00', '2023-03-31 13:12:43', '2023-03-31 13:12:43'),
(6719, 1442, 4, 21, '80.00', '2023-03-31 13:12:43', '2023-03-31 13:12:43'),
(6720, 1442, 5, 12, '47.00', '2023-03-31 13:12:43', '2023-03-31 13:12:43'),
(6721, 1442, 6, 14, '99.00', '2023-03-31 13:12:43', '2023-03-31 13:12:43'),
(6722, 1442, 7, 16, '102.00', '2023-03-31 13:12:43', '2023-03-31 13:12:43'),
(6723, 1443, 1, 17, '146.00', '2023-03-31 13:12:43', '2023-03-31 13:12:43'),
(6724, 1443, 2, 11, '12.00', '2023-03-31 13:12:43', '2023-03-31 13:12:43'),
(6725, 1443, 3, 15, '165.00', '2023-03-31 13:12:43', '2023-03-31 13:12:43'),
(6726, 1443, 4, 14, '131.00', '2023-03-31 13:12:43', '2023-03-31 13:12:43'),
(6727, 1443, 5, 23, '118.00', '2023-03-31 13:12:43', '2023-03-31 13:12:43'),
(6728, 1443, 6, 21, '84.00', '2023-03-31 13:12:43', '2023-03-31 13:12:43'),
(6729, 1444, 1, 21, '25.00', '2023-03-31 13:12:43', '2023-03-31 13:12:43'),
(6730, 1444, 2, 30, '59.00', '2023-03-31 13:12:43', '2023-03-31 13:12:43'),
(6731, 1444, 3, 5, '108.00', '2023-03-31 13:12:43', '2023-03-31 13:12:43'),
(6732, 1444, 4, 10, '81.00', '2023-03-31 13:12:43', '2023-03-31 13:12:43'),
(6733, 1445, 1, 12, '37.00', '2023-03-31 13:12:43', '2023-03-31 13:12:43'),
(6734, 1445, 2, 21, '114.00', '2023-03-31 13:12:43', '2023-03-31 13:12:43'),
(6735, 1445, 3, 28, '157.00', '2023-03-31 13:12:43', '2023-03-31 13:12:43'),
(6736, 1445, 4, 25, '18.00', '2023-03-31 13:12:43', '2023-03-31 13:12:43'),
(6737, 1445, 5, 22, '171.00', '2023-03-31 13:12:43', '2023-03-31 13:12:43'),
(6738, 1446, 1, 13, '73.00', '2023-03-31 13:12:43', '2023-03-31 13:12:43'),
(6739, 1446, 2, 17, '181.00', '2023-03-31 13:12:43', '2023-03-31 13:12:43'),
(6740, 1446, 3, 11, '181.00', '2023-03-31 13:12:43', '2023-03-31 13:12:43'),
(6741, 1446, 4, 9, '181.00', '2023-03-31 13:12:43', '2023-03-31 13:12:43'),
(6742, 1448, 1, 21, '96.00', '2023-03-31 13:13:22', '2023-03-31 13:13:22'),
(6743, 1448, 2, 22, '57.00', '2023-03-31 13:13:22', '2023-03-31 13:13:22'),
(6744, 1448, 3, 12, '96.00', '2023-03-31 13:13:22', '2023-03-31 13:13:22'),
(6745, 1448, 4, 10, '96.00', '2023-03-31 13:13:22', '2023-03-31 13:13:22'),
(6746, 1449, 1, 30, '163.00', '2023-03-31 13:13:22', '2023-03-31 13:13:22'),
(6747, 1449, 2, 10, '120.00', '2023-03-31 13:13:22', '2023-03-31 13:13:22'),
(6748, 1449, 3, 12, '95.00', '2023-03-31 13:13:22', '2023-03-31 13:13:22'),
(6749, 1449, 4, 25, '149.00', '2023-03-31 13:13:22', '2023-03-31 13:13:22'),
(6750, 1449, 5, 10, '185.00', '2023-03-31 13:13:22', '2023-03-31 13:13:22'),
(6751, 1450, 1, 5, '104.00', '2023-03-31 13:13:22', '2023-03-31 13:13:22'),
(6752, 1450, 2, 12, '156.00', '2023-03-31 13:13:22', '2023-03-31 13:13:22'),
(6753, 1450, 3, 7, '16.00', '2023-03-31 13:13:22', '2023-03-31 13:13:22'),
(6754, 1450, 4, 10, '104.00', '2023-03-31 13:13:22', '2023-03-31 13:13:22'),
(6755, 1451, 1, 29, '49.00', '2023-03-31 13:13:22', '2023-03-31 13:13:22'),
(6756, 1451, 2, 13, '188.00', '2023-03-31 13:13:22', '2023-03-31 13:13:22'),
(6757, 1451, 3, 12, '43.00', '2023-03-31 13:13:22', '2023-03-31 13:13:22'),
(6758, 1451, 4, 9, '43.00', '2023-03-31 13:13:22', '2023-03-31 13:13:22'),
(6759, 1452, 1, 6, '161.00', '2023-03-31 13:13:22', '2023-03-31 13:13:22'),
(6760, 1452, 2, 16, '60.00', '2023-03-31 13:13:22', '2023-03-31 13:13:22'),
(6761, 1452, 3, 16, '181.00', '2023-03-31 13:13:22', '2023-03-31 13:13:22'),
(6762, 1452, 4, 13, '114.00', '2023-03-31 13:13:22', '2023-03-31 13:13:22'),
(6763, 1452, 5, 8, '87.00', '2023-03-31 13:13:22', '2023-03-31 13:13:22'),
(6764, 1452, 6, 6, '34.00', '2023-03-31 13:13:22', '2023-03-31 13:13:22'),
(6765, 1453, 1, 20, '153.00', '2023-03-31 13:13:22', '2023-03-31 13:13:22'),
(6766, 1453, 2, 8, '102.00', '2023-03-31 13:13:22', '2023-03-31 13:13:22'),
(6767, 1453, 3, 28, '102.00', '2023-03-31 13:13:22', '2023-03-31 13:13:22'),
(6768, 1453, 4, 9, '86.00', '2023-03-31 13:13:22', '2023-03-31 13:13:22'),
(6769, 1453, 5, 30, '123.00', '2023-03-31 13:13:22', '2023-03-31 13:13:22'),
(6770, 1453, 6, 12, '17.00', '2023-03-31 13:13:22', '2023-03-31 13:13:22'),
(6771, 1453, 7, 21, '142.00', '2023-03-31 13:13:22', '2023-03-31 13:13:22'),
(6772, 1453, 8, 23, '134.00', '2023-03-31 13:13:22', '2023-03-31 13:13:22'),
(6773, 1454, 1, 15, '186.00', '2023-03-31 13:13:22', '2023-03-31 13:13:22'),
(6774, 1454, 2, 11, '177.00', '2023-03-31 13:13:22', '2023-03-31 13:13:22'),
(6775, 1454, 3, 25, '188.00', '2023-03-31 13:13:22', '2023-03-31 13:13:22'),
(6776, 1454, 4, 6, '106.00', '2023-03-31 13:13:22', '2023-03-31 13:13:22'),
(6777, 1454, 5, 22, '45.00', '2023-03-31 13:13:22', '2023-03-31 13:13:22'),
(6778, 1454, 6, 13, '74.00', '2023-03-31 13:13:22', '2023-03-31 13:13:22'),
(6779, 1455, 1, 27, '192.00', '2023-03-31 13:13:22', '2023-03-31 13:13:22'),
(6780, 1455, 2, 12, '192.00', '2023-03-31 13:13:22', '2023-03-31 13:13:22'),
(6781, 1455, 3, 12, '192.00', '2023-03-31 13:13:22', '2023-03-31 13:13:22'),
(6782, 1455, 4, 10, '192.00', '2023-03-31 13:13:22', '2023-03-31 13:13:22'),
(6783, 1457, 1, 30, '0.00', '2023-04-03 12:47:57', '2023-04-03 12:47:57'),
(6784, 1457, 2, 25, '0.00', '2023-04-03 12:47:57', '2023-04-03 12:47:57'),
(6785, 1457, 3, 20, '0.00', '2023-04-03 12:47:57', '2023-04-03 12:47:57'),
(6786, 1457, 4, 15, '0.00', '2023-04-03 12:47:57', '2023-04-03 12:47:57'),
(6787, 1458, 1, 30, '0.00', '2023-04-03 12:47:57', '2023-04-03 12:47:57'),
(6788, 1458, 2, 25, '0.00', '2023-04-03 12:47:57', '2023-04-03 12:47:57'),
(6789, 1458, 3, 20, '0.00', '2023-04-03 12:47:57', '2023-04-03 12:47:57'),
(6790, 1458, 4, 15, '0.00', '2023-04-03 12:47:57', '2023-04-03 12:47:57'),
(6791, 1459, 1, 30, '0.00', '2023-04-03 12:47:57', '2023-04-03 12:47:57'),
(6792, 1459, 2, 25, '0.00', '2023-04-03 12:47:57', '2023-04-03 12:47:57'),
(6793, 1459, 3, 20, '0.00', '2023-04-03 12:47:57', '2023-04-03 12:47:57'),
(6794, 1459, 4, 15, '0.00', '2023-04-03 12:47:57', '2023-04-03 12:47:57'),
(6795, 1460, 1, 30, '0.00', '2023-04-03 12:47:57', '2023-04-03 12:47:57'),
(6796, 1460, 2, 25, '0.00', '2023-04-03 12:47:57', '2023-04-03 12:47:57'),
(6797, 1460, 3, 20, '0.00', '2023-04-03 12:47:57', '2023-04-03 12:47:57'),
(6798, 1460, 4, 15, '0.00', '2023-04-03 12:47:57', '2023-04-03 12:47:57'),
(6799, 1461, 1, 30, '0.00', '2023-04-03 12:47:57', '2023-04-03 12:47:57'),
(6800, 1461, 2, 25, '0.00', '2023-04-03 12:47:57', '2023-04-03 12:47:57'),
(6801, 1461, 3, 20, '0.00', '2023-04-03 12:47:57', '2023-04-03 12:47:57'),
(6802, 1461, 4, 15, '0.00', '2023-04-03 12:47:57', '2023-04-03 12:47:57'),
(6803, 1462, 1, 30, '0.00', '2023-04-03 12:47:57', '2023-04-03 12:47:57'),
(6804, 1462, 2, 25, '0.00', '2023-04-03 12:47:57', '2023-04-03 12:47:57'),
(6805, 1462, 3, 20, '0.00', '2023-04-03 12:47:57', '2023-04-03 12:47:57'),
(6806, 1462, 4, 15, '0.00', '2023-04-03 12:47:57', '2023-04-03 12:47:57'),
(6807, 1463, 1, 30, '0.00', '2023-04-03 12:47:57', '2023-04-03 12:47:57'),
(6808, 1463, 2, 25, '0.00', '2023-04-03 12:47:57', '2023-04-03 12:47:57'),
(6809, 1463, 3, 20, '0.00', '2023-04-03 12:47:57', '2023-04-03 12:47:57'),
(6810, 1463, 4, 15, '0.00', '2023-04-03 12:47:57', '2023-04-03 12:47:57'),
(6811, 1465, 1, 30, '0.00', '2023-04-03 12:48:03', '2023-04-03 12:48:03'),
(6812, 1465, 2, 25, '0.00', '2023-04-03 12:48:03', '2023-04-03 12:48:03'),
(6813, 1465, 3, 20, '0.00', '2023-04-03 12:48:03', '2023-04-03 12:48:03'),
(6814, 1465, 4, 15, '0.00', '2023-04-03 12:48:03', '2023-04-03 12:48:03'),
(6815, 1466, 1, 30, '0.00', '2023-04-03 12:48:03', '2023-04-03 12:48:03'),
(6816, 1466, 2, 25, '0.00', '2023-04-03 12:48:03', '2023-04-03 12:48:03'),
(6817, 1466, 3, 20, '0.00', '2023-04-03 12:48:03', '2023-04-03 12:48:03'),
(6818, 1466, 4, 15, '0.00', '2023-04-03 12:48:03', '2023-04-03 12:48:03'),
(6819, 1467, 1, 15, '0.00', '2023-04-03 12:48:03', '2023-04-03 12:48:03'),
(6820, 1467, 2, 13, '0.00', '2023-04-03 12:48:03', '2023-04-03 12:48:03'),
(6821, 1467, 3, 11, '0.00', '2023-04-03 12:48:03', '2023-04-03 12:48:03'),
(6822, 1467, 4, 9, '0.00', '2023-04-03 12:48:03', '2023-04-03 12:48:03'),
(6823, 1468, 1, 15, '0.00', '2023-04-03 12:48:03', '2023-04-03 12:48:03'),
(6824, 1468, 2, 13, '0.00', '2023-04-03 12:48:03', '2023-04-03 12:48:03'),
(6825, 1468, 3, 11, '0.00', '2023-04-03 12:48:03', '2023-04-03 12:48:03'),
(6826, 1468, 4, 9, '0.00', '2023-04-03 12:48:03', '2023-04-03 12:48:03'),
(6827, 1469, 1, 15, '0.00', '2023-04-03 12:48:03', '2023-04-03 12:48:03'),
(6828, 1469, 2, 13, '0.00', '2023-04-03 12:48:03', '2023-04-03 12:48:03'),
(6829, 1469, 3, 11, '0.00', '2023-04-03 12:48:03', '2023-04-03 12:48:03'),
(6830, 1469, 4, 9, '0.00', '2023-04-03 12:48:03', '2023-04-03 12:48:03'),
(6831, 1470, 1, 15, '0.00', '2023-04-03 12:48:03', '2023-04-03 12:48:03'),
(6832, 1470, 2, 15, '0.00', '2023-04-03 12:48:03', '2023-04-03 12:48:03'),
(6833, 1470, 3, 15, '0.00', '2023-04-03 12:48:03', '2023-04-03 12:48:03'),
(6834, 1470, 4, 15, '0.00', '2023-04-03 12:48:03', '2023-04-03 12:48:03'),
(6835, 1471, 1, 15, '0.00', '2023-04-03 12:48:03', '2023-04-03 12:48:03'),
(6836, 1471, 2, 15, '0.00', '2023-04-03 12:48:03', '2023-04-03 12:48:03'),
(6837, 1471, 3, 15, '0.00', '2023-04-03 12:48:03', '2023-04-03 12:48:03'),
(6838, 1471, 4, 15, '0.00', '2023-04-03 12:48:03', '2023-04-03 12:48:03'),
(6839, 1472, 1, 30, '0.00', '2023-04-03 12:48:03', '2023-04-03 12:48:03'),
(6840, 1472, 2, 25, '0.00', '2023-04-03 12:48:03', '2023-04-03 12:48:03'),
(6841, 1472, 3, 20, '0.00', '2023-04-03 12:48:03', '2023-04-03 12:48:03'),
(6842, 1472, 4, 15, '0.00', '2023-04-03 12:48:03', '2023-04-03 12:48:03'),
(6843, 1474, 1, 30, '0.00', '2023-04-03 12:48:06', '2023-04-03 12:48:06'),
(6844, 1474, 2, 25, '0.00', '2023-04-03 12:48:06', '2023-04-03 12:48:06'),
(6845, 1474, 3, 20, '0.00', '2023-04-03 12:48:06', '2023-04-03 12:48:06'),
(6846, 1474, 4, 15, '0.00', '2023-04-03 12:48:06', '2023-04-03 12:48:06'),
(6847, 1475, 1, 30, '0.00', '2023-04-03 12:48:06', '2023-04-03 12:48:06'),
(6848, 1475, 2, 25, '0.00', '2023-04-03 12:48:06', '2023-04-03 12:48:06'),
(6849, 1475, 3, 20, '0.00', '2023-04-03 12:48:06', '2023-04-03 12:48:06'),
(6850, 1475, 4, 15, '0.00', '2023-04-03 12:48:06', '2023-04-03 12:48:06'),
(6851, 1476, 1, 30, '0.00', '2023-04-03 12:48:06', '2023-04-03 12:48:06'),
(6852, 1476, 2, 25, '0.00', '2023-04-03 12:48:06', '2023-04-03 12:48:06'),
(6853, 1476, 3, 20, '0.00', '2023-04-03 12:48:06', '2023-04-03 12:48:06'),
(6854, 1476, 4, 15, '0.00', '2023-04-03 12:48:06', '2023-04-03 12:48:06'),
(6855, 1477, 1, 30, '0.00', '2023-04-03 12:48:06', '2023-04-03 12:48:06'),
(6856, 1477, 2, 25, '0.00', '2023-04-03 12:48:06', '2023-04-03 12:48:06'),
(6857, 1477, 3, 20, '0.00', '2023-04-03 12:48:06', '2023-04-03 12:48:06'),
(6858, 1477, 4, 15, '0.00', '2023-04-03 12:48:06', '2023-04-03 12:48:06'),
(6859, 1478, 1, 30, '0.00', '2023-04-03 12:48:06', '2023-04-03 12:48:06'),
(6860, 1478, 2, 25, '0.00', '2023-04-03 12:48:06', '2023-04-03 12:48:06'),
(6861, 1478, 3, 20, '0.00', '2023-04-03 12:48:06', '2023-04-03 12:48:06'),
(6862, 1478, 4, 15, '0.00', '2023-04-03 12:48:06', '2023-04-03 12:48:06'),
(6863, 1479, 1, 30, '0.00', '2023-04-03 12:48:06', '2023-04-03 12:48:06'),
(6864, 1479, 2, 25, '0.00', '2023-04-03 12:48:06', '2023-04-03 12:48:06'),
(6865, 1479, 3, 20, '0.00', '2023-04-03 12:48:06', '2023-04-03 12:48:06'),
(6866, 1479, 4, 15, '0.00', '2023-04-03 12:48:06', '2023-04-03 12:48:06'),
(6867, 1480, 1, 30, '0.00', '2023-04-03 12:48:06', '2023-04-03 12:48:06'),
(6868, 1480, 2, 25, '0.00', '2023-04-03 12:48:06', '2023-04-03 12:48:06'),
(6869, 1480, 3, 20, '0.00', '2023-04-03 12:48:06', '2023-04-03 12:48:06'),
(6870, 1480, 4, 15, '0.00', '2023-04-03 12:48:06', '2023-04-03 12:48:06'),
(6871, 1482, 1, 15, '0.00', '2023-04-03 13:35:09', '2023-04-03 13:35:09'),
(6872, 1482, 2, 13, '0.00', '2023-04-03 13:35:09', '2023-04-03 13:35:09'),
(6873, 1482, 3, 11, '0.00', '2023-04-03 13:35:09', '2023-04-03 13:35:09'),
(6874, 1482, 4, 9, '0.00', '2023-04-03 13:35:09', '2023-04-03 13:35:09'),
(6875, 1483, 1, 25, '10.00', '2023-04-03 13:35:09', '2023-04-03 13:35:09'),
(6876, 1483, 2, 25, '0.00', '2023-04-03 13:35:09', '2023-04-03 13:35:09'),
(6877, 1483, 3, 25, '0.00', '2023-04-03 13:35:09', '2023-04-03 13:35:09'),
(6878, 1483, 4, 25, '0.00', '2023-04-03 13:35:09', '2023-04-03 13:35:09'),
(6879, 1484, 1, 30, '0.00', '2023-04-03 13:35:09', '2023-04-03 13:35:09'),
(6880, 1484, 2, 25, '0.00', '2023-04-03 13:35:09', '2023-04-03 13:35:09'),
(6881, 1484, 3, 20, '0.00', '2023-04-03 13:35:09', '2023-04-03 13:35:09'),
(6882, 1484, 4, 15, '0.00', '2023-04-03 13:35:09', '2023-04-03 13:35:09'),
(6883, 1485, 1, 30, '0.00', '2023-04-03 13:35:09', '2023-04-03 13:35:09'),
(6884, 1485, 2, 25, '0.00', '2023-04-03 13:35:09', '2023-04-03 13:35:09'),
(6885, 1485, 3, 20, '0.00', '2023-04-03 13:35:09', '2023-04-03 13:35:09'),
(6886, 1485, 4, 15, '0.00', '2023-04-03 13:35:09', '2023-04-03 13:35:09'),
(6887, 1486, 1, 30, '0.00', '2023-04-03 13:35:09', '2023-04-03 13:35:09'),
(6888, 1486, 2, 25, '0.00', '2023-04-03 13:35:09', '2023-04-03 13:35:09'),
(6889, 1486, 3, 20, '0.00', '2023-04-03 13:35:09', '2023-04-03 13:35:09'),
(6890, 1486, 4, 15, '0.00', '2023-04-03 13:35:09', '2023-04-03 13:35:09'),
(6891, 1487, 1, 30, '0.00', '2023-04-03 13:35:09', '2023-04-03 13:35:09'),
(6892, 1487, 2, 25, '0.00', '2023-04-03 13:35:09', '2023-04-03 13:35:09'),
(6893, 1487, 3, 20, '0.00', '2023-04-03 13:35:09', '2023-04-03 13:35:09'),
(6894, 1487, 4, 15, '0.00', '2023-04-03 13:35:09', '2023-04-03 13:35:09'),
(6895, 1488, 1, 30, '0.00', '2023-04-03 13:35:09', '2023-04-03 13:35:09'),
(6896, 1488, 2, 25, '0.00', '2023-04-03 13:35:09', '2023-04-03 13:35:09'),
(6897, 1488, 3, 20, '0.00', '2023-04-03 13:35:09', '2023-04-03 13:35:09'),
(6898, 1488, 4, 15, '0.00', '2023-04-03 13:35:09', '2023-04-03 13:35:09'),
(6899, 1489, 1, 30, '0.00', '2023-04-03 13:35:09', '2023-04-03 13:35:09'),
(6900, 1489, 2, 25, '0.00', '2023-04-03 13:35:09', '2023-04-03 13:35:09'),
(6901, 1489, 3, 20, '0.00', '2023-04-03 13:35:09', '2023-04-03 13:35:09'),
(6902, 1489, 4, 15, '0.00', '2023-04-03 13:35:09', '2023-04-03 13:35:09');

-- --------------------------------------------------------

--
-- Table structure for table `trainings`
--

CREATE TABLE `trainings` (
  `id` bigint(20) UNSIGNED NOT NULL,
  `training` varchar(50) NOT NULL,
  `idUser` bigint(20) UNSIGNED NOT NULL,
  `created_at` timestamp NULL DEFAULT NULL,
  `updated_at` timestamp NULL DEFAULT NULL
) ENGINE=InnoDB DEFAULT CHARSET=utf8mb4 COLLATE=utf8mb4_unicode_ci;

--
-- Dumping data for table `trainings`
--

INSERT INTO `trainings` (`id`, `training`, `idUser`, `created_at`, `updated_at`) VALUES
(19, 'Pull', 2, '2022-11-23 12:46:30', '2022-11-23 12:46:30'),
(20, 'Push', 2, '2022-12-14 01:49:32', '2022-12-14 01:49:32'),
(21, 'Legs', 2, '2022-08-29 10:29:01', '2022-08-29 10:29:01'),
(22, 'Push', 2, '2022-07-08 03:38:50', '2022-07-08 03:38:50'),
(23, 'Legs', 2, '2022-05-03 15:57:28', '2022-05-03 15:57:28'),
(24, 'Pull', 2, '2022-05-23 05:11:05', '2022-05-23 05:11:05'),
(25, 'Push', 2, '2022-10-17 16:26:42', '2022-10-17 16:26:42'),
(26, 'Legs', 2, '2022-09-19 11:59:18', '2022-09-19 11:59:18'),
(27, 'Legs', 2, '2022-07-30 23:38:02', '2022-07-30 23:38:02'),
(28, 'Legs', 2, '2022-11-03 12:05:43', '2022-11-03 12:05:43'),
(29, 'Pull', 2, '2022-12-02 17:28:15', '2022-12-02 17:28:15'),
(30, 'Pull', 2, '2022-10-08 11:45:26', '2022-10-08 11:45:26'),
(31, 'Pull', 2, '2022-05-01 12:12:47', '2022-05-01 12:12:47'),
(32, 'Push', 2, '2022-06-19 00:06:01', '2022-06-19 00:06:01'),
(33, 'Push', 2, '2022-12-10 04:00:53', '2022-12-10 04:00:53'),
(34, 'Pull', 2, '2022-10-22 15:46:43', '2022-10-22 15:46:43'),
(35, 'Pull', 2, '2023-01-26 14:34:09', '2023-01-26 14:34:09'),
(36, 'Legs', 2, '2022-04-04 07:24:32', '2022-04-04 07:24:32'),
(37, 'Push', 2, '2022-04-11 08:00:33', '2022-04-11 08:00:33'),
(38, 'Pull', 2, '2022-08-27 11:37:00', '2022-08-27 11:37:00'),
(39, 'Push', 2, '2023-01-27 00:42:01', '2023-01-27 00:42:01'),
(40, 'Legs', 2, '2022-03-18 10:57:18', '2022-03-18 10:57:18'),
(41, 'Pull', 2, '2022-10-01 15:21:30', '2022-10-01 15:21:30'),
(42, 'Legs', 2, '2022-12-24 00:00:31', '2022-12-24 00:00:31'),
(43, 'Push', 2, '2022-10-22 22:38:46', '2022-10-22 22:38:46'),
(44, 'Pull', 2, '2022-05-16 18:00:41', '2022-05-16 18:00:41'),
(45, 'Push', 2, '2022-10-26 14:24:36', '2022-10-26 14:24:36'),
(46, 'Legs', 2, '2022-09-12 01:05:34', '2022-09-12 01:05:34'),
(47, 'Legs', 2, '2022-07-18 04:35:19', '2022-07-18 04:35:19'),
(48, 'Legs', 2, '2022-04-29 03:43:35', '2022-04-29 03:43:35'),
(49, 'Pull', 2, '2022-12-23 07:47:03', '2022-12-23 07:47:03'),
(50, 'Pull', 2, '2022-06-20 22:54:12', '2022-06-20 22:54:12'),
(51, 'Pull', 2, '2022-10-05 15:04:02', '2022-10-05 15:04:02'),
(52, 'Pull', 2, '2022-10-07 14:55:41', '2022-10-07 14:55:41'),
(53, 'Pull', 2, '2022-07-07 20:26:46', '2022-07-07 20:26:46'),
(54, 'Push', 2, '2022-04-01 23:25:52', '2022-04-01 23:25:52'),
(55, 'Pull', 2, '2022-06-08 20:23:57', '2022-06-08 20:23:57'),
(56, 'Pull', 2, '2023-01-23 06:07:25', '2023-01-23 06:07:25'),
(57, 'Pull', 2, '2022-12-15 21:22:21', '2022-12-15 21:22:21'),
(58, 'Pull', 2, '2022-07-02 17:34:32', '2022-07-02 17:34:32'),
(59, 'Pull', 2, '2022-12-22 15:41:37', '2022-12-22 15:41:37'),
(60, 'Legs', 2, '2022-10-18 08:11:28', '2022-10-18 08:11:28'),
(61, 'Pull', 2, '2022-10-23 15:05:09', '2022-10-23 15:05:09'),
(62, 'Pull', 2, '2022-09-11 21:18:59', '2022-09-11 21:18:59'),
(63, 'Legs', 2, '2022-06-24 19:59:44', '2022-06-24 19:59:44'),
(64, 'Legs', 2, '2022-11-03 14:29:49', '2022-11-03 14:29:49'),
(65, 'Pull', 2, '2022-12-25 07:51:19', '2022-12-25 07:51:19'),
(66, 'Legs', 2, '2022-06-28 05:12:39', '2022-06-28 05:12:39'),
(67, 'Push', 2, '2022-04-04 22:27:28', '2022-04-04 22:27:28'),
(68, 'Legs', 2, '2022-04-11 20:59:12', '2022-04-11 20:59:12'),
(69, 'Legs', 2, '2023-01-13 02:45:25', '2023-01-13 02:45:25'),
(70, 'Push', 2, '2023-01-23 06:09:28', '2023-01-23 06:09:28'),
(71, 'Pull', 2, '2023-01-09 16:34:18', '2023-01-09 16:34:18'),
(72, 'Legs', 2, '2022-07-11 07:39:01', '2022-07-11 07:39:01'),
(73, 'Pull', 2, '2022-10-22 17:29:37', '2022-10-22 17:29:37'),
(74, 'Push', 2, '2022-11-22 11:37:23', '2022-11-22 11:37:23'),
(75, 'Legs', 2, '2022-09-27 01:52:23', '2022-09-27 01:52:23'),
(76, 'Pull', 2, '2022-12-30 05:56:51', '2022-12-30 05:56:51'),
(77, 'Pull', 2, '2023-01-29 12:03:09', '2023-01-29 12:03:09'),
(78, 'Legs', 2, '2023-01-04 04:06:44', '2023-01-04 04:06:44'),
(79, 'Pull', 2, '2022-10-19 02:22:20', '2022-10-19 02:22:20'),
(80, 'Legs', 2, '2022-04-24 05:26:43', '2022-04-24 05:26:43'),
(81, 'Legs', 2, '2022-04-06 08:02:57', '2022-04-06 08:02:57'),
(82, 'Legs', 2, '2022-04-23 03:27:37', '2022-04-23 03:27:37'),
(83, 'Push', 2, '2022-09-12 03:33:35', '2022-09-12 03:33:35'),
(84, 'Legs', 2, '2022-04-14 14:45:18', '2022-04-14 14:45:18'),
(85, 'Pull', 2, '2022-12-31 23:21:21', '2022-12-31 23:21:21'),
(86, 'Pull', 2, '2022-08-23 07:38:39', '2022-08-23 07:38:39'),
(87, 'Push', 2, '2022-11-20 21:39:09', '2022-11-20 21:39:09'),
(88, 'Legs', 2, '2022-06-13 11:24:54', '2022-06-13 11:24:54'),
(89, 'Legs', 2, '2023-01-07 09:37:45', '2023-01-07 09:37:45'),
(90, 'Pull', 2, '2022-08-27 06:25:33', '2022-08-27 06:25:33'),
(91, 'Push', 2, '2022-04-17 02:20:25', '2022-04-17 02:20:25'),
(92, 'Pull', 2, '2022-08-21 23:56:58', '2022-08-21 23:56:58'),
(93, 'Pull', 2, '2022-12-03 18:48:26', '2022-12-03 18:48:26'),
(94, 'Pull', 2, '2022-10-23 05:21:50', '2022-10-23 05:21:50'),
(95, 'Push', 2, '2022-10-09 12:25:20', '2022-10-09 12:25:20'),
(96, 'Legs', 2, '2022-09-03 07:23:18', '2022-09-03 07:23:18'),
(97, 'Legs', 2, '2022-11-29 05:31:11', '2022-11-29 05:31:11'),
(98, 'Push', 2, '2022-11-28 23:26:25', '2022-11-28 23:26:25'),
(99, 'Pull', 2, '2022-03-29 13:34:25', '2022-03-29 13:34:25'),
(100, 'Push', 2, '2022-04-06 04:02:08', '2022-04-06 04:02:08'),
(101, 'Pull', 2, '2022-11-06 14:28:04', '2022-11-06 14:28:04'),
(102, 'Pull', 2, '2022-07-09 01:16:46', '2022-07-09 01:16:46'),
(103, 'Legs', 2, '2022-06-05 15:12:46', '2022-06-05 15:12:46'),
(104, 'Push', 2, '2022-10-10 13:02:48', '2022-10-10 13:02:48'),
(105, 'Push', 2, '2022-10-09 03:53:05', '2022-10-09 03:53:05'),
(106, 'Push', 2, '2022-07-27 16:05:53', '2022-07-27 16:05:53'),
(107, 'Push', 2, '2022-08-13 23:05:12', '2022-08-13 23:05:12'),
(108, 'Pull', 2, '2022-08-28 23:43:41', '2022-08-28 23:43:41'),
(109, 'Legs', 2, '2023-01-03 05:30:05', '2023-01-03 05:30:05'),
(110, 'Push', 2, '2022-07-12 01:25:08', '2022-07-12 01:25:08'),
(111, 'Legs', 2, '2022-04-21 01:30:50', '2022-04-21 01:30:50'),
(112, 'Push', 2, '2022-05-02 14:42:39', '2022-05-02 14:42:39'),
(113, 'Pull', 2, '2022-12-10 03:43:55', '2022-12-10 03:43:55'),
(114, 'Legs', 2, '2022-08-07 23:53:02', '2022-08-07 23:53:02'),
(115, 'Pull', 2, '2022-09-23 03:25:23', '2022-09-23 03:25:23'),
(116, 'Legs', 2, '2022-03-25 15:57:37', '2022-03-25 15:57:37'),
(117, 'Legs', 2, '2022-05-09 23:11:37', '2022-05-09 23:11:37'),
(118, 'Pull', 2, '2022-11-22 00:05:14', '2022-11-22 00:05:14'),
(125, 'Push', 2, '2023-03-08 13:15:12', '2023-03-08 13:15:12'),
(126, 'Pull', 2, '2023-03-08 13:20:19', '2023-03-08 13:20:19'),
(127, 'Push', 2, '2023-03-08 13:20:44', '2023-03-08 13:20:44'),
(128, 'Pull', 2, '2023-03-08 13:21:23', '2023-03-08 13:21:23'),
(129, 'Pull', 2, '2023-03-08 13:22:27', '2023-03-08 13:22:27'),
(130, 'Pull', 2, '2023-03-08 13:23:04', '2023-03-08 13:23:04'),
(131, 'Pull', 2, '2023-03-08 13:23:15', '2023-03-08 13:23:15'),
(132, 'Push', 2, '2023-03-08 13:23:26', '2023-03-08 13:23:26'),
(140, 'Pull', 2, '2023-03-08 16:12:23', '2023-03-08 16:12:23'),
(141, 'Legs', 2, '2023-03-08 16:58:22', '2023-03-08 16:58:22'),
(142, 'Push', 2, '2023-03-08 17:29:20', '2023-03-08 17:29:20'),
(163, 'Pull', 2, '2023-03-14 15:47:39', '2023-03-14 15:47:39'),
(164, 'Legs', 2, '2023-03-16 13:21:30', '2023-03-16 13:21:30'),
(165, 'Push', 2, '2023-03-16 15:58:51', '2023-03-16 15:58:51'),
(166, 'Push', 2, '2023-03-16 15:59:00', '2023-03-16 15:59:00'),
(167, 'Push', 7, '2023-03-16 16:23:41', '2023-03-16 16:23:41'),
(168, 'Pull', 7, '2023-03-16 16:25:25', '2023-03-16 16:25:25'),
(172, 'Pull', 2, '2023-03-17 10:32:18', '2023-03-17 10:32:18'),
(173, 'Push', 7, '2023-03-17 13:52:33', '2023-03-17 13:52:33'),
(174, 'Chest and shoulders', 8, '2023-03-17 14:35:18', '2023-03-17 14:35:18'),
(175, 'Legs', 2, '2023-03-21 09:41:06', '2023-03-21 09:41:06'),
(176, 'Push', 2, '2023-03-30 08:31:22', '2023-03-30 08:31:22'),
(177, 'Pull', 7, '2023-03-31 10:40:45', '2023-03-31 10:40:45'),
(178, 'Pull', 2, '2023-03-31 11:00:13', '2023-03-31 11:00:13'),
(179, 'Legs', 2, '2023-03-31 11:00:52', '2023-03-31 11:00:52'),
(180, 'Push', 2, '2023-03-31 11:10:52', '2023-03-31 11:10:52'),
(181, 'Pull', 2, '2023-03-31 11:11:45', '2023-03-31 11:11:45'),
(182, 'Legs', 2, '2023-03-31 11:12:43', '2023-03-31 11:12:43'),
(183, 'Push', 2, '2023-03-31 11:13:22', '2023-03-31 11:13:22'),
(184, 'Legs', 7, '2023-04-03 10:47:57', '2023-04-03 10:47:57'),
(185, 'Push', 7, '2023-04-03 10:48:03', '2023-04-03 10:48:03'),
(186, 'Pull', 7, '2023-04-03 10:48:06', '2023-04-03 10:48:06'),
(187, 'Legs', 7, '2023-04-03 11:34:47', '2023-04-03 11:34:47'),
(188, 'Push', 7, '2023-04-03 11:35:09', '2023-04-03 11:35:09');

-- --------------------------------------------------------

--
-- Table structure for table `trainings_exercises`
--

CREATE TABLE `trainings_exercises` (
  `id` bigint(20) UNSIGNED NOT NULL,
  `idTraining` bigint(20) UNSIGNED NOT NULL,
  `idExercise` bigint(20) UNSIGNED NOT NULL,
  `min` tinyint(4) DEFAULT NULL,
  `updated_at` datetime DEFAULT NULL,
  `created_at` datetime DEFAULT NULL
) ENGINE=InnoDB DEFAULT CHARSET=utf8mb4 COLLATE=utf8mb4_unicode_ci;

--
-- Dumping data for table `trainings_exercises`
--

INSERT INTO `trainings_exercises` (`id`, `idTraining`, `idExercise`, `min`, `updated_at`, `created_at`) VALUES
(115, 64, 76, NULL, NULL, NULL),
(116, 91, 105, NULL, NULL, NULL),
(117, 23, 84, NULL, NULL, NULL),
(118, 54, 14, NULL, NULL, NULL),
(119, 92, 3, NULL, NULL, NULL),
(120, 110, 158, NULL, NULL, NULL),
(121, 95, 45, NULL, NULL, NULL),
(122, 53, 133, NULL, NULL, NULL),
(123, 48, 64, NULL, NULL, NULL),
(124, 118, 97, NULL, NULL, NULL),
(125, 63, 162, NULL, NULL, NULL),
(126, 80, 167, NULL, NULL, NULL),
(127, 72, 89, NULL, NULL, NULL),
(128, 58, 63, NULL, NULL, NULL),
(129, 43, 108, NULL, NULL, NULL),
(130, 64, 44, NULL, NULL, NULL),
(131, 75, 27, NULL, NULL, NULL),
(132, 107, 139, NULL, NULL, NULL),
(133, 27, 162, NULL, NULL, NULL),
(134, 68, 37, NULL, NULL, NULL),
(135, 41, 112, NULL, NULL, NULL),
(136, 87, 65, NULL, NULL, NULL),
(137, 29, 109, NULL, NULL, NULL),
(138, 72, 166, NULL, NULL, NULL),
(139, 102, 50, NULL, NULL, NULL),
(140, 23, 53, NULL, NULL, NULL),
(141, 19, 90, NULL, NULL, NULL),
(142, 78, 156, NULL, NULL, NULL),
(143, 102, 131, NULL, NULL, NULL),
(144, 77, 143, NULL, NULL, NULL),
(145, 28, 92, NULL, NULL, NULL),
(146, 77, 180, NULL, NULL, NULL),
(147, 70, 118, NULL, NULL, NULL),
(148, 86, 15, NULL, NULL, NULL),
(149, 98, 173, NULL, NULL, NULL),
(150, 64, 78, NULL, NULL, NULL),
(151, 37, 83, NULL, NULL, NULL),
(152, 91, 56, NULL, NULL, NULL),
(153, 116, 171, NULL, NULL, NULL),
(154, 93, 10, NULL, NULL, NULL),
(155, 87, 105, NULL, NULL, NULL),
(156, 36, 156, NULL, NULL, NULL),
(157, 91, 172, NULL, NULL, NULL),
(158, 95, 8, NULL, NULL, NULL),
(159, 26, 149, NULL, NULL, NULL),
(160, 40, 2, NULL, NULL, NULL),
(161, 46, 46, NULL, NULL, NULL),
(162, 84, 178, NULL, NULL, NULL),
(163, 48, 28, NULL, NULL, NULL),
(164, 114, 15, NULL, NULL, NULL),
(165, 113, 9, NULL, NULL, NULL),
(166, 74, 42, NULL, NULL, NULL),
(167, 101, 20, NULL, NULL, NULL),
(168, 73, 141, NULL, NULL, NULL),
(169, 47, 97, NULL, NULL, NULL),
(170, 98, 37, NULL, NULL, NULL),
(171, 24, 142, NULL, NULL, NULL),
(172, 63, 171, NULL, NULL, NULL),
(173, 53, 109, NULL, NULL, NULL),
(174, 103, 53, NULL, NULL, NULL),
(175, 109, 120, NULL, NULL, NULL),
(176, 81, 175, NULL, NULL, NULL),
(177, 23, 103, NULL, NULL, NULL),
(178, 43, 22, NULL, NULL, NULL),
(179, 52, 138, NULL, NULL, NULL),
(180, 101, 39, NULL, NULL, NULL),
(181, 118, 10, NULL, NULL, NULL),
(182, 116, 84, NULL, NULL, NULL),
(183, 50, 75, NULL, NULL, NULL),
(184, 88, 146, NULL, NULL, NULL),
(185, 26, 36, NULL, NULL, NULL),
(186, 71, 16, NULL, NULL, NULL),
(187, 72, 139, NULL, NULL, NULL),
(188, 93, 105, NULL, NULL, NULL),
(189, 63, 148, NULL, NULL, NULL),
(190, 44, 91, NULL, NULL, NULL),
(191, 111, 103, NULL, NULL, NULL),
(192, 84, 90, NULL, NULL, NULL),
(193, 118, 115, NULL, NULL, NULL),
(194, 64, 116, NULL, NULL, NULL),
(195, 27, 168, NULL, NULL, NULL),
(196, 89, 163, NULL, NULL, NULL),
(197, 99, 113, NULL, NULL, NULL),
(198, 84, 23, NULL, NULL, NULL),
(199, 70, 122, NULL, NULL, NULL),
(200, 72, 99, NULL, NULL, NULL),
(201, 29, 166, NULL, NULL, NULL),
(202, 103, 44, NULL, NULL, NULL),
(203, 87, 64, NULL, NULL, NULL),
(204, 116, 71, NULL, NULL, NULL),
(205, 46, 123, NULL, NULL, NULL),
(206, 84, 133, NULL, NULL, NULL),
(207, 116, 58, NULL, NULL, NULL),
(208, 82, 10, NULL, NULL, NULL),
(209, 112, 90, NULL, NULL, NULL),
(210, 84, 46, NULL, NULL, NULL),
(211, 32, 10, NULL, NULL, NULL),
(212, 20, 34, NULL, NULL, NULL),
(213, 97, 87, NULL, NULL, NULL),
(214, 33, 100, NULL, NULL, NULL),
(215, 114, 159, NULL, NULL, NULL),
(216, 49, 36, NULL, NULL, NULL),
(217, 66, 22, NULL, NULL, NULL),
(218, 83, 121, NULL, NULL, NULL),
(219, 106, 41, NULL, NULL, NULL),
(220, 82, 36, NULL, NULL, NULL),
(221, 19, 16, NULL, NULL, NULL),
(222, 117, 102, NULL, NULL, NULL),
(223, 19, 109, NULL, NULL, NULL),
(224, 97, 102, NULL, NULL, NULL),
(225, 63, 112, NULL, NULL, NULL),
(226, 46, 33, NULL, NULL, NULL),
(227, 96, 140, NULL, NULL, NULL),
(228, 58, 117, NULL, NULL, NULL),
(229, 73, 41, NULL, NULL, NULL),
(230, 22, 143, NULL, NULL, NULL),
(231, 72, 52, NULL, NULL, NULL),
(232, 34, 28, NULL, NULL, NULL),
(233, 105, 92, NULL, NULL, NULL),
(234, 65, 74, NULL, NULL, NULL),
(235, 50, 98, NULL, NULL, NULL),
(236, 64, 148, NULL, NULL, NULL),
(237, 51, 109, NULL, NULL, NULL),
(238, 81, 12, NULL, NULL, NULL),
(239, 34, 104, NULL, NULL, NULL),
(240, 76, 40, NULL, NULL, NULL),
(241, 72, 85, NULL, NULL, NULL),
(242, 98, 57, NULL, NULL, NULL),
(243, 110, 181, NULL, NULL, NULL),
(244, 36, 94, NULL, NULL, NULL),
(245, 96, 38, NULL, NULL, NULL),
(246, 116, 104, NULL, NULL, NULL),
(247, 35, 80, NULL, NULL, NULL),
(248, 70, 15, NULL, NULL, NULL),
(249, 96, 13, NULL, NULL, NULL),
(250, 97, 115, NULL, NULL, NULL),
(251, 106, 146, NULL, NULL, NULL),
(252, 37, 47, NULL, NULL, NULL),
(253, 95, 93, NULL, NULL, NULL),
(254, 112, 75, NULL, NULL, NULL),
(255, 35, 36, NULL, NULL, NULL),
(256, 69, 79, NULL, NULL, NULL),
(257, 57, 30, NULL, NULL, NULL),
(258, 115, 25, NULL, NULL, NULL),
(259, 103, 29, NULL, NULL, NULL),
(260, 19, 155, NULL, NULL, NULL),
(261, 56, 36, NULL, NULL, NULL),
(262, 46, 103, NULL, NULL, NULL),
(263, 23, 85, NULL, NULL, NULL),
(264, 48, 33, NULL, NULL, NULL),
(265, 99, 32, NULL, NULL, NULL),
(266, 103, 62, NULL, NULL, NULL),
(267, 43, 11, NULL, NULL, NULL),
(268, 20, 108, NULL, NULL, NULL),
(269, 34, 13, NULL, NULL, NULL),
(270, 71, 181, NULL, NULL, NULL),
(271, 98, 161, NULL, NULL, NULL),
(272, 117, 182, NULL, NULL, NULL),
(273, 50, 155, NULL, NULL, NULL),
(274, 49, 7, NULL, NULL, NULL),
(275, 108, 6, NULL, NULL, NULL),
(276, 24, 108, NULL, NULL, NULL),
(277, 101, 74, NULL, NULL, NULL),
(278, 21, 174, NULL, NULL, NULL),
(279, 59, 38, NULL, NULL, NULL),
(280, 30, 21, NULL, NULL, NULL),
(281, 112, 65, NULL, NULL, NULL),
(282, 103, 179, NULL, NULL, NULL),
(283, 73, 104, NULL, NULL, NULL),
(284, 25, 81, NULL, NULL, NULL),
(285, 39, 117, NULL, NULL, NULL),
(286, 24, 123, NULL, NULL, NULL),
(287, 111, 173, NULL, NULL, NULL),
(288, 41, 23, NULL, NULL, NULL),
(289, 111, 46, NULL, NULL, NULL),
(290, 54, 136, NULL, NULL, NULL),
(291, 50, 53, NULL, NULL, NULL),
(292, 57, 79, NULL, NULL, NULL),
(293, 60, 172, NULL, NULL, NULL),
(294, 55, 105, NULL, NULL, NULL),
(295, 65, 76, NULL, NULL, NULL),
(296, 96, 106, NULL, NULL, NULL),
(297, 94, 11, NULL, NULL, NULL),
(298, 106, 137, NULL, NULL, NULL),
(299, 75, 138, NULL, NULL, NULL),
(300, 98, 3, NULL, NULL, NULL),
(301, 79, 155, NULL, NULL, NULL),
(302, 75, 24, NULL, NULL, NULL),
(303, 23, 89, NULL, NULL, NULL),
(304, 90, 135, NULL, NULL, NULL),
(305, 28, 46, NULL, NULL, NULL),
(306, 67, 83, NULL, NULL, NULL),
(307, 66, 42, NULL, NULL, NULL),
(308, 33, 120, NULL, NULL, NULL),
(309, 116, 14, NULL, NULL, NULL),
(310, 78, 86, NULL, NULL, NULL),
(311, 93, 3, NULL, NULL, NULL),
(312, 25, 137, NULL, NULL, NULL),
(313, 70, 134, NULL, NULL, NULL),
(314, 104, 72, NULL, NULL, NULL),
(315, 75, 38, NULL, NULL, NULL),
(316, 59, 99, NULL, NULL, NULL),
(317, 66, 12, NULL, NULL, NULL),
(318, 104, 10, NULL, NULL, NULL),
(319, 114, 14, NULL, NULL, NULL),
(320, 110, 113, NULL, NULL, NULL),
(321, 40, 10, NULL, NULL, NULL),
(322, 36, 84, NULL, NULL, NULL),
(323, 34, 146, NULL, NULL, NULL),
(324, 92, 88, NULL, NULL, NULL),
(325, 68, 1, NULL, NULL, NULL),
(326, 54, 52, NULL, NULL, NULL),
(327, 106, 27, NULL, NULL, NULL),
(328, 115, 72, NULL, NULL, NULL),
(329, 85, 135, NULL, NULL, NULL),
(330, 29, 46, NULL, NULL, NULL),
(331, 72, 58, NULL, NULL, NULL),
(332, 101, 29, NULL, NULL, NULL),
(333, 68, 79, NULL, NULL, NULL),
(334, 65, 182, NULL, NULL, NULL),
(335, 60, 40, NULL, NULL, NULL),
(336, 40, 12, NULL, NULL, NULL),
(337, 34, 55, NULL, NULL, NULL),
(338, 46, 104, NULL, NULL, NULL),
(339, 89, 103, NULL, NULL, NULL),
(340, 20, 31, NULL, NULL, NULL),
(341, 64, 27, NULL, NULL, NULL),
(342, 84, 6, NULL, NULL, NULL),
(343, 57, 89, NULL, NULL, NULL),
(344, 85, 1, NULL, NULL, NULL),
(345, 118, 53, NULL, NULL, NULL),
(346, 24, 107, NULL, NULL, NULL),
(347, 53, 9, NULL, NULL, NULL),
(348, 80, 39, NULL, NULL, NULL),
(349, 116, 166, NULL, NULL, NULL),
(350, 52, 101, NULL, NULL, NULL),
(351, 62, 108, NULL, NULL, NULL),
(352, 83, 163, NULL, NULL, NULL),
(353, 79, 157, NULL, NULL, NULL),
(354, 90, 79, NULL, NULL, NULL),
(355, 20, 107, NULL, NULL, NULL),
(356, 108, 13, NULL, NULL, NULL),
(357, 106, 3, NULL, NULL, NULL),
(358, 28, 53, NULL, NULL, NULL),
(359, 102, 170, NULL, NULL, NULL),
(360, 63, 120, NULL, NULL, NULL),
(361, 47, 95, NULL, NULL, NULL),
(362, 30, 72, NULL, NULL, NULL),
(363, 117, 61, NULL, NULL, NULL),
(364, 25, 153, NULL, NULL, NULL),
(365, 100, 29, NULL, NULL, NULL),
(366, 58, 145, NULL, NULL, NULL),
(367, 58, 149, NULL, NULL, NULL),
(368, 64, 25, NULL, NULL, NULL),
(369, 114, 94, NULL, NULL, NULL),
(370, 94, 81, NULL, NULL, NULL),
(371, 100, 110, NULL, NULL, NULL),
(372, 31, 168, NULL, NULL, NULL),
(373, 69, 155, NULL, NULL, NULL),
(374, 20, 68, NULL, NULL, NULL),
(375, 37, 115, NULL, NULL, NULL),
(376, 110, 8, NULL, NULL, NULL),
(377, 109, 154, NULL, NULL, NULL),
(378, 88, 16, NULL, NULL, NULL),
(379, 97, 92, NULL, NULL, NULL),
(380, 74, 108, NULL, NULL, NULL),
(381, 65, 162, NULL, NULL, NULL),
(382, 78, 50, NULL, NULL, NULL),
(383, 28, 17, NULL, NULL, NULL),
(384, 19, 102, NULL, NULL, NULL),
(385, 106, 113, NULL, NULL, NULL),
(386, 48, 150, NULL, NULL, NULL),
(387, 61, 173, NULL, NULL, NULL),
(388, 68, 42, NULL, NULL, NULL),
(389, 101, 128, NULL, NULL, NULL),
(390, 41, 104, NULL, NULL, NULL),
(391, 59, 37, NULL, NULL, NULL),
(392, 111, 12, NULL, NULL, NULL),
(393, 88, 82, NULL, NULL, NULL),
(394, 76, 12, NULL, NULL, NULL),
(395, 32, 71, NULL, NULL, NULL),
(396, 98, 132, NULL, NULL, NULL),
(397, 76, 151, NULL, NULL, NULL),
(398, 35, 121, NULL, NULL, NULL),
(399, 29, 70, NULL, NULL, NULL),
(400, 69, 127, NULL, NULL, NULL),
(401, 108, 150, NULL, NULL, NULL),
(402, 92, 39, NULL, NULL, NULL),
(403, 73, 20, NULL, NULL, NULL),
(404, 20, 5, NULL, NULL, NULL),
(405, 99, 142, NULL, NULL, NULL),
(406, 28, 53, NULL, NULL, NULL),
(407, 114, 71, NULL, NULL, NULL),
(408, 45, 7, NULL, NULL, NULL),
(409, 39, 25, NULL, NULL, NULL),
(410, 116, 156, NULL, NULL, NULL),
(411, 92, 21, NULL, NULL, NULL),
(412, 44, 91, NULL, NULL, NULL),
(413, 104, 84, NULL, NULL, NULL),
(414, 94, 132, NULL, NULL, NULL),
(415, 43, 56, NULL, NULL, NULL),
(416, 83, 116, NULL, NULL, NULL),
(417, 33, 77, NULL, NULL, NULL),
(418, 112, 65, NULL, NULL, NULL),
(419, 55, 68, NULL, NULL, NULL),
(420, 87, 30, NULL, NULL, NULL),
(421, 58, 155, NULL, NULL, NULL),
(422, 48, 110, NULL, NULL, NULL),
(423, 113, 70, NULL, NULL, NULL),
(424, 57, 181, NULL, NULL, NULL),
(425, 58, 117, NULL, NULL, NULL),
(426, 55, 113, NULL, NULL, NULL),
(427, 25, 159, NULL, NULL, NULL),
(428, 25, 37, NULL, NULL, NULL),
(429, 55, 176, NULL, NULL, NULL),
(430, 81, 71, NULL, NULL, NULL),
(431, 35, 63, NULL, NULL, NULL),
(432, 110, 122, NULL, NULL, NULL),
(433, 45, 131, NULL, NULL, NULL),
(434, 85, 75, NULL, NULL, NULL),
(435, 99, 108, NULL, NULL, NULL),
(436, 114, 164, NULL, NULL, NULL),
(437, 47, 85, NULL, NULL, NULL),
(438, 87, 95, NULL, NULL, NULL),
(439, 77, 119, NULL, NULL, NULL),
(440, 117, 93, NULL, NULL, NULL),
(441, 32, 159, NULL, NULL, NULL),
(442, 84, 146, NULL, NULL, NULL),
(443, 116, 119, NULL, NULL, NULL),
(444, 105, 43, NULL, NULL, NULL),
(445, 94, 58, NULL, NULL, NULL),
(446, 24, 115, NULL, NULL, NULL),
(447, 49, 24, NULL, NULL, NULL),
(448, 43, 48, NULL, NULL, NULL),
(449, 66, 146, NULL, NULL, NULL),
(450, 91, 34, NULL, NULL, NULL),
(451, 89, 181, NULL, NULL, NULL),
(452, 34, 96, NULL, NULL, NULL),
(453, 57, 45, NULL, NULL, NULL),
(454, 117, 83, NULL, NULL, NULL),
(455, 36, 65, NULL, NULL, NULL),
(456, 82, 146, NULL, NULL, NULL),
(457, 101, 119, NULL, NULL, NULL),
(458, 64, 106, NULL, NULL, NULL),
(459, 80, 121, NULL, NULL, NULL),
(460, 108, 99, NULL, NULL, NULL),
(461, 33, 113, NULL, NULL, NULL),
(462, 48, 108, NULL, NULL, NULL),
(463, 46, 33, NULL, NULL, NULL),
(464, 71, 29, NULL, NULL, NULL),
(465, 40, 16, NULL, NULL, NULL),
(466, 86, 135, NULL, NULL, NULL),
(467, 53, 129, NULL, NULL, NULL),
(468, 57, 136, NULL, NULL, NULL),
(469, 101, 120, NULL, NULL, NULL),
(470, 117, 113, NULL, NULL, NULL),
(471, 91, 19, NULL, NULL, NULL),
(472, 63, 97, NULL, NULL, NULL),
(473, 44, 84, NULL, NULL, NULL),
(474, 60, 129, NULL, NULL, NULL),
(475, 57, 147, NULL, NULL, NULL),
(476, 54, 35, NULL, NULL, NULL),
(477, 99, 21, NULL, NULL, NULL),
(478, 115, 22, NULL, NULL, NULL),
(479, 99, 153, NULL, NULL, NULL),
(480, 60, 139, NULL, NULL, NULL),
(481, 49, 180, NULL, NULL, NULL),
(482, 106, 9, NULL, NULL, NULL),
(483, 40, 64, NULL, NULL, NULL),
(484, 78, 111, NULL, NULL, NULL),
(485, 52, 69, NULL, NULL, NULL),
(486, 94, 46, NULL, NULL, NULL),
(487, 30, 48, NULL, NULL, NULL),
(488, 22, 162, NULL, NULL, NULL),
(489, 42, 156, NULL, NULL, NULL),
(490, 112, 64, NULL, NULL, NULL),
(491, 111, 145, NULL, NULL, NULL),
(492, 34, 61, NULL, NULL, NULL),
(493, 22, 65, NULL, NULL, NULL),
(494, 91, 171, NULL, NULL, NULL),
(495, 78, 108, NULL, NULL, NULL),
(496, 95, 112, NULL, NULL, NULL),
(497, 88, 106, NULL, NULL, NULL),
(498, 71, 121, NULL, NULL, NULL),
(499, 42, 114, NULL, NULL, NULL),
(500, 57, 5, NULL, NULL, NULL),
(501, 41, 107, NULL, NULL, NULL),
(502, 35, 164, NULL, NULL, NULL),
(503, 101, 59, NULL, NULL, NULL),
(504, 70, 74, NULL, NULL, NULL),
(505, 51, 44, NULL, NULL, NULL),
(506, 40, 108, NULL, NULL, NULL),
(507, 69, 123, NULL, NULL, NULL),
(508, 95, 142, NULL, NULL, NULL),
(509, 55, 46, NULL, NULL, NULL),
(510, 82, 158, NULL, NULL, NULL),
(511, 96, 102, NULL, NULL, NULL),
(512, 112, 146, NULL, NULL, NULL),
(513, 70, 137, NULL, NULL, NULL),
(514, 53, 74, NULL, NULL, NULL),
(515, 97, 105, NULL, NULL, NULL),
(516, 54, 28, NULL, NULL, NULL),
(517, 108, 129, NULL, NULL, NULL),
(518, 24, 133, NULL, NULL, NULL),
(519, 29, 30, NULL, NULL, NULL),
(520, 48, 122, NULL, NULL, NULL),
(521, 95, 10, NULL, NULL, NULL),
(522, 33, 103, NULL, NULL, NULL),
(523, 25, 120, NULL, NULL, NULL),
(524, 108, 72, NULL, NULL, NULL),
(525, 104, 19, NULL, NULL, NULL),
(526, 96, 176, NULL, NULL, NULL),
(527, 33, 73, NULL, NULL, NULL),
(528, 94, 131, NULL, NULL, NULL),
(529, 108, 10, NULL, NULL, NULL),
(530, 117, 141, NULL, NULL, NULL),
(531, 44, 63, NULL, NULL, NULL),
(532, 66, 155, NULL, NULL, NULL),
(533, 26, 114, NULL, NULL, NULL),
(534, 65, 173, NULL, NULL, NULL),
(535, 96, 177, NULL, NULL, NULL),
(536, 99, 42, NULL, NULL, NULL),
(537, 40, 166, NULL, NULL, NULL),
(538, 38, 118, NULL, NULL, NULL),
(539, 69, 178, NULL, NULL, NULL),
(540, 90, 113, NULL, NULL, NULL),
(541, 23, 41, NULL, NULL, NULL),
(542, 64, 81, NULL, NULL, NULL),
(543, 74, 76, NULL, NULL, NULL),
(544, 95, 120, NULL, NULL, NULL),
(545, 81, 172, NULL, NULL, NULL),
(546, 21, 131, NULL, NULL, NULL),
(547, 45, 49, NULL, NULL, NULL),
(548, 59, 134, NULL, NULL, NULL),
(549, 27, 17, NULL, NULL, NULL),
(550, 49, 162, NULL, NULL, NULL),
(551, 70, 15, NULL, NULL, NULL),
(552, 34, 76, NULL, NULL, NULL),
(553, 27, 169, NULL, NULL, NULL),
(554, 112, 141, NULL, NULL, NULL),
(555, 36, 110, NULL, NULL, NULL),
(556, 103, 109, NULL, NULL, NULL),
(557, 59, 177, NULL, NULL, NULL),
(558, 52, 150, NULL, NULL, NULL),
(559, 68, 67, NULL, NULL, NULL),
(560, 99, 75, NULL, NULL, NULL),
(561, 72, 158, NULL, NULL, NULL),
(562, 94, 128, NULL, NULL, NULL),
(563, 74, 11, NULL, NULL, NULL),
(564, 80, 112, NULL, NULL, NULL),
(565, 61, 87, NULL, NULL, NULL),
(566, 90, 157, NULL, NULL, NULL),
(567, 81, 125, NULL, NULL, NULL),
(568, 56, 96, NULL, NULL, NULL),
(569, 29, 1, NULL, NULL, NULL),
(570, 94, 42, NULL, NULL, NULL),
(571, 48, 87, NULL, NULL, NULL),
(572, 43, 42, NULL, NULL, NULL),
(573, 38, 40, NULL, NULL, NULL),
(574, 94, 81, NULL, NULL, NULL),
(575, 93, 89, NULL, NULL, NULL),
(576, 103, 4, NULL, NULL, NULL),
(577, 110, 53, NULL, NULL, NULL),
(578, 70, 146, NULL, NULL, NULL),
(579, 100, 171, NULL, NULL, NULL),
(580, 81, 15, NULL, NULL, NULL),
(581, 118, 66, NULL, NULL, NULL),
(582, 86, 93, NULL, NULL, NULL),
(583, 111, 81, NULL, NULL, NULL),
(584, 84, 134, NULL, NULL, NULL),
(585, 96, 109, NULL, NULL, NULL),
(586, 56, 53, NULL, NULL, NULL),
(587, 54, 18, NULL, NULL, NULL),
(588, 67, 150, NULL, NULL, NULL),
(589, 108, 77, NULL, NULL, NULL),
(590, 56, 36, NULL, NULL, NULL),
(591, 21, 37, NULL, NULL, NULL),
(592, 88, 11, NULL, NULL, NULL),
(593, 33, 50, NULL, NULL, NULL),
(594, 66, 143, NULL, NULL, NULL),
(595, 62, 62, NULL, NULL, NULL),
(596, 71, 135, NULL, NULL, NULL),
(597, 99, 182, NULL, NULL, NULL),
(598, 66, 51, NULL, NULL, NULL),
(599, 63, 78, NULL, NULL, NULL),
(600, 60, 98, NULL, NULL, NULL),
(601, 101, 29, NULL, NULL, NULL),
(602, 112, 128, NULL, NULL, NULL),
(603, 107, 88, NULL, NULL, NULL),
(604, 55, 174, NULL, NULL, NULL),
(605, 31, 22, NULL, NULL, NULL),
(606, 93, 135, NULL, NULL, NULL),
(607, 117, 19, NULL, NULL, NULL),
(608, 70, 175, NULL, NULL, NULL),
(609, 100, 29, NULL, NULL, NULL),
(610, 73, 22, NULL, NULL, NULL),
(611, 62, 128, NULL, NULL, NULL),
(612, 53, 19, NULL, NULL, NULL),
(613, 79, 17, NULL, NULL, NULL),
(614, 56, 94, NULL, NULL, NULL),
(615, 80, 136, NULL, NULL, NULL),
(616, 52, 98, NULL, NULL, NULL),
(617, 29, 22, NULL, NULL, NULL),
(618, 46, 132, NULL, NULL, NULL),
(619, 42, 23, NULL, NULL, NULL),
(620, 108, 146, NULL, NULL, NULL),
(621, 99, 6, NULL, NULL, NULL),
(622, 108, 42, NULL, NULL, NULL),
(623, 27, 67, NULL, NULL, NULL),
(624, 118, 52, NULL, NULL, NULL),
(625, 61, 177, NULL, NULL, NULL),
(626, 42, 30, NULL, NULL, NULL),
(627, 27, 44, NULL, NULL, NULL),
(628, 93, 173, NULL, NULL, NULL),
(629, 76, 43, NULL, NULL, NULL),
(630, 49, 20, NULL, NULL, NULL),
(631, 50, 179, NULL, NULL, NULL),
(632, 20, 20, NULL, NULL, NULL),
(633, 30, 12, NULL, NULL, NULL),
(634, 29, 1, NULL, NULL, NULL),
(635, 111, 148, NULL, NULL, NULL),
(636, 73, 87, NULL, NULL, NULL),
(637, 27, 100, NULL, NULL, NULL),
(638, 99, 72, NULL, NULL, NULL),
(639, 44, 122, NULL, NULL, NULL),
(640, 27, 8, NULL, NULL, NULL),
(641, 109, 158, NULL, NULL, NULL),
(642, 26, 90, NULL, NULL, NULL),
(643, 87, 32, NULL, NULL, NULL),
(644, 26, 136, NULL, NULL, NULL),
(645, 56, 182, NULL, NULL, NULL),
(646, 95, 7, NULL, NULL, NULL),
(647, 74, 31, NULL, NULL, NULL),
(648, 65, 16, NULL, NULL, NULL),
(649, 60, 116, NULL, NULL, NULL),
(650, 96, 31, NULL, NULL, NULL),
(651, 25, 166, NULL, NULL, NULL),
(652, 43, 137, NULL, NULL, NULL),
(653, 97, 142, NULL, NULL, NULL),
(654, 92, 167, NULL, NULL, NULL),
(655, 24, 18, NULL, NULL, NULL),
(656, 101, 25, NULL, NULL, NULL),
(657, 22, 59, NULL, NULL, NULL),
(658, 67, 152, NULL, NULL, NULL),
(659, 110, 40, NULL, NULL, NULL),
(660, 110, 94, NULL, NULL, NULL),
(661, 84, 11, NULL, NULL, NULL),
(662, 73, 110, NULL, NULL, NULL),
(663, 40, 88, NULL, NULL, NULL),
(664, 43, 149, NULL, NULL, NULL),
(665, 105, 161, NULL, NULL, NULL),
(666, 34, 85, NULL, NULL, NULL),
(667, 50, 2, NULL, NULL, NULL),
(668, 20, 11, NULL, NULL, NULL),
(669, 20, 66, NULL, NULL, NULL),
(670, 72, 152, NULL, NULL, NULL),
(671, 102, 53, NULL, NULL, NULL),
(672, 77, 107, NULL, NULL, NULL),
(673, 62, 139, NULL, NULL, NULL),
(674, 33, 141, NULL, NULL, NULL),
(675, 33, 31, NULL, NULL, NULL),
(676, 116, 71, NULL, NULL, NULL),
(677, 83, 33, NULL, NULL, NULL),
(678, 29, 114, NULL, NULL, NULL),
(679, 108, 97, NULL, NULL, NULL),
(680, 111, 54, NULL, NULL, NULL),
(681, 42, 120, NULL, NULL, NULL),
(682, 83, 3, NULL, NULL, NULL),
(683, 46, 5, NULL, NULL, NULL),
(684, 100, 74, NULL, NULL, NULL),
(685, 94, 95, NULL, NULL, NULL),
(686, 86, 111, NULL, NULL, NULL),
(687, 83, 15, NULL, NULL, NULL),
(688, 68, 96, NULL, NULL, NULL),
(689, 95, 3, NULL, NULL, NULL),
(690, 93, 12, NULL, NULL, NULL),
(691, 32, 154, NULL, NULL, NULL),
(692, 53, 98, NULL, NULL, NULL),
(693, 83, 85, NULL, NULL, NULL),
(694, 99, 32, NULL, NULL, NULL),
(695, 101, 119, NULL, NULL, NULL),
(696, 66, 24, NULL, NULL, NULL),
(697, 108, 156, NULL, NULL, NULL),
(698, 70, 74, NULL, NULL, NULL),
(699, 110, 31, NULL, NULL, NULL),
(700, 58, 40, NULL, NULL, NULL),
(701, 110, 167, NULL, NULL, NULL),
(702, 60, 170, NULL, NULL, NULL),
(703, 42, 133, NULL, NULL, NULL),
(704, 85, 175, NULL, NULL, NULL),
(705, 114, 104, NULL, NULL, NULL),
(706, 35, 70, NULL, NULL, NULL),
(707, 111, 55, NULL, NULL, NULL),
(708, 34, 116, NULL, NULL, NULL),
(709, 47, 28, NULL, NULL, NULL),
(710, 30, 79, NULL, NULL, NULL),
(711, 107, 25, NULL, NULL, NULL),
(712, 70, 60, NULL, NULL, NULL),
(713, 116, 102, NULL, NULL, NULL),
(714, 26, 23, NULL, NULL, NULL),
(715, 84, 152, NULL, NULL, NULL),
(716, 74, 120, NULL, NULL, NULL),
(717, 96, 152, NULL, NULL, NULL),
(718, 55, 85, NULL, NULL, NULL),
(719, 118, 58, NULL, NULL, NULL),
(720, 104, 133, NULL, NULL, NULL),
(721, 50, 7, NULL, NULL, NULL),
(722, 29, 70, NULL, NULL, NULL),
(723, 117, 92, NULL, NULL, NULL),
(724, 20, 53, NULL, NULL, NULL),
(725, 92, 167, NULL, NULL, NULL),
(726, 116, 63, NULL, NULL, NULL),
(727, 49, 158, NULL, NULL, NULL),
(728, 113, 30, NULL, NULL, NULL),
(729, 108, 57, NULL, NULL, NULL),
(730, 68, 45, NULL, NULL, NULL),
(731, 27, 169, NULL, NULL, NULL),
(732, 57, 177, NULL, NULL, NULL),
(733, 53, 73, NULL, NULL, NULL),
(734, 103, 114, NULL, NULL, NULL),
(735, 39, 159, NULL, NULL, NULL),
(736, 20, 135, NULL, NULL, NULL),
(737, 21, 67, NULL, NULL, NULL),
(738, 114, 127, NULL, NULL, NULL),
(739, 78, 9, NULL, NULL, NULL),
(740, 95, 51, NULL, NULL, NULL),
(741, 28, 24, NULL, NULL, NULL),
(742, 82, 31, NULL, NULL, NULL),
(743, 85, 26, NULL, NULL, NULL),
(744, 43, 102, NULL, NULL, NULL),
(745, 91, 175, NULL, NULL, NULL),
(746, 65, 16, NULL, NULL, NULL),
(747, 53, 53, NULL, NULL, NULL),
(748, 22, 141, NULL, NULL, NULL),
(749, 110, 16, NULL, NULL, NULL),
(750, 109, 5, NULL, NULL, NULL),
(751, 86, 123, NULL, NULL, NULL),
(752, 66, 14, NULL, NULL, NULL),
(753, 40, 49, NULL, NULL, NULL),
(754, 22, 163, NULL, NULL, NULL),
(755, 104, 80, NULL, NULL, NULL),
(756, 93, 141, NULL, NULL, NULL),
(757, 72, 84, NULL, NULL, NULL),
(758, 85, 55, NULL, NULL, NULL),
(759, 36, 163, NULL, NULL, NULL),
(760, 49, 50, NULL, NULL, NULL),
(761, 23, 163, NULL, NULL, NULL),
(762, 20, 147, NULL, NULL, NULL),
(763, 92, 19, NULL, NULL, NULL),
(764, 49, 9, NULL, NULL, NULL),
(765, 88, 180, NULL, NULL, NULL),
(766, 68, 83, NULL, NULL, NULL),
(767, 108, 83, NULL, NULL, NULL),
(768, 38, 64, NULL, NULL, NULL),
(769, 80, 26, NULL, NULL, NULL),
(770, 35, 158, NULL, NULL, NULL),
(771, 22, 75, NULL, NULL, NULL),
(772, 99, 101, NULL, NULL, NULL),
(773, 73, 40, NULL, NULL, NULL),
(774, 38, 134, NULL, NULL, NULL),
(775, 110, 122, NULL, NULL, NULL),
(776, 115, 6, NULL, NULL, NULL),
(777, 94, 61, NULL, NULL, NULL),
(778, 55, 171, NULL, NULL, NULL),
(779, 106, 156, NULL, NULL, NULL),
(780, 110, 111, NULL, NULL, NULL),
(781, 70, 95, NULL, NULL, NULL),
(782, 31, 90, NULL, NULL, NULL),
(783, 46, 128, NULL, NULL, NULL),
(784, 95, 141, NULL, NULL, NULL),
(785, 59, 165, NULL, NULL, NULL),
(786, 89, 111, NULL, NULL, NULL),
(787, 116, 170, NULL, NULL, NULL),
(788, 112, 181, NULL, NULL, NULL),
(789, 57, 123, NULL, NULL, NULL),
(790, 90, 86, NULL, NULL, NULL),
(791, 84, 176, NULL, NULL, NULL),
(792, 32, 116, NULL, NULL, NULL),
(793, 78, 66, NULL, NULL, NULL),
(794, 108, 70, NULL, NULL, NULL),
(795, 76, 164, NULL, NULL, NULL),
(796, 106, 105, NULL, NULL, NULL),
(797, 50, 107, NULL, NULL, NULL),
(798, 63, 58, NULL, NULL, NULL),
(799, 41, 46, NULL, NULL, NULL),
(800, 63, 74, NULL, NULL, NULL),
(801, 65, 141, NULL, NULL, NULL),
(802, 58, 161, NULL, NULL, NULL),
(803, 26, 71, NULL, NULL, NULL),
(804, 66, 174, NULL, NULL, NULL),
(805, 116, 58, NULL, NULL, NULL),
(806, 62, 19, NULL, NULL, NULL),
(807, 84, 116, NULL, NULL, NULL),
(808, 81, 113, NULL, NULL, NULL),
(809, 80, 173, NULL, NULL, NULL),
(810, 33, 115, NULL, NULL, NULL),
(811, 36, 114, NULL, NULL, NULL),
(812, 42, 82, NULL, NULL, NULL),
(813, 113, 105, NULL, NULL, NULL),
(814, 112, 23, NULL, NULL, NULL),
(815, 101, 20, NULL, NULL, NULL),
(816, 99, 173, NULL, NULL, NULL),
(817, 95, 69, NULL, NULL, NULL),
(818, 93, 81, NULL, NULL, NULL),
(819, 78, 5, NULL, NULL, NULL),
(820, 72, 50, NULL, NULL, NULL),
(821, 68, 96, NULL, NULL, NULL),
(822, 32, 172, NULL, NULL, NULL),
(823, 85, 117, NULL, NULL, NULL),
(824, 76, 115, NULL, NULL, NULL),
(825, 29, 22, NULL, NULL, NULL),
(826, 53, 80, NULL, NULL, NULL),
(827, 55, 61, NULL, NULL, NULL),
(828, 57, 64, NULL, NULL, NULL),
(829, 50, 89, NULL, NULL, NULL),
(830, 61, 47, NULL, NULL, NULL),
(831, 109, 53, NULL, NULL, NULL),
(832, 45, 140, NULL, NULL, NULL),
(833, 51, 102, NULL, NULL, NULL),
(834, 74, 165, NULL, NULL, NULL),
(835, 95, 80, NULL, NULL, NULL),
(836, 46, 95, NULL, NULL, NULL),
(837, 74, 94, NULL, NULL, NULL),
(838, 41, 111, NULL, NULL, NULL),
(839, 83, 103, NULL, NULL, NULL),
(840, 29, 8, NULL, NULL, NULL),
(841, 58, 97, NULL, NULL, NULL),
(842, 102, 9, NULL, NULL, NULL),
(843, 36, 95, NULL, NULL, NULL),
(844, 26, 54, NULL, NULL, NULL),
(845, 73, 57, NULL, NULL, NULL),
(846, 66, 62, NULL, NULL, NULL),
(847, 29, 61, NULL, NULL, NULL),
(848, 22, 159, NULL, NULL, NULL),
(849, 70, 39, NULL, NULL, NULL),
(850, 88, 58, NULL, NULL, NULL),
(851, 90, 160, NULL, NULL, NULL),
(852, 96, 130, NULL, NULL, NULL),
(853, 50, 56, NULL, NULL, NULL),
(854, 50, 98, NULL, NULL, NULL),
(855, 34, 148, NULL, NULL, NULL),
(856, 27, 9, NULL, NULL, NULL),
(857, 117, 67, NULL, NULL, NULL),
(858, 62, 116, NULL, NULL, NULL),
(859, 53, 83, NULL, NULL, NULL),
(860, 34, 113, NULL, NULL, NULL),
(861, 83, 153, NULL, NULL, NULL),
(862, 118, 64, NULL, NULL, NULL),
(863, 83, 35, NULL, NULL, NULL),
(864, 88, 160, NULL, NULL, NULL),
(865, 114, 10, NULL, NULL, NULL),
(866, 60, 9, NULL, NULL, NULL),
(867, 82, 136, NULL, NULL, NULL),
(868, 83, 174, NULL, NULL, NULL),
(869, 89, 17, NULL, NULL, NULL),
(870, 74, 82, NULL, NULL, NULL),
(871, 47, 4, NULL, NULL, NULL),
(872, 83, 27, NULL, NULL, NULL),
(873, 94, 31, NULL, NULL, NULL),
(874, 40, 162, NULL, NULL, NULL),
(875, 79, 85, NULL, NULL, NULL),
(876, 39, 137, NULL, NULL, NULL),
(877, 52, 49, NULL, NULL, NULL),
(878, 55, 68, NULL, NULL, NULL),
(879, 43, 42, NULL, NULL, NULL),
(880, 52, 23, NULL, NULL, NULL),
(881, 101, 112, NULL, NULL, NULL),
(882, 31, 156, NULL, NULL, NULL),
(883, 35, 11, NULL, NULL, NULL),
(884, 78, 174, NULL, NULL, NULL),
(885, 67, 92, NULL, NULL, NULL),
(886, 103, 123, NULL, NULL, NULL),
(887, 78, 56, NULL, NULL, NULL),
(888, 50, 57, NULL, NULL, NULL),
(889, 115, 33, NULL, NULL, NULL),
(890, 83, 89, NULL, NULL, NULL),
(891, 72, 106, NULL, NULL, NULL),
(892, 84, 6, NULL, NULL, NULL),
(893, 74, 82, NULL, NULL, NULL),
(894, 78, 129, NULL, NULL, NULL),
(895, 70, 38, NULL, NULL, NULL),
(896, 28, 118, NULL, NULL, NULL),
(897, 27, 149, NULL, NULL, NULL),
(898, 33, 12, NULL, NULL, NULL),
(899, 79, 29, NULL, NULL, NULL),
(900, 83, 173, NULL, NULL, NULL),
(901, 33, 66, NULL, NULL, NULL),
(902, 110, 28, NULL, NULL, NULL),
(903, 26, 110, NULL, NULL, NULL),
(904, 19, 155, NULL, NULL, NULL),
(905, 21, 28, NULL, NULL, NULL),
(906, 48, 11, NULL, NULL, NULL),
(907, 97, 131, NULL, NULL, NULL),
(908, 115, 25, NULL, NULL, NULL),
(909, 100, 15, NULL, NULL, NULL),
(910, 98, 153, NULL, NULL, NULL),
(911, 109, 164, NULL, NULL, NULL),
(912, 29, 135, NULL, NULL, NULL),
(913, 62, 140, NULL, NULL, NULL),
(914, 63, 14, NULL, NULL, NULL),
(915, 50, 81, NULL, NULL, NULL),
(916, 109, 67, NULL, NULL, NULL),
(917, 59, 154, NULL, NULL, NULL),
(918, 33, 118, NULL, NULL, NULL),
(919, 53, 98, NULL, NULL, NULL),
(920, 118, 156, NULL, NULL, NULL),
(921, 111, 64, NULL, NULL, NULL),
(922, 62, 75, NULL, NULL, NULL),
(923, 109, 53, NULL, NULL, NULL),
(924, 50, 99, NULL, NULL, NULL),
(925, 52, 51, NULL, NULL, NULL),
(926, 44, 58, NULL, NULL, NULL),
(927, 89, 75, NULL, NULL, NULL),
(928, 26, 99, NULL, NULL, NULL),
(929, 63, 36, NULL, NULL, NULL),
(930, 19, 146, NULL, NULL, NULL),
(931, 113, 84, NULL, NULL, NULL),
(932, 26, 109, NULL, NULL, NULL),
(933, 117, 133, NULL, NULL, NULL),
(934, 29, 126, NULL, NULL, NULL),
(935, 113, 44, NULL, NULL, NULL),
(936, 76, 150, NULL, NULL, NULL),
(937, 105, 72, NULL, NULL, NULL),
(938, 89, 123, NULL, NULL, NULL),
(939, 34, 64, NULL, NULL, NULL),
(940, 83, 143, NULL, NULL, NULL),
(941, 58, 126, NULL, NULL, NULL),
(942, 71, 115, NULL, NULL, NULL),
(943, 87, 156, NULL, NULL, NULL),
(944, 85, 67, NULL, NULL, NULL),
(945, 20, 144, NULL, NULL, NULL),
(946, 60, 136, NULL, NULL, NULL),
(947, 48, 121, NULL, NULL, NULL),
(948, 47, 29, NULL, NULL, NULL),
(949, 44, 143, NULL, NULL, NULL),
(950, 33, 170, NULL, NULL, NULL),
(951, 83, 15, NULL, NULL, NULL),
(952, 52, 40, NULL, NULL, NULL),
(953, 50, 17, NULL, NULL, NULL),
(954, 42, 70, NULL, NULL, NULL),
(955, 53, 179, NULL, NULL, NULL),
(956, 57, 140, NULL, NULL, NULL),
(957, 81, 55, NULL, NULL, NULL),
(958, 68, 55, NULL, NULL, NULL),
(959, 77, 126, NULL, NULL, NULL),
(960, 38, 80, NULL, NULL, NULL),
(961, 39, 21, NULL, NULL, NULL),
(962, 66, 144, NULL, NULL, NULL),
(963, 28, 165, NULL, NULL, NULL),
(964, 64, 103, NULL, NULL, NULL),
(965, 69, 168, NULL, NULL, NULL),
(966, 49, 98, NULL, NULL, NULL),
(967, 27, 95, NULL, NULL, NULL),
(968, 63, 166, NULL, NULL, NULL),
(969, 98, 147, NULL, NULL, NULL),
(970, 75, 104, NULL, NULL, NULL),
(971, 66, 125, NULL, NULL, NULL),
(972, 96, 108, NULL, NULL, NULL),
(973, 112, 14, NULL, NULL, NULL),
(974, 83, 126, NULL, NULL, NULL),
(975, 57, 92, NULL, NULL, NULL),
(976, 64, 81, NULL, NULL, NULL),
(977, 94, 27, NULL, NULL, NULL),
(978, 31, 139, NULL, NULL, NULL),
(979, 21, 177, NULL, NULL, NULL),
(980, 56, 147, NULL, NULL, NULL),
(981, 42, 62, NULL, NULL, NULL),
(982, 19, 39, NULL, NULL, NULL),
(983, 64, 141, NULL, NULL, NULL),
(984, 78, 33, NULL, NULL, NULL),
(985, 53, 152, NULL, NULL, NULL),
(986, 90, 181, NULL, NULL, NULL),
(987, 52, 62, NULL, NULL, NULL),
(988, 26, 45, NULL, NULL, NULL),
(989, 56, 52, NULL, NULL, NULL),
(990, 61, 105, NULL, NULL, NULL),
(991, 106, 159, NULL, NULL, NULL),
(992, 64, 173, NULL, NULL, NULL),
(993, 27, 75, NULL, NULL, NULL),
(994, 63, 170, NULL, NULL, NULL),
(995, 97, 180, NULL, NULL, NULL),
(996, 115, 129, NULL, NULL, NULL),
(997, 88, 81, NULL, NULL, NULL),
(998, 115, 182, NULL, NULL, NULL),
(999, 34, 180, NULL, NULL, NULL),
(1000, 103, 67, NULL, NULL, NULL),
(1001, 47, 82, NULL, NULL, NULL),
(1002, 56, 19, NULL, NULL, NULL),
(1003, 78, 2, NULL, NULL, NULL),
(1004, 36, 145, NULL, NULL, NULL),
(1005, 43, 151, NULL, NULL, NULL),
(1006, 106, 99, NULL, NULL, NULL),
(1007, 88, 52, NULL, NULL, NULL),
(1008, 59, 87, NULL, NULL, NULL),
(1009, 49, 107, NULL, NULL, NULL),
(1010, 106, 96, NULL, NULL, NULL),
(1011, 25, 67, NULL, NULL, NULL),
(1012, 73, 164, NULL, NULL, NULL),
(1013, 85, 158, NULL, NULL, NULL),
(1014, 24, 121, NULL, NULL, NULL),
(1015, 47, 54, NULL, NULL, NULL),
(1016, 57, 172, NULL, NULL, NULL),
(1017, 38, 8, NULL, NULL, NULL),
(1018, 67, 16, NULL, NULL, NULL),
(1019, 43, 151, NULL, NULL, NULL),
(1020, 42, 34, NULL, NULL, NULL),
(1021, 48, 58, NULL, NULL, NULL),
(1022, 99, 20, NULL, NULL, NULL),
(1023, 105, 19, NULL, NULL, NULL),
(1024, 55, 163, NULL, NULL, NULL),
(1025, 20, 158, NULL, NULL, NULL),
(1026, 29, 7, NULL, NULL, NULL),
(1027, 76, 70, NULL, NULL, NULL),
(1028, 95, 64, NULL, NULL, NULL),
(1029, 93, 136, NULL, NULL, NULL),
(1030, 87, 125, NULL, NULL, NULL),
(1031, 19, 8, NULL, NULL, NULL),
(1032, 37, 50, NULL, NULL, NULL),
(1033, 93, 81, NULL, NULL, NULL),
(1034, 108, 52, NULL, NULL, NULL),
(1035, 41, 54, NULL, NULL, NULL),
(1036, 72, 134, NULL, NULL, NULL),
(1037, 70, 154, NULL, NULL, NULL),
(1038, 52, 157, NULL, NULL, NULL),
(1039, 111, 46, NULL, NULL, NULL),
(1040, 26, 156, NULL, NULL, NULL),
(1041, 91, 174, NULL, NULL, NULL),
(1042, 66, 163, NULL, NULL, NULL),
(1043, 22, 66, NULL, NULL, NULL),
(1044, 114, 179, NULL, NULL, NULL),
(1045, 77, 26, NULL, NULL, NULL),
(1046, 75, 44, NULL, NULL, NULL),
(1047, 37, 76, NULL, NULL, NULL),
(1048, 74, 133, NULL, NULL, NULL),
(1049, 85, 125, NULL, NULL, NULL),
(1050, 56, 13, NULL, NULL, NULL),
(1051, 104, 99, NULL, NULL, NULL),
(1052, 48, 91, NULL, NULL, NULL),
(1053, 36, 117, NULL, NULL, NULL),
(1054, 32, 107, NULL, NULL, NULL),
(1055, 101, 119, NULL, NULL, NULL),
(1056, 35, 173, NULL, NULL, NULL),
(1057, 55, 81, NULL, NULL, NULL),
(1058, 39, 56, NULL, NULL, NULL),
(1059, 70, 17, NULL, NULL, NULL),
(1060, 63, 112, NULL, NULL, NULL),
(1061, 114, 91, NULL, NULL, NULL),
(1062, 26, 73, NULL, NULL, NULL),
(1063, 101, 117, NULL, NULL, NULL),
(1064, 106, 9, NULL, NULL, NULL),
(1065, 56, 18, NULL, NULL, NULL),
(1066, 40, 172, NULL, NULL, NULL),
(1067, 22, 119, NULL, NULL, NULL),
(1068, 85, 29, NULL, NULL, NULL),
(1069, 96, 62, NULL, NULL, NULL),
(1070, 93, 180, NULL, NULL, NULL),
(1071, 96, 131, NULL, NULL, NULL),
(1072, 115, 155, NULL, NULL, NULL),
(1073, 111, 32, NULL, NULL, NULL),
(1074, 85, 168, NULL, NULL, NULL),
(1075, 59, 53, NULL, NULL, NULL),
(1076, 106, 150, NULL, NULL, NULL),
(1077, 30, 31, NULL, NULL, NULL),
(1078, 28, 44, NULL, NULL, NULL),
(1079, 52, 154, NULL, NULL, NULL),
(1080, 116, 143, NULL, NULL, NULL),
(1081, 33, 154, NULL, NULL, NULL),
(1082, 19, 11, NULL, NULL, NULL),
(1083, 26, 112, NULL, NULL, NULL),
(1084, 63, 110, NULL, NULL, NULL),
(1085, 101, 78, NULL, NULL, NULL),
(1086, 87, 41, NULL, NULL, NULL),
(1087, 59, 70, NULL, NULL, NULL),
(1088, 42, 34, NULL, NULL, NULL),
(1089, 53, 46, NULL, NULL, NULL),
(1090, 91, 121, NULL, NULL, NULL),
(1091, 44, 76, NULL, NULL, NULL),
(1092, 68, 85, NULL, NULL, NULL),
(1093, 28, 113, NULL, NULL, NULL),
(1094, 54, 34, NULL, NULL, NULL),
(1095, 68, 120, NULL, NULL, NULL),
(1096, 56, 90, NULL, NULL, NULL),
(1097, 86, 169, NULL, NULL, NULL),
(1098, 90, 52, NULL, NULL, NULL),
(1099, 79, 168, NULL, NULL, NULL),
(1100, 65, 86, NULL, NULL, NULL),
(1101, 83, 93, NULL, NULL, NULL),
(1102, 101, 163, NULL, NULL, NULL),
(1103, 45, 55, NULL, NULL, NULL),
(1104, 106, 142, NULL, NULL, NULL),
(1105, 57, 122, NULL, NULL, NULL),
(1106, 47, 12, NULL, NULL, NULL),
(1107, 28, 10, NULL, NULL, NULL),
(1108, 109, 135, NULL, NULL, NULL),
(1109, 57, 79, NULL, NULL, NULL),
(1110, 46, 63, NULL, NULL, NULL),
(1111, 86, 160, NULL, NULL, NULL),
(1112, 34, 14, NULL, NULL, NULL),
(1113, 69, 104, NULL, NULL, NULL),
(1114, 56, 145, NULL, NULL, NULL),
(1115, 94, 14, NULL, NULL, NULL),
(1116, 53, 168, NULL, NULL, NULL),
(1117, 62, 128, NULL, NULL, NULL),
(1118, 84, 126, NULL, NULL, NULL),
(1119, 45, 132, NULL, NULL, NULL),
(1120, 111, 82, NULL, NULL, NULL),
(1121, 118, 89, NULL, NULL, NULL),
(1122, 80, 92, NULL, NULL, NULL),
(1123, 87, 86, NULL, NULL, NULL),
(1124, 63, 148, NULL, NULL, NULL),
(1126, 125, 124, NULL, '2023-03-08 14:15:12', '2023-03-08 14:15:12'),
(1127, 125, 157, NULL, '2023-03-08 14:15:12', '2023-03-08 14:15:12'),
(1128, 125, 53, NULL, '2023-03-08 14:15:12', '2023-03-08 14:15:12'),
(1129, 125, 48, NULL, '2023-03-08 14:15:12', '2023-03-08 14:15:12'),
(1130, 125, 61, NULL, '2023-03-08 14:15:12', '2023-03-08 14:15:12'),
(1131, 125, 40, NULL, '2023-03-08 14:15:12', '2023-03-08 14:15:12'),
(1132, 125, 46, NULL, '2023-03-08 14:15:12', '2023-03-08 14:15:12'),
(1133, 126, 38, NULL, '2023-03-08 14:20:19', '2023-03-08 14:20:19'),
(1134, 126, 42, NULL, '2023-03-08 14:20:19', '2023-03-08 14:20:19'),
(1135, 126, 10, NULL, '2023-03-08 14:20:19', '2023-03-08 14:20:19'),
(1136, 126, 177, NULL, '2023-03-08 14:20:19', '2023-03-08 14:20:19'),
(1137, 126, 115, NULL, '2023-03-08 14:20:19', '2023-03-08 14:20:19'),
(1138, 126, 153, NULL, '2023-03-08 14:20:19', '2023-03-08 14:20:19'),
(1139, 126, 113, NULL, '2023-03-08 14:20:19', '2023-03-08 14:20:19'),
(1140, 127, 124, NULL, '2023-03-08 14:20:44', '2023-03-08 14:20:44'),
(1141, 127, 157, NULL, '2023-03-08 14:20:44', '2023-03-08 14:20:44'),
(1142, 127, 61, NULL, '2023-03-08 14:20:44', '2023-03-08 14:20:44'),
(1143, 127, 53, NULL, '2023-03-08 14:20:44', '2023-03-08 14:20:44'),
(1144, 127, 48, NULL, '2023-03-08 14:20:44', '2023-03-08 14:20:44'),
(1145, 127, 83, NULL, '2023-03-08 14:20:44', '2023-03-08 14:20:44'),
(1146, 127, 163, NULL, '2023-03-08 14:20:44', '2023-03-08 14:20:44'),
(1147, 128, 38, NULL, '2023-03-08 14:21:23', '2023-03-08 14:21:23'),
(1148, 128, 83, NULL, '2023-03-08 14:21:23', '2023-03-08 14:21:23'),
(1149, 128, 10, NULL, '2023-03-08 14:21:23', '2023-03-08 14:21:23'),
(1150, 128, 177, NULL, '2023-03-08 14:21:23', '2023-03-08 14:21:23'),
(1151, 128, 115, NULL, '2023-03-08 14:21:23', '2023-03-08 14:21:23'),
(1152, 128, 20, NULL, '2023-03-08 14:21:23', '2023-03-08 14:21:23'),
(1153, 128, 113, NULL, '2023-03-08 14:21:23', '2023-03-08 14:21:23'),
(1154, 129, 38, NULL, '2023-03-08 14:22:27', '2023-03-08 14:22:27'),
(1155, 129, 83, NULL, '2023-03-08 14:22:27', '2023-03-08 14:22:27'),
(1156, 129, 10, NULL, '2023-03-08 14:22:27', '2023-03-08 14:22:27'),
(1157, 129, 177, NULL, '2023-03-08 14:22:27', '2023-03-08 14:22:27'),
(1158, 129, 115, NULL, '2023-03-08 14:22:27', '2023-03-08 14:22:27'),
(1159, 129, 20, NULL, '2023-03-08 14:22:28', '2023-03-08 14:22:28'),
(1160, 129, 113, NULL, '2023-03-08 14:22:28', '2023-03-08 14:22:28'),
(1161, 130, 38, NULL, '2023-03-08 14:23:04', '2023-03-08 14:23:04'),
(1162, 130, 83, NULL, '2023-03-08 14:23:04', '2023-03-08 14:23:04'),
(1163, 130, 10, NULL, '2023-03-08 14:23:04', '2023-03-08 14:23:04'),
(1164, 130, 177, NULL, '2023-03-08 14:23:04', '2023-03-08 14:23:04'),
(1165, 130, 115, NULL, '2023-03-08 14:23:04', '2023-03-08 14:23:04'),
(1166, 130, 20, NULL, '2023-03-08 14:23:04', '2023-03-08 14:23:04'),
(1167, 130, 113, NULL, '2023-03-08 14:23:04', '2023-03-08 14:23:04'),
(1168, 131, 38, NULL, '2023-03-08 14:23:15', '2023-03-08 14:23:15'),
(1169, 131, 83, NULL, '2023-03-08 14:23:15', '2023-03-08 14:23:15'),
(1170, 131, 10, NULL, '2023-03-08 14:23:15', '2023-03-08 14:23:15'),
(1171, 131, 177, NULL, '2023-03-08 14:23:15', '2023-03-08 14:23:15'),
(1172, 131, 115, NULL, '2023-03-08 14:23:15', '2023-03-08 14:23:15'),
(1173, 131, 20, NULL, '2023-03-08 14:23:15', '2023-03-08 14:23:15'),
(1174, 131, 113, NULL, '2023-03-08 14:23:15', '2023-03-08 14:23:15'),
(1175, 132, 124, NULL, '2023-03-08 14:23:26', '2023-03-08 14:23:26'),
(1176, 132, 157, NULL, '2023-03-08 14:23:26', '2023-03-08 14:23:26'),
(1177, 132, 61, NULL, '2023-03-08 14:23:26', '2023-03-08 14:23:26'),
(1178, 132, 53, NULL, '2023-03-08 14:23:26', '2023-03-08 14:23:26'),
(1179, 132, 48, NULL, '2023-03-08 14:23:26', '2023-03-08 14:23:26'),
(1180, 132, 83, NULL, '2023-03-08 14:23:26', '2023-03-08 14:23:26'),
(1181, 132, 163, NULL, '2023-03-08 14:23:26', '2023-03-08 14:23:26'),
(1221, 140, 38, NULL, '2023-03-08 17:12:23', '2023-03-08 17:12:23'),
(1222, 140, 168, NULL, '2023-03-08 17:12:23', '2023-03-08 17:12:23'),
(1223, 140, 10, NULL, '2023-03-08 17:12:23', '2023-03-08 17:12:23'),
(1224, 140, 84, NULL, '2023-03-08 17:12:23', '2023-03-08 17:12:23'),
(1225, 140, 174, NULL, '2023-03-08 17:12:23', '2023-03-08 17:12:23'),
(1226, 140, 153, NULL, '2023-03-08 17:12:23', '2023-03-08 17:12:23'),
(1227, 140, 113, NULL, '2023-03-08 17:12:23', '2023-03-08 17:12:23'),
(1228, 141, 14, NULL, '2023-03-08 17:58:22', '2023-03-08 17:58:22'),
(1229, 141, 157, NULL, '2023-03-08 17:58:22', '2023-03-08 17:58:22'),
(1230, 141, 48, NULL, '2023-03-08 17:58:22', '2023-03-08 17:58:22'),
(1231, 141, 61, NULL, '2023-03-08 17:58:22', '2023-03-08 17:58:22'),
(1232, 141, 53, NULL, '2023-03-08 17:58:22', '2023-03-08 17:58:22'),
(1233, 141, 46, NULL, '2023-03-08 17:58:22', '2023-03-08 17:58:22'),
(1234, 141, 134, NULL, '2023-03-08 17:58:22', '2023-03-08 17:58:22'),
(1235, 142, 154, NULL, '2023-03-08 18:29:20', '2023-03-08 18:29:20'),
(1236, 142, 133, NULL, '2023-03-08 18:29:20', '2023-03-08 18:29:20'),
(1237, 142, 8, NULL, '2023-03-08 18:29:20', '2023-03-08 18:29:20'),
(1238, 142, 116, NULL, '2023-03-08 18:29:20', '2023-03-08 18:29:20'),
(1239, 142, 165, NULL, '2023-03-08 18:29:20', '2023-03-08 18:29:20'),
(1328, 163, 2, 8, '2023-03-14 16:47:39', '2023-03-14 16:47:39'),
(1329, 163, 91, NULL, '2023-03-14 16:47:39', '2023-03-14 16:47:39'),
(1330, 163, 72, NULL, '2023-03-14 16:47:39', '2023-03-14 16:47:39'),
(1331, 163, 10, NULL, '2023-03-14 16:47:39', '2023-03-14 16:47:39'),
(1332, 163, 138, NULL, '2023-03-14 16:47:39', '2023-03-14 16:47:39'),
(1333, 163, 125, NULL, '2023-03-14 16:47:39', '2023-03-14 16:47:39'),
(1334, 163, 147, NULL, '2023-03-14 16:47:39', '2023-03-14 16:47:39'),
(1335, 164, 171, 10, '2023-03-16 14:21:30', '2023-03-16 14:21:30'),
(1336, 164, 124, NULL, '2023-03-16 14:21:30', '2023-03-16 14:21:30'),
(1337, 164, 72, NULL, '2023-03-16 14:21:30', '2023-03-16 14:21:30'),
(1338, 164, 48, NULL, '2023-03-16 14:21:30', '2023-03-16 14:21:30'),
(1339, 164, 87, NULL, '2023-03-16 14:21:30', '2023-03-16 14:21:30'),
(1340, 164, 12, NULL, '2023-03-16 14:21:30', '2023-03-16 14:21:30'),
(1341, 164, 134, NULL, '2023-03-16 14:21:30', '2023-03-16 14:21:30'),
(1342, 164, 86, NULL, '2023-03-16 14:21:30', '2023-03-16 14:21:30'),
(1343, 167, 148, 8, '2023-03-16 17:23:41', '2023-03-16 17:23:41'),
(1344, 167, 79, NULL, '2023-03-16 17:23:41', '2023-03-16 17:23:41'),
(1345, 167, 11, NULL, '2023-03-16 17:23:41', '2023-03-16 17:23:41'),
(1346, 167, 50, NULL, '2023-03-16 17:23:41', '2023-03-16 17:23:41'),
(1347, 167, 127, NULL, '2023-03-16 17:23:41', '2023-03-16 17:23:41'),
(1348, 167, 146, NULL, '2023-03-16 17:23:41', '2023-03-16 17:23:41'),
(1349, 167, 51, NULL, '2023-03-16 17:23:41', '2023-03-16 17:23:41'),
(1350, 167, 28, NULL, '2023-03-16 17:23:41', '2023-03-16 17:23:41'),
(1351, 167, 128, NULL, '2023-03-16 17:23:41', '2023-03-16 17:23:41'),
(1359, 172, 171, 8, '2023-03-17 11:32:18', '2023-03-17 11:32:18'),
(1360, 172, 31, NULL, '2023-03-17 11:32:18', '2023-03-17 11:32:18'),
(1361, 172, 72, NULL, '2023-03-17 11:32:18', '2023-03-17 11:32:18'),
(1362, 172, 10, NULL, '2023-03-17 11:32:18', '2023-03-17 11:32:18'),
(1363, 172, 101, NULL, '2023-03-17 11:32:18', '2023-03-17 11:32:18'),
(1364, 172, 99, NULL, '2023-03-17 11:32:18', '2023-03-17 11:32:18'),
(1365, 172, 20, NULL, '2023-03-17 11:32:18', '2023-03-17 11:32:18'),
(1366, 172, 113, NULL, '2023-03-17 11:32:18', '2023-03-17 11:32:18'),
(1367, 173, 55, 10, '2023-03-17 14:52:33', '2023-03-17 14:52:33'),
(1368, 173, 81, NULL, '2023-03-17 14:52:33', '2023-03-17 14:52:33'),
(1369, 173, 160, NULL, '2023-03-17 14:52:33', '2023-03-17 14:52:33'),
(1370, 173, 37, NULL, '2023-03-17 14:52:33', '2023-03-17 14:52:33'),
(1371, 173, 5, NULL, '2023-03-17 14:52:33', '2023-03-17 14:52:33'),
(1372, 173, 66, NULL, '2023-03-17 14:52:33', '2023-03-17 14:52:33'),
(1373, 173, 152, NULL, '2023-03-17 14:52:33', '2023-03-17 14:52:33'),
(1374, 173, 26, NULL, '2023-03-17 14:52:33', '2023-03-17 14:52:33'),
(1375, 173, 93, NULL, '2023-03-17 14:52:33', '2023-03-17 14:52:33'),
(1376, 174, 171, 12, '2023-03-17 15:35:18', '2023-03-17 15:35:18'),
(1377, 174, 81, NULL, '2023-03-17 15:35:18', '2023-03-17 15:35:18'),
(1378, 174, 105, NULL, '2023-03-17 15:35:18', '2023-03-17 15:35:18'),
(1379, 174, 109, NULL, '2023-03-17 15:35:18', '2023-03-17 15:35:18'),
(1380, 174, 151, NULL, '2023-03-17 15:35:18', '2023-03-17 15:35:18'),
(1381, 174, 144, NULL, '2023-03-17 15:35:18', '2023-03-17 15:35:18'),
(1382, 174, 146, NULL, '2023-03-17 15:35:18', '2023-03-17 15:35:18'),
(1383, 174, 8, NULL, '2023-03-17 15:35:18', '2023-03-17 15:35:18'),
(1384, 175, 2, 15, '2023-03-21 10:41:06', '2023-03-21 10:41:06'),
(1385, 175, 124, NULL, '2023-03-21 10:41:06', '2023-03-21 10:41:06'),
(1386, 175, 72, NULL, '2023-03-21 10:41:06', '2023-03-21 10:41:06'),
(1387, 175, 12, NULL, '2023-03-21 10:41:06', '2023-03-21 10:41:06'),
(1388, 175, 53, NULL, '2023-03-21 10:41:06', '2023-03-21 10:41:06'),
(1389, 175, 17, NULL, '2023-03-21 10:41:06', '2023-03-21 10:41:06'),
(1390, 175, 134, NULL, '2023-03-21 10:41:06', '2023-03-21 10:41:06'),
(1391, 175, 83, NULL, '2023-03-21 10:41:06', '2023-03-21 10:41:06'),
(1392, 176, 137, 35, '2023-03-30 10:31:22', '2023-03-30 10:31:22'),
(1393, 176, 79, NULL, '2023-03-30 10:31:22', '2023-03-30 10:31:22'),
(1394, 176, 43, NULL, '2023-03-30 10:31:22', '2023-03-30 10:31:22'),
(1395, 176, 151, NULL, '2023-03-30 10:31:22', '2023-03-30 10:31:22'),
(1396, 176, 154, NULL, '2023-03-30 10:31:22', '2023-03-30 10:31:22'),
(1397, 176, 146, NULL, '2023-03-30 10:31:22', '2023-03-30 10:31:22'),
(1398, 176, 51, NULL, '2023-03-30 10:31:22', '2023-03-30 10:31:22'),
(1399, 177, 162, 10, '2023-03-31 12:40:45', '2023-03-31 12:40:45'),
(1400, 177, 67, NULL, '2023-03-31 12:40:45', '2023-03-31 12:40:45'),
(1401, 177, 83, NULL, '2023-03-31 12:40:45', '2023-03-31 12:40:45'),
(1402, 177, 10, NULL, '2023-03-31 12:40:45', '2023-03-31 12:40:45'),
(1403, 177, 164, NULL, '2023-03-31 12:40:45', '2023-03-31 12:40:45'),
(1404, 177, 75, NULL, '2023-03-31 12:40:45', '2023-03-31 12:40:45'),
(1405, 177, 95, NULL, '2023-03-31 12:40:45', '2023-03-31 12:40:45'),
(1406, 177, 129, NULL, '2023-03-31 12:40:45', '2023-03-31 12:40:45'),
(1407, 178, 55, 15, '2023-03-31 13:00:13', '2023-03-31 13:00:13'),
(1408, 178, 131, NULL, '2023-03-31 13:00:13', '2023-03-31 13:00:13'),
(1409, 178, 83, NULL, '2023-03-31 13:00:13', '2023-03-31 13:00:13'),
(1410, 178, 10, NULL, '2023-03-31 13:00:13', '2023-03-31 13:00:13'),
(1411, 178, 99, NULL, '2023-03-31 13:00:13', '2023-03-31 13:00:13'),
(1412, 178, 76, NULL, '2023-03-31 13:00:13', '2023-03-31 13:00:13'),
(1413, 178, 173, NULL, '2023-03-31 13:00:13', '2023-03-31 13:00:13'),
(1414, 179, 2, 15, '2023-03-31 13:00:52', '2023-03-31 13:00:52'),
(1415, 179, 39, NULL, '2023-03-31 13:00:52', '2023-03-31 13:00:52'),
(1416, 179, 170, NULL, '2023-03-31 13:00:52', '2023-03-31 13:00:52'),
(1417, 179, 15, NULL, '2023-03-31 13:00:52', '2023-03-31 13:00:52'),
(1418, 179, 167, NULL, '2023-03-31 13:00:52', '2023-03-31 13:00:52'),
(1419, 179, 12, NULL, '2023-03-31 13:00:52', '2023-03-31 13:00:52'),
(1420, 179, 46, NULL, '2023-03-31 13:00:52', '2023-03-31 13:00:52'),
(1421, 179, 130, NULL, '2023-03-31 13:00:52', '2023-03-31 13:00:52'),
(1422, 180, 117, 60, '2023-03-31 13:10:52', '2023-03-31 13:10:52'),
(1423, 180, 79, NULL, '2023-03-31 13:10:52', '2023-03-31 13:10:52'),
(1424, 180, 41, NULL, '2023-03-31 13:10:52', '2023-03-31 13:10:52'),
(1425, 180, 82, NULL, '2023-03-31 13:10:52', '2023-03-31 13:10:52'),
(1426, 180, 5, NULL, '2023-03-31 13:10:52', '2023-03-31 13:10:52'),
(1427, 180, 25, NULL, '2023-03-31 13:10:52', '2023-03-31 13:10:52'),
(1428, 180, 22, NULL, '2023-03-31 13:10:52', '2023-03-31 13:10:52'),
(1429, 180, 116, NULL, '2023-03-31 13:10:52', '2023-03-31 13:10:52'),
(1430, 180, 128, NULL, '2023-03-31 13:10:52', '2023-03-31 13:10:52'),
(1431, 181, 137, 29, '2023-03-31 13:11:45', '2023-03-31 13:11:45'),
(1432, 181, 73, NULL, '2023-03-31 13:11:45', '2023-03-31 13:11:45'),
(1433, 181, 72, NULL, '2023-03-31 13:11:45', '2023-03-31 13:11:45'),
(1434, 181, 10, NULL, '2023-03-31 13:11:45', '2023-03-31 13:11:45'),
(1435, 181, 9, NULL, '2023-03-31 13:11:45', '2023-03-31 13:11:45'),
(1436, 181, 99, NULL, '2023-03-31 13:11:45', '2023-03-31 13:11:45'),
(1437, 181, 95, NULL, '2023-03-31 13:11:45', '2023-03-31 13:11:45'),
(1438, 181, 129, NULL, '2023-03-31 13:11:45', '2023-03-31 13:11:45'),
(1439, 182, 162, 31, '2023-03-31 13:12:43', '2023-03-31 13:12:43'),
(1440, 182, 14, NULL, '2023-03-31 13:12:43', '2023-03-31 13:12:43'),
(1441, 182, 72, NULL, '2023-03-31 13:12:43', '2023-03-31 13:12:43'),
(1442, 182, 88, NULL, '2023-03-31 13:12:43', '2023-03-31 13:12:43'),
(1443, 182, 16, NULL, '2023-03-31 13:12:43', '2023-03-31 13:12:43'),
(1444, 182, 17, NULL, '2023-03-31 13:12:43', '2023-03-31 13:12:43'),
(1445, 182, 163, NULL, '2023-03-31 13:12:43', '2023-03-31 13:12:43'),
(1446, 182, 86, NULL, '2023-03-31 13:12:43', '2023-03-31 13:12:43'),
(1447, 183, 148, 24, '2023-03-31 13:13:22', '2023-03-31 13:13:22'),
(1448, 183, 79, NULL, '2023-03-31 13:13:22', '2023-03-31 13:13:22'),
(1449, 183, 65, NULL, '2023-03-31 13:13:22', '2023-03-31 13:13:22'),
(1450, 183, 82, NULL, '2023-03-31 13:13:22', '2023-03-31 13:13:22'),
(1451, 183, 154, NULL, '2023-03-31 13:13:22', '2023-03-31 13:13:22'),
(1452, 183, 133, NULL, '2023-03-31 13:13:22', '2023-03-31 13:13:22'),
(1453, 183, 51, NULL, '2023-03-31 13:13:22', '2023-03-31 13:13:22'),
(1454, 183, 165, NULL, '2023-03-31 13:13:22', '2023-03-31 13:13:22'),
(1455, 183, 172, NULL, '2023-03-31 13:13:22', '2023-03-31 13:13:22'),
(1456, 184, 2, 10, '2023-04-03 12:47:57', '2023-04-03 12:47:57'),
(1457, 184, 149, NULL, '2023-04-03 12:47:57', '2023-04-03 12:47:57'),
(1458, 184, 170, NULL, '2023-04-03 12:47:57', '2023-04-03 12:47:57'),
(1459, 184, 61, NULL, '2023-04-03 12:47:57', '2023-04-03 12:47:57'),
(1460, 184, 135, NULL, '2023-04-03 12:47:57', '2023-04-03 12:47:57'),
(1461, 184, 87, NULL, '2023-04-03 12:47:57', '2023-04-03 12:47:57'),
(1462, 184, 166, NULL, '2023-04-03 12:47:57', '2023-04-03 12:47:57'),
(1463, 184, 130, NULL, '2023-04-03 12:47:57', '2023-04-03 12:47:57'),
(1464, 185, 117, 10, '2023-04-03 12:48:03', '2023-04-03 12:48:03'),
(1465, 185, 143, NULL, '2023-04-03 12:48:03', '2023-04-03 12:48:03'),
(1466, 185, 43, NULL, '2023-04-03 12:48:03', '2023-04-03 12:48:03'),
(1467, 185, 50, NULL, '2023-04-03 12:48:03', '2023-04-03 12:48:03'),
(1468, 185, 127, NULL, '2023-04-03 12:48:03', '2023-04-03 12:48:03'),
(1469, 185, 146, NULL, '2023-04-03 12:48:03', '2023-04-03 12:48:03'),
(1470, 185, 152, NULL, '2023-04-03 12:48:03', '2023-04-03 12:48:03'),
(1471, 185, 93, NULL, '2023-04-03 12:48:03', '2023-04-03 12:48:03'),
(1472, 185, 172, NULL, '2023-04-03 12:48:03', '2023-04-03 12:48:03'),
(1473, 186, 117, 10, '2023-04-03 12:48:06', '2023-04-03 12:48:06'),
(1474, 186, 136, NULL, '2023-04-03 12:48:06', '2023-04-03 12:48:06'),
(1475, 186, 32, NULL, '2023-04-03 12:48:06', '2023-04-03 12:48:06'),
(1476, 186, 10, NULL, '2023-04-03 12:48:06', '2023-04-03 12:48:06'),
(1477, 186, 101, NULL, '2023-04-03 12:48:06', '2023-04-03 12:48:06'),
(1478, 186, 9, NULL, '2023-04-03 12:48:06', '2023-04-03 12:48:06'),
(1479, 186, 95, NULL, '2023-04-03 12:48:06', '2023-04-03 12:48:06'),
(1480, 186, 113, NULL, '2023-04-03 12:48:06', '2023-04-03 12:48:06'),
(1481, 188, 55, 10, '2023-04-03 13:35:09', '2023-04-03 13:35:09'),
(1482, 188, 79, NULL, '2023-04-03 13:35:09', '2023-04-03 13:35:09'),
(1483, 188, 160, NULL, '2023-04-03 13:35:09', '2023-04-03 13:35:09'),
(1484, 188, 33, NULL, '2023-04-03 13:35:09', '2023-04-03 13:35:09'),
(1485, 188, 175, NULL, '2023-04-03 13:35:09', '2023-04-03 13:35:09'),
(1486, 188, 47, NULL, '2023-04-03 13:35:09', '2023-04-03 13:35:09'),
(1487, 188, 98, NULL, '2023-04-03 13:35:09', '2023-04-03 13:35:09'),
(1488, 188, 116, NULL, '2023-04-03 13:35:09', '2023-04-03 13:35:09'),
(1489, 188, 69, NULL, '2023-04-03 13:35:09', '2023-04-03 13:35:09');

-- --------------------------------------------------------

--
-- Table structure for table `types`
--

CREATE TABLE `types` (
  `id` bigint(20) UNSIGNED NOT NULL,
  `name` varchar(255) NOT NULL
) ENGINE=InnoDB DEFAULT CHARSET=utf8mb4 COLLATE=utf8mb4_unicode_ci;

--
-- Dumping data for table `types`
--

INSERT INTO `types` (`id`, `name`) VALUES
(1, 'bodybuilding'),
(2, 'cardio'),
(3, 'stretching'),
(4, 'loose weight'),
(5, 'endurance');

-- --------------------------------------------------------

--
-- Table structure for table `users`
--

CREATE TABLE `users` (
  `id` bigint(20) UNSIGNED NOT NULL,
  `username` varchar(255) NOT NULL,
  `email` varchar(255) NOT NULL,
  `email_verified_at` timestamp NULL DEFAULT NULL,
  `password` varchar(255) NOT NULL,
  `name` varchar(255) DEFAULT NULL,
  `age` int(11) NOT NULL,
  `idExperience` bigint(20) UNSIGNED NOT NULL,
  `idGender` bigint(20) UNSIGNED NOT NULL,
  `remember_token` varchar(100) DEFAULT NULL,
  `created_at` timestamp NULL DEFAULT NULL,
  `updated_at` timestamp NULL DEFAULT NULL
) ENGINE=InnoDB DEFAULT CHARSET=utf8mb4 COLLATE=utf8mb4_unicode_ci;

--
-- Dumping data for table `users`
--

INSERT INTO `users` (`id`, `username`, `email`, `email_verified_at`, `password`, `name`, `age`, `idExperience`, `idGender`, `remember_token`, `created_at`, `updated_at`) VALUES
(2, 'test', 'test2@test2.com', NULL, '$2y$10$yI1cBF4lEiNU95GNAXnMAOKtR2IRVDkyPmmtFvthNve.jOLA5Sk4q', 'Test Test', 99, 2, 3, NULL, '2023-03-03 09:56:14', '2023-03-31 13:09:00'),
(7, 'michal010319@gmail.com', 'michal010319@gmail.com', NULL, '$2y$10$kbJY6EFkKPxXJMJm8HElye.rJ0NCwbn7KqvxY3ptVTRIIvb.cOwxS', 'Michal Tkáč', 24, 3, 1, NULL, '2023-03-12 16:09:34', '2023-03-17 15:00:21'),
(8, 'test3', 'test3@test.com', NULL, '$2y$10$TmMkXoG2dusZxd0Mk6ak6.HaI2KmXpEDkxGi4kv/drkgzkyZ88hu6', 'test3', 20, 1, 1, NULL, '2023-03-17 13:54:10', '2023-03-17 13:54:10');

-- --------------------------------------------------------

--
-- Table structure for table `usershasequipments`
--

CREATE TABLE `usershasequipments` (
  `id` bigint(20) UNSIGNED NOT NULL,
  `idUser` bigint(20) UNSIGNED NOT NULL,
  `idEquipment` bigint(20) UNSIGNED DEFAULT NULL,
  `created_at` timestamp NULL DEFAULT NULL,
  `updated_at` timestamp NULL DEFAULT NULL
) ENGINE=InnoDB DEFAULT CHARSET=utf8mb4 COLLATE=utf8mb4_unicode_ci;

--
-- Dumping data for table `usershasequipments`
--

INSERT INTO `usershasequipments` (`id`, `idUser`, `idEquipment`, `created_at`, `updated_at`) VALUES
(20, 7, 4, '2023-03-12 16:09:34', '2023-03-12 16:09:34'),
(21, 7, 1, '2023-03-12 16:09:34', '2023-03-12 16:09:34'),
(22, 7, 2, '2023-03-12 16:09:34', '2023-03-12 16:09:34'),
(23, 7, 3, '2023-03-12 16:09:34', '2023-03-12 16:09:34'),
(24, 7, 5, '2023-03-12 16:09:34', '2023-03-12 16:09:34'),
(25, 7, 6, '2023-03-12 16:09:34', '2023-03-12 16:09:34'),
(26, 7, 7, '2023-03-12 16:09:34', '2023-03-12 16:09:34'),
(27, 7, 8, '2023-03-12 16:09:34', '2023-03-12 16:09:34'),
(28, 7, 9, '2023-03-12 16:09:34', '2023-03-12 16:09:34'),
(29, 7, 10, '2023-03-12 16:09:34', '2023-03-12 16:09:34'),
(30, 7, 11, '2023-03-12 16:09:34', '2023-03-12 16:09:34'),
(31, 7, 12, '2023-03-12 16:09:34', '2023-03-12 16:09:34'),
(32, 7, 13, '2023-03-12 16:09:34', '2023-03-12 16:09:34'),
(33, 7, 14, '2023-03-12 16:09:34', '2023-03-12 16:09:34'),
(34, 7, 15, '2023-03-12 16:09:34', '2023-03-12 16:09:34'),
(35, 7, 16, '2023-03-12 16:09:34', '2023-03-12 16:09:34'),
(36, 7, 17, '2023-03-12 16:09:34', '2023-03-12 16:09:34'),
(37, 7, 18, '2023-03-12 16:09:34', '2023-03-12 16:09:34'),
(38, 7, 19, '2023-03-12 16:09:34', '2023-03-12 16:09:34'),
(39, 7, 21, '2023-03-12 16:09:34', '2023-03-12 16:09:34'),
(40, 7, 22, '2023-03-12 16:09:34', '2023-03-12 16:09:34'),
(41, 7, 23, '2023-03-12 16:09:34', '2023-03-12 16:09:34'),
(42, 8, 4, '2023-03-17 13:54:10', '2023-03-17 13:54:10'),
(43, 8, 1, '2023-03-17 13:54:10', '2023-03-17 13:54:10'),
(44, 8, 2, '2023-03-17 13:54:10', '2023-03-17 13:54:10'),
(45, 8, 3, '2023-03-17 13:54:10', '2023-03-17 13:54:10'),
(46, 8, 5, '2023-03-17 13:54:10', '2023-03-17 13:54:10'),
(47, 8, 6, '2023-03-17 13:54:10', '2023-03-17 13:54:10'),
(48, 8, 7, '2023-03-17 13:54:10', '2023-03-17 13:54:10'),
(49, 8, 8, '2023-03-17 13:54:10', '2023-03-17 13:54:10'),
(50, 8, 9, '2023-03-17 13:54:10', '2023-03-17 13:54:10'),
(51, 8, 10, '2023-03-17 13:54:10', '2023-03-17 13:54:10'),
(52, 8, 11, '2023-03-17 13:54:10', '2023-03-17 13:54:10'),
(53, 8, 12, '2023-03-17 13:54:10', '2023-03-17 13:54:10'),
(54, 8, 13, '2023-03-17 13:54:10', '2023-03-17 13:54:10'),
(55, 8, 14, '2023-03-17 13:54:10', '2023-03-17 13:54:10'),
(56, 8, 15, '2023-03-17 13:54:10', '2023-03-17 13:54:10'),
(57, 8, 16, '2023-03-17 13:54:10', '2023-03-17 13:54:10'),
(58, 8, 17, '2023-03-17 13:54:10', '2023-03-17 13:54:10'),
(59, 8, 18, '2023-03-17 13:54:10', '2023-03-17 13:54:10'),
(60, 8, 19, '2023-03-17 13:54:10', '2023-03-17 13:54:10'),
(61, 8, 20, '2023-03-17 13:54:10', '2023-03-17 13:54:10'),
(62, 8, 21, '2023-03-17 13:54:10', '2023-03-17 13:54:10'),
(63, 8, 22, '2023-03-17 13:54:10', '2023-03-17 13:54:10'),
(64, 8, 23, '2023-03-17 13:54:10', '2023-03-17 13:54:10'),
(65, 2, 4, '2023-03-30 08:31:12', '2023-03-30 08:31:12'),
(66, 2, 1, '2023-03-30 08:31:12', '2023-03-30 08:31:12'),
(67, 2, 2, '2023-03-30 08:31:12', '2023-03-30 08:31:12'),
(68, 2, 3, '2023-03-30 08:31:12', '2023-03-30 08:31:12'),
(69, 2, 5, '2023-03-30 08:31:12', '2023-03-30 08:31:12'),
(70, 2, 6, '2023-03-30 08:31:12', '2023-03-30 08:31:12'),
(71, 2, 7, '2023-03-30 08:31:12', '2023-03-30 08:31:12'),
(72, 2, 8, '2023-03-30 08:31:12', '2023-03-30 08:31:12'),
(73, 2, 9, '2023-03-30 08:31:12', '2023-03-30 08:31:12'),
(74, 2, 10, '2023-03-30 08:31:12', '2023-03-30 08:31:12'),
(75, 2, 11, '2023-03-30 08:31:12', '2023-03-30 08:31:12'),
(76, 2, 12, '2023-03-30 08:31:12', '2023-03-30 08:31:12'),
(77, 2, 13, '2023-03-30 08:31:12', '2023-03-30 08:31:12'),
(78, 2, 14, '2023-03-30 08:31:12', '2023-03-30 08:31:12'),
(79, 2, 15, '2023-03-30 08:31:12', '2023-03-30 08:31:12'),
(80, 2, 16, '2023-03-30 08:31:12', '2023-03-30 08:31:12'),
(81, 2, 17, '2023-03-30 08:31:12', '2023-03-30 08:31:12'),
(82, 2, 18, '2023-03-30 08:31:12', '2023-03-30 08:31:12'),
(83, 2, 19, '2023-03-30 08:31:12', '2023-03-30 08:31:12'),
(84, 2, 20, '2023-03-30 08:31:12', '2023-03-30 08:31:12'),
(85, 2, 21, '2023-03-30 08:31:12', '2023-03-30 08:31:12'),
(86, 2, 22, '2023-03-30 08:31:12', '2023-03-30 08:31:12'),
(87, 2, 23, '2023-03-30 08:31:12', '2023-03-30 08:31:12');

-- --------------------------------------------------------

--
-- Table structure for table `users_goals`
--

CREATE TABLE `users_goals` (
  `id` bigint(20) UNSIGNED NOT NULL,
  `ind-goal` varchar(200) DEFAULT NULL,
  `idUser` bigint(20) UNSIGNED NOT NULL,
  `idType` bigint(20) UNSIGNED NOT NULL,
  `created_at` timestamp NULL DEFAULT NULL,
  `updated_at` timestamp NULL DEFAULT NULL
) ENGINE=InnoDB DEFAULT CHARSET=utf8mb4 COLLATE=utf8mb4_unicode_ci;

--
-- Dumping data for table `users_goals`
--

INSERT INTO `users_goals` (`id`, `ind-goal`, `idUser`, `idType`, `created_at`, `updated_at`) VALUES
(3, 'My individual goal', 2, 4, '2023-03-03 09:56:14', '2023-03-03 09:56:14'),
(8, NULL, 7, 5, '2023-03-12 16:09:34', '2023-03-12 16:09:34'),
(16, 'test', 8, 4, '2023-03-17 13:54:10', '2023-03-17 13:54:10');

-- --------------------------------------------------------

--
-- Table structure for table `weights`
--

CREATE TABLE `weights` (
  `id` bigint(20) UNSIGNED NOT NULL,
  `idUser` bigint(20) UNSIGNED NOT NULL,
  `weight` decimal(5,2) NOT NULL,
  `created_at` timestamp NULL DEFAULT NULL,
  `updated_at` timestamp NULL DEFAULT NULL
) ENGINE=InnoDB DEFAULT CHARSET=utf8mb4 COLLATE=utf8mb4_unicode_ci;

--
-- Dumping data for table `weights`
--

INSERT INTO `weights` (`id`, `idUser`, `weight`, `created_at`, `updated_at`) VALUES
(3, 2, '100.00', '2023-03-03 09:56:14', '2023-03-03 09:56:14'),
(8, 7, '85.00', '2023-03-12 16:09:34', '2023-03-12 16:09:34'),
(9, 8, '100.00', '2023-03-17 13:54:10', '2023-03-17 13:54:10'),
(10, 2, '111.00', '2022-03-16 14:14:17', NULL),
(11, 2, '103.00', '2022-04-13 13:14:49', NULL),
(12, 2, '95.00', '2022-05-10 13:15:10', NULL),
(13, 2, '89.00', '2022-06-15 13:15:27', NULL),
(14, 2, '85.00', '2022-07-21 13:15:42', NULL),
(15, 2, '79.00', '2022-08-18 13:15:56', NULL),
(16, 2, '81.00', '2022-09-20 13:16:20', NULL),
(17, 2, '86.00', '2022-10-18 13:16:42', NULL),
(18, 2, '91.00', '2022-11-06 14:17:00', NULL),
(19, 2, '96.00', '2022-12-14 14:17:12', NULL),
(20, 2, '101.00', '2023-01-17 14:17:29', NULL),
(21, 2, '110.00', '2023-02-14 14:18:24', NULL);

-- --------------------------------------------------------

--
-- Table structure for table `when_to_exercise`
--

CREATE TABLE `when_to_exercise` (
  `id` bigint(20) UNSIGNED NOT NULL,
  `name` varchar(50) NOT NULL
) ENGINE=InnoDB DEFAULT CHARSET=utf8mb4 COLLATE=utf8mb4_unicode_ci;

--
-- Dumping data for table `when_to_exercise`
--

INSERT INTO `when_to_exercise` (`id`, `name`) VALUES
(1, 'beginning'),
(2, 'does not metter'),
(3, 'end'),
(4, 'cardio'),
(5, 'streching');

--
-- Indexes for dumped tables
--

--
-- Indexes for table `days_per_weeks`
--
ALTER TABLE `days_per_weeks`
  ADD PRIMARY KEY (`id`),
  ADD KEY `days_per_weeks_iduser_foreign` (`idUser`),
  ADD KEY `days_per_weeks_idreason_foreign` (`idReason`);

--
-- Indexes for table `difficulties`
--
ALTER TABLE `difficulties`
  ADD PRIMARY KEY (`id`);

--
-- Indexes for table `equipments`
--
ALTER TABLE `equipments`
  ADD PRIMARY KEY (`id`);

--
-- Indexes for table `exercises`
--
ALTER TABLE `exercises`
  ADD PRIMARY KEY (`id`),
  ADD KEY `exercises_idprimary_exercised_foreign` (`idprimary_exercised`),
  ADD KEY `exercises_idsecondary_exercised_foreign` (`idsecondary_exercised`),
  ADD KEY `exercises_iddifficulty_foreign` (`idDifficulty`),
  ADD KEY `exercises_idtype_foreign` (`idType`),
  ADD KEY `exercises_idwhen_to_exercises_foreign` (`idWhen_to_exercise`);

--
-- Indexes for table `exercises_has_equipments`
--
ALTER TABLE `exercises_has_equipments`
  ADD KEY `exercises_has_equipments_idexercise_foreign` (`idExercise`),
  ADD KEY `exercises_has_equipments_idequipment_foreign` (`idEquipment`);

--
-- Indexes for table `experiences`
--
ALTER TABLE `experiences`
  ADD PRIMARY KEY (`id`);

--
-- Indexes for table `failed_jobs`
--
ALTER TABLE `failed_jobs`
  ADD PRIMARY KEY (`id`),
  ADD UNIQUE KEY `failed_jobs_uuid_unique` (`uuid`);

--
-- Indexes for table `genders`
--
ALTER TABLE `genders`
  ADD PRIMARY KEY (`id`);

--
-- Indexes for table `heights`
--
ALTER TABLE `heights`
  ADD PRIMARY KEY (`id`),
  ADD KEY `heights_iduser_foreign` (`idUser`);

--
-- Indexes for table `migrations`
--
ALTER TABLE `migrations`
  ADD PRIMARY KEY (`id`);

--
-- Indexes for table `part_exercised`
--
ALTER TABLE `part_exercised`
  ADD PRIMARY KEY (`id`);

--
-- Indexes for table `password_resets`
--
ALTER TABLE `password_resets`
  ADD KEY `password_resets_email_index` (`email`);

--
-- Indexes for table `password_reset_tokens`
--
ALTER TABLE `password_reset_tokens`
  ADD PRIMARY KEY (`email`);

--
-- Indexes for table `personal_access_tokens`
--
ALTER TABLE `personal_access_tokens`
  ADD PRIMARY KEY (`id`),
  ADD UNIQUE KEY `personal_access_tokens_token_unique` (`token`),
  ADD KEY `personal_access_tokens_tokenable_type_tokenable_id_index` (`tokenable_type`,`tokenable_id`);

--
-- Indexes for table `reasons`
--
ALTER TABLE `reasons`
  ADD PRIMARY KEY (`id`);

--
-- Indexes for table `set_reps`
--
ALTER TABLE `set_reps`
  ADD PRIMARY KEY (`id`),
  ADD KEY `set_reps_idtrainings_exercise_foreign` (`idTrainings_Exercise`);

--
-- Indexes for table `trainings`
--
ALTER TABLE `trainings`
  ADD PRIMARY KEY (`id`),
  ADD KEY `trainings_iduser_foreign` (`idUser`);

--
-- Indexes for table `trainings_exercises`
--
ALTER TABLE `trainings_exercises`
  ADD PRIMARY KEY (`id`),
  ADD KEY `trainings_exercises_idtraining_foreign` (`idTraining`),
  ADD KEY `trainings_exercises_idexercise_foreign` (`idExercise`);

--
-- Indexes for table `types`
--
ALTER TABLE `types`
  ADD PRIMARY KEY (`id`);

--
-- Indexes for table `users`
--
ALTER TABLE `users`
  ADD PRIMARY KEY (`id`),
  ADD UNIQUE KEY `users_username_unique` (`username`),
  ADD UNIQUE KEY `users_email_unique` (`email`),
  ADD KEY `users_idexperience_foreign` (`idExperience`),
  ADD KEY `users_idgender_foreign` (`idGender`);

--
-- Indexes for table `usershasequipments`
--
ALTER TABLE `usershasequipments`
  ADD PRIMARY KEY (`id`),
  ADD KEY `usershasequipments_iduser_foreign` (`idUser`),
  ADD KEY `usershasequipments_idequipment_foreign` (`idEquipment`);

--
-- Indexes for table `users_goals`
--
ALTER TABLE `users_goals`
  ADD PRIMARY KEY (`id`),
  ADD KEY `users_goals_iduser_foreign` (`idUser`),
  ADD KEY `users_goals_idtype_foreign` (`idType`);

--
-- Indexes for table `weights`
--
ALTER TABLE `weights`
  ADD PRIMARY KEY (`id`),
  ADD KEY `weights_iduser_foreign` (`idUser`);

--
-- Indexes for table `when_to_exercise`
--
ALTER TABLE `when_to_exercise`
  ADD PRIMARY KEY (`id`);

--
-- AUTO_INCREMENT for dumped tables
--

--
-- AUTO_INCREMENT for table `days_per_weeks`
--
ALTER TABLE `days_per_weeks`
  MODIFY `id` bigint(20) UNSIGNED NOT NULL AUTO_INCREMENT, AUTO_INCREMENT=10;

--
-- AUTO_INCREMENT for table `difficulties`
--
ALTER TABLE `difficulties`
  MODIFY `id` bigint(20) UNSIGNED NOT NULL AUTO_INCREMENT, AUTO_INCREMENT=4;

--
-- AUTO_INCREMENT for table `equipments`
--
ALTER TABLE `equipments`
  MODIFY `id` bigint(20) UNSIGNED NOT NULL AUTO_INCREMENT, AUTO_INCREMENT=24;

--
-- AUTO_INCREMENT for table `exercises`
--
ALTER TABLE `exercises`
  MODIFY `id` bigint(20) UNSIGNED NOT NULL AUTO_INCREMENT, AUTO_INCREMENT=183;

--
-- AUTO_INCREMENT for table `experiences`
--
ALTER TABLE `experiences`
  MODIFY `id` bigint(20) UNSIGNED NOT NULL AUTO_INCREMENT, AUTO_INCREMENT=5;

--
-- AUTO_INCREMENT for table `failed_jobs`
--
ALTER TABLE `failed_jobs`
  MODIFY `id` bigint(20) UNSIGNED NOT NULL AUTO_INCREMENT;

--
-- AUTO_INCREMENT for table `genders`
--
ALTER TABLE `genders`
  MODIFY `id` bigint(20) UNSIGNED NOT NULL AUTO_INCREMENT, AUTO_INCREMENT=4;

--
-- AUTO_INCREMENT for table `heights`
--
ALTER TABLE `heights`
  MODIFY `id` bigint(20) UNSIGNED NOT NULL AUTO_INCREMENT, AUTO_INCREMENT=12;

--
-- AUTO_INCREMENT for table `migrations`
--
ALTER TABLE `migrations`
  MODIFY `id` int(10) UNSIGNED NOT NULL AUTO_INCREMENT, AUTO_INCREMENT=29;

--
-- AUTO_INCREMENT for table `part_exercised`
--
ALTER TABLE `part_exercised`
  MODIFY `id` bigint(20) UNSIGNED NOT NULL AUTO_INCREMENT, AUTO_INCREMENT=17;

--
-- AUTO_INCREMENT for table `personal_access_tokens`
--
ALTER TABLE `personal_access_tokens`
  MODIFY `id` bigint(20) UNSIGNED NOT NULL AUTO_INCREMENT;

--
-- AUTO_INCREMENT for table `reasons`
--
ALTER TABLE `reasons`
  MODIFY `id` bigint(20) UNSIGNED NOT NULL AUTO_INCREMENT, AUTO_INCREMENT=5;

--
-- AUTO_INCREMENT for table `set_reps`
--
ALTER TABLE `set_reps`
  MODIFY `id` bigint(20) UNSIGNED NOT NULL AUTO_INCREMENT, AUTO_INCREMENT=6903;

--
-- AUTO_INCREMENT for table `trainings`
--
ALTER TABLE `trainings`
  MODIFY `id` bigint(20) UNSIGNED NOT NULL AUTO_INCREMENT, AUTO_INCREMENT=189;

--
-- AUTO_INCREMENT for table `trainings_exercises`
--
ALTER TABLE `trainings_exercises`
  MODIFY `id` bigint(20) UNSIGNED NOT NULL AUTO_INCREMENT, AUTO_INCREMENT=1490;

--
-- AUTO_INCREMENT for table `types`
--
ALTER TABLE `types`
  MODIFY `id` bigint(20) UNSIGNED NOT NULL AUTO_INCREMENT, AUTO_INCREMENT=6;

--
-- AUTO_INCREMENT for table `users`
--
ALTER TABLE `users`
  MODIFY `id` bigint(20) UNSIGNED NOT NULL AUTO_INCREMENT, AUTO_INCREMENT=9;

--
-- AUTO_INCREMENT for table `usershasequipments`
--
ALTER TABLE `usershasequipments`
  MODIFY `id` bigint(20) UNSIGNED NOT NULL AUTO_INCREMENT, AUTO_INCREMENT=88;

--
-- AUTO_INCREMENT for table `users_goals`
--
ALTER TABLE `users_goals`
  MODIFY `id` bigint(20) UNSIGNED NOT NULL AUTO_INCREMENT, AUTO_INCREMENT=17;

--
-- AUTO_INCREMENT for table `weights`
--
ALTER TABLE `weights`
  MODIFY `id` bigint(20) UNSIGNED NOT NULL AUTO_INCREMENT, AUTO_INCREMENT=22;

--
-- AUTO_INCREMENT for table `when_to_exercise`
--
ALTER TABLE `when_to_exercise`
  MODIFY `id` bigint(20) UNSIGNED NOT NULL AUTO_INCREMENT, AUTO_INCREMENT=6;

--
-- Constraints for dumped tables
--

--
-- Constraints for table `days_per_weeks`
--
ALTER TABLE `days_per_weeks`
  ADD CONSTRAINT `days_per_weeks_idreason_foreign` FOREIGN KEY (`idReason`) REFERENCES `reasons` (`id`) ON DELETE CASCADE,
  ADD CONSTRAINT `days_per_weeks_iduser_foreign` FOREIGN KEY (`idUser`) REFERENCES `users` (`id`) ON DELETE CASCADE;

--
-- Constraints for table `exercises`
--
ALTER TABLE `exercises`
  ADD CONSTRAINT `exercises_iddifficulty_foreign` FOREIGN KEY (`idDifficulty`) REFERENCES `difficulties` (`id`) ON DELETE CASCADE,
  ADD CONSTRAINT `exercises_idprimary_exercised_foreign` FOREIGN KEY (`idprimary_exercised`) REFERENCES `part_exercised` (`id`) ON DELETE CASCADE,
  ADD CONSTRAINT `exercises_idsecondary_exercised_foreign` FOREIGN KEY (`idsecondary_exercised`) REFERENCES `part_exercised` (`id`) ON DELETE CASCADE,
  ADD CONSTRAINT `exercises_idtype_foreign` FOREIGN KEY (`idType`) REFERENCES `types` (`id`) ON DELETE CASCADE,
  ADD CONSTRAINT `exercises_idwhen_to_exercises_foreign` FOREIGN KEY (`idWhen_to_exercise`) REFERENCES `when_to_exercise` (`id`) ON DELETE CASCADE;

--
-- Constraints for table `exercises_has_equipments`
--
ALTER TABLE `exercises_has_equipments`
  ADD CONSTRAINT `exercises_has_equipments_idequipment_foreign` FOREIGN KEY (`idEquipment`) REFERENCES `equipments` (`id`) ON DELETE CASCADE,
  ADD CONSTRAINT `exercises_has_equipments_idexercise_foreign` FOREIGN KEY (`idExercise`) REFERENCES `exercises` (`id`) ON DELETE CASCADE;

--
-- Constraints for table `heights`
--
ALTER TABLE `heights`
  ADD CONSTRAINT `heights_iduser_foreign` FOREIGN KEY (`idUser`) REFERENCES `users` (`id`) ON DELETE CASCADE;

--
-- Constraints for table `set_reps`
--
ALTER TABLE `set_reps`
  ADD CONSTRAINT `set_reps_idtrainings_exercise_foreign` FOREIGN KEY (`idTrainings_Exercise`) REFERENCES `trainings_exercises` (`id`) ON DELETE CASCADE;

--
-- Constraints for table `trainings`
--
ALTER TABLE `trainings`
  ADD CONSTRAINT `trainings_iduser_foreign` FOREIGN KEY (`idUser`) REFERENCES `users` (`id`) ON DELETE CASCADE;

--
-- Constraints for table `trainings_exercises`
--
ALTER TABLE `trainings_exercises`
  ADD CONSTRAINT `trainings_exercises_idexercise_foreign` FOREIGN KEY (`idExercise`) REFERENCES `exercises` (`id`) ON DELETE CASCADE,
  ADD CONSTRAINT `trainings_exercises_idtraining_foreign` FOREIGN KEY (`idTraining`) REFERENCES `trainings` (`id`) ON DELETE CASCADE;

--
-- Constraints for table `users`
--
ALTER TABLE `users`
  ADD CONSTRAINT `users_idexperience_foreign` FOREIGN KEY (`idExperience`) REFERENCES `experiences` (`id`) ON DELETE CASCADE,
  ADD CONSTRAINT `users_idgender_foreign` FOREIGN KEY (`idGender`) REFERENCES `genders` (`id`) ON DELETE CASCADE;

--
-- Constraints for table `usershasequipments`
--
ALTER TABLE `usershasequipments`
  ADD CONSTRAINT `usershasequipments_idequipment_foreign` FOREIGN KEY (`idEquipment`) REFERENCES `equipments` (`id`) ON DELETE CASCADE,
  ADD CONSTRAINT `usershasequipments_iduser_foreign` FOREIGN KEY (`idUser`) REFERENCES `users` (`id`) ON DELETE CASCADE;

--
-- Constraints for table `users_goals`
--
ALTER TABLE `users_goals`
  ADD CONSTRAINT `users_goals_idtype_foreign` FOREIGN KEY (`idType`) REFERENCES `types` (`id`) ON DELETE CASCADE,
  ADD CONSTRAINT `users_goals_iduser_foreign` FOREIGN KEY (`idUser`) REFERENCES `users` (`id`) ON DELETE CASCADE;

--
-- Constraints for table `weights`
--
ALTER TABLE `weights`
  ADD CONSTRAINT `weights_iduser_foreign` FOREIGN KEY (`idUser`) REFERENCES `users` (`id`) ON DELETE CASCADE;
COMMIT;

/*!40101 SET CHARACTER_SET_CLIENT=@OLD_CHARACTER_SET_CLIENT */;
/*!40101 SET CHARACTER_SET_RESULTS=@OLD_CHARACTER_SET_RESULTS */;
/*!40101 SET COLLATION_CONNECTION=@OLD_COLLATION_CONNECTION */;
